name,family,level_pct,replicate,seed,group,float_spikes,fixed_spikes,float_change_pct,fixed_change_pct,float_degradation_pct,fixed_degradation_pct,float_fixed_abs_spike_difference,event_f1,state_saturation_events,accumulator_saturation_events,target
intact,intact,0.0,0,,vPN1,222,222,0.0,0.0,0.0,0.0,0,1.0,0,0,
intact,intact,0.0,0,,pC1,1735,1735,0.0,0.0,0.0,0.0,0,1.0,0,0,
intact,intact,0.0,0,,pIP10,109,109,0.0,0.0,0.0,0.0,0,1.0,0,0,
intact,intact,0.0,0,,pMP2,9,9,0.0,0.0,0.0,0.0,0,1.0,0,0,
synapse_deletion_05_r0,synapse_deletion,5.0,0,20261425.0,vPN1,263,263,18.46846846846847,18.46846846846847,18.46846846846847,18.46846846846847,0,1.0,0,0,
synapse_deletion_05_r0,synapse_deletion,5.0,0,20261425.0,pC1,1671,1671,-3.6887608069164264,-3.6887608069164264,3.6887608069164264,3.6887608069164264,0,1.0,0,0,
synapse_deletion_05_r0,synapse_deletion,5.0,0,20261425.0,pIP10,89,89,-18.34862385321101,-18.34862385321101,18.34862385321101,18.34862385321101,0,1.0,0,0,
synapse_deletion_05_r0,synapse_deletion,5.0,0,20261425.0,pMP2,2,2,-77.77777777777777,-77.77777777777777,77.77777777777777,77.77777777777777,0,1.0,0,0,
synapse_deletion_05_r1,synapse_deletion,5.0,1,20261426.0,vPN1,108,108,-51.351351351351354,-51.351351351351354,51.351351351351354,51.351351351351354,0,1.0,0,0,
synapse_deletion_05_r1,synapse_deletion,5.0,1,20261426.0,pC1,1222,1222,-29.56772334293948,-29.56772334293948,29.56772334293948,29.56772334293948,0,1.0,0,0,
synapse_deletion_05_r1,synapse_deletion,5.0,1,20261426.0,pIP10,72,72,-33.944954128440365,-33.944954128440365,33.944954128440365,33.944954128440365,0,1.0,0,0,
synapse_deletion_05_r1,synapse_deletion,5.0,1,20261426.0,pMP2,2,2,-77.77777777777777,-77.77777777777777,77.77777777777777,77.77777777777777,0,1.0,0,0,
synapse_deletion_05_r2,synapse_deletion,5.0,2,20261427.0,vPN1,158,158,-28.82882882882883,-28.82882882882883,28.82882882882883,28.82882882882883,0,1.0,0,0,
synapse_deletion_05_r2,synapse_deletion,5.0,2,20261427.0,pC1,1418,1418,-18.270893371757925,-18.270893371757925,18.270893371757925,18.270893371757925,0,1.0,0,0,
synapse_deletion_05_r2,synapse_deletion,5.0,2,20261427.0,pIP10,96,96,-11.926605504587156,-11.926605504587156,11.926605504587156,11.926605504587156,0,1.0,0,0,
synapse_deletion_05_r2,synapse_deletion,5.0,2,20261427.0,pMP2,5,5,-44.44444444444444,-44.44444444444444,44.44444444444444,44.44444444444444,0,1.0,0,0,
synapse_deletion_05_r3,synapse_deletion,5.0,3,20261428.0,vPN1,124,124,-44.14414414414414,-44.14414414414414,44.14414414414414,44.14414414414414,0,1.0,0,0,
synapse_deletion_05_r3,synapse_deletion,5.0,3,20261428.0,pC1,1321,1321,-23.861671469740635,-23.861671469740635,23.861671469740635,23.861671469740635,0,1.0,0,0,
synapse_deletion_05_r3,synapse_deletion,5.0,3,20261428.0,pIP10,96,96,-11.926605504587156,-11.926605504587156,11.926605504587156,11.926605504587156,0,1.0,0,0,
synapse_deletion_05_r3,synapse_deletion,5.0,3,20261428.0,pMP2,4,4,-55.55555555555556,-55.55555555555556,55.55555555555556,55.55555555555556,0,1.0,0,0,
synapse_deletion_05_r4,synapse_deletion,5.0,4,20261429.0,vPN1,135,135,-39.189189189189186,-39.189189189189186,39.189189189189186,39.189189189189186,0,1.0,0,0,
synapse_deletion_05_r4,synapse_deletion,5.0,4,20261429.0,pC1,1403,1403,-19.135446685878964,-19.135446685878964,19.135446685878964,19.135446685878964,0,1.0,0,0,
synapse_deletion_05_r4,synapse_deletion,5.0,4,20261429.0,pIP10,78,78,-28.440366972477065,-28.440366972477065,28.440366972477065,28.440366972477065,0,1.0,0,0,
synapse_deletion_05_r4,synapse_deletion,5.0,4,20261429.0,pMP2,9,9,0.0,0.0,0.0,0.0,0,1.0,0,0,
synapse_deletion_10_r0,synapse_deletion,10.0,0,20261925.0,vPN1,111,111,-50.0,-50.0,50.0,50.0,0,1.0,0,0,
synapse_deletion_10_r0,synapse_deletion,10.0,0,20261925.0,pC1,1563,1563,-9.913544668587896,-9.913544668587896,9.913544668587896,9.913544668587896,0,1.0,0,0,
synapse_deletion_10_r0,synapse_deletion,10.0,0,20261925.0,pIP10,80,80,-26.605504587155963,-26.605504587155963,26.605504587155963,26.605504587155963,0,1.0,0,0,
synapse_deletion_10_r0,synapse_deletion,10.0,0,20261925.0,pMP2,2,2,-77.77777777777777,-77.77777777777777,77.77777777777777,77.77777777777777,0,1.0,0,0,
synapse_deletion_10_r1,synapse_deletion,10.0,1,20261926.0,vPN1,128,128,-42.34234234234234,-42.34234234234234,42.34234234234234,42.34234234234234,0,1.0,0,0,
synapse_deletion_10_r1,synapse_deletion,10.0,1,20261926.0,pC1,1395,1395,-19.596541786743515,-19.596541786743515,19.596541786743515,19.596541786743515,0,1.0,0,0,
synapse_deletion_10_r1,synapse_deletion,10.0,1,20261926.0,pIP10,62,62,-43.11926605504587,-43.11926605504587,43.11926605504587,43.11926605504587,0,1.0,0,0,
synapse_deletion_10_r1,synapse_deletion,10.0,1,20261926.0,pMP2,0,0,-100.0,-100.0,100.0,100.0,0,1.0,0,0,
synapse_deletion_10_r2,synapse_deletion,10.0,2,20261927.0,vPN1,107,107,-51.8018018018018,-51.8018018018018,51.8018018018018,51.8018018018018,0,1.0,0,0,
synapse_deletion_10_r2,synapse_deletion,10.0,2,20261927.0,pC1,995,995,-42.65129682997118,-42.65129682997118,42.65129682997118,42.65129682997118,0,1.0,0,0,
synapse_deletion_10_r2,synapse_deletion,10.0,2,20261927.0,pIP10,71,71,-34.862385321100916,-34.862385321100916,34.862385321100916,34.862385321100916,0,1.0,0,0,
synapse_deletion_10_r2,synapse_deletion,10.0,2,20261927.0,pMP2,15,15,66.66666666666667,66.66666666666667,66.66666666666667,66.66666666666667,0,1.0,0,0,
synapse_deletion_10_r3,synapse_deletion,10.0,3,20261928.0,vPN1,216,216,-2.7027027027027026,-2.7027027027027026,2.7027027027027026,2.7027027027027026,0,1.0,0,0,
synapse_deletion_10_r3,synapse_deletion,10.0,3,20261928.0,pC1,1496,1496,-13.77521613832853,-13.77521613832853,13.77521613832853,13.77521613832853,0,1.0,0,0,
synapse_deletion_10_r3,synapse_deletion,10.0,3,20261928.0,pIP10,135,135,23.853211009174313,23.853211009174313,23.853211009174313,23.853211009174313,0,1.0,0,0,
synapse_deletion_10_r3,synapse_deletion,10.0,3,20261928.0,pMP2,47,47,422.22222222222223,422.22222222222223,422.22222222222223,422.22222222222223,0,1.0,0,0,
synapse_deletion_10_r4,synapse_deletion,10.0,4,20261929.0,vPN1,83,83,-62.612612612612615,-62.612612612612615,62.612612612612615,62.612612612612615,0,1.0,0,0,
synapse_deletion_10_r4,synapse_deletion,10.0,4,20261929.0,pC1,1064,1064,-38.674351585014406,-38.674351585014406,38.674351585014406,38.674351585014406,0,1.0,0,0,
synapse_deletion_10_r4,synapse_deletion,10.0,4,20261929.0,pIP10,79,79,-27.522935779816514,-27.522935779816514,27.522935779816514,27.522935779816514,0,1.0,0,0,
synapse_deletion_10_r4,synapse_deletion,10.0,4,20261929.0,pMP2,11,11,22.22222222222222,22.22222222222222,22.22222222222222,22.22222222222222,0,1.0,0,0,
synapse_deletion_20_r0,synapse_deletion,20.0,0,20262925.0,vPN1,39,39,-82.43243243243244,-82.43243243243244,82.43243243243244,82.43243243243244,0,1.0,0,0,
synapse_deletion_20_r0,synapse_deletion,20.0,0,20262925.0,pC1,872,872,-49.74063400576369,-49.74063400576369,49.74063400576369,49.74063400576369,0,1.0,0,0,
synapse_deletion_20_r0,synapse_deletion,20.0,0,20262925.0,pIP10,50,50,-54.12844036697248,-54.12844036697248,54.12844036697248,54.12844036697248,0,1.0,0,0,
synapse_deletion_20_r0,synapse_deletion,20.0,0,20262925.0,pMP2,14,14,55.55555555555556,55.55555555555556,55.55555555555556,55.55555555555556,0,1.0,0,0,
synapse_deletion_20_r1,synapse_deletion,20.0,1,20262926.0,vPN1,14,14,-93.69369369369369,-93.69369369369369,93.69369369369369,93.69369369369369,0,1.0,0,0,
synapse_deletion_20_r1,synapse_deletion,20.0,1,20262926.0,pC1,767,767,-55.79250720461095,-55.79250720461095,55.79250720461095,55.79250720461095,0,1.0,0,0,
synapse_deletion_20_r1,synapse_deletion,20.0,1,20262926.0,pIP10,80,80,-26.605504587155963,-26.605504587155963,26.605504587155963,26.605504587155963,0,1.0,0,0,
synapse_deletion_20_r1,synapse_deletion,20.0,1,20262926.0,pMP2,1,1,-88.88888888888889,-88.88888888888889,88.88888888888889,88.88888888888889,0,1.0,0,0,
synapse_deletion_20_r2,synapse_deletion,20.0,2,20262927.0,vPN1,84,84,-62.16216216216216,-62.16216216216216,62.16216216216216,62.16216216216216,0,1.0,0,0,
synapse_deletion_20_r2,synapse_deletion,20.0,2,20262927.0,pC1,1007,1007,-41.95965417867435,-41.95965417867435,41.95965417867435,41.95965417867435,0,1.0,0,0,
synapse_deletion_20_r2,synapse_deletion,20.0,2,20262927.0,pIP10,88,88,-19.26605504587156,-19.26605504587156,19.26605504587156,19.26605504587156,0,1.0,0,0,
synapse_deletion_20_r2,synapse_deletion,20.0,2,20262927.0,pMP2,3,3,-66.66666666666667,-66.66666666666667,66.66666666666667,66.66666666666667,0,1.0,0,0,
synapse_deletion_20_r3,synapse_deletion,20.0,3,20262928.0,vPN1,178,178,-19.81981981981982,-19.81981981981982,19.81981981981982,19.81981981981982,0,1.0,0,0,
synapse_deletion_20_r3,synapse_deletion,20.0,3,20262928.0,pC1,1375,1375,-20.7492795389049,-20.7492795389049,20.7492795389049,20.7492795389049,0,1.0,0,0,
synapse_deletion_20_r3,synapse_deletion,20.0,3,20262928.0,pIP10,100,100,-8.256880733944953,-8.256880733944953,8.256880733944953,8.256880733944953,0,1.0,0,0,
synapse_deletion_20_r3,synapse_deletion,20.0,3,20262928.0,pMP2,9,9,0.0,0.0,0.0,0.0,0,1.0,0,0,
synapse_deletion_20_r4,synapse_deletion,20.0,4,20262929.0,vPN1,46,46,-79.27927927927928,-79.27927927927928,79.27927927927928,79.27927927927928,0,0.9999872387126413,0,0,
synapse_deletion_20_r4,synapse_deletion,20.0,4,20262929.0,pC1,1166,1166,-32.79538904899135,-32.79538904899135,32.79538904899135,32.79538904899135,0,0.9999872387126413,0,0,
synapse_deletion_20_r4,synapse_deletion,20.0,4,20262929.0,pIP10,32,32,-70.64220183486239,-70.64220183486239,70.64220183486239,70.64220183486239,0,0.9999872387126413,0,0,
synapse_deletion_20_r4,synapse_deletion,20.0,4,20262929.0,pMP2,5,5,-44.44444444444444,-44.44444444444444,44.44444444444444,44.44444444444444,0,0.9999872387126413,0,0,
neuron_failure_05_r0,neuron_failure,5.0,0,20271425.0,vPN1,200,200,-9.90990990990991,-9.90990990990991,9.90990990990991,9.90990990990991,0,1.0,0,0,
neuron_failure_05_r0,neuron_failure,5.0,0,20271425.0,pC1,1120,1120,-35.44668587896253,-35.44668587896253,35.44668587896253,35.44668587896253,0,1.0,0,0,
neuron_failure_05_r0,neuron_failure,5.0,0,20271425.0,pIP10,89,89,-18.34862385321101,-18.34862385321101,18.34862385321101,18.34862385321101,0,1.0,0,0,
neuron_failure_05_r0,neuron_failure,5.0,0,20271425.0,pMP2,34,34,277.77777777777777,277.77777777777777,277.77777777777777,277.77777777777777,0,1.0,0,0,
neuron_failure_05_r1,neuron_failure,5.0,1,20271426.0,vPN1,198,198,-10.81081081081081,-10.81081081081081,10.81081081081081,10.81081081081081,0,1.0,0,0,
neuron_failure_05_r1,neuron_failure,5.0,1,20271426.0,pC1,1493,1493,-13.948126801152737,-13.948126801152737,13.948126801152737,13.948126801152737,0,1.0,0,0,
neuron_failure_05_r1,neuron_failure,5.0,1,20271426.0,pIP10,99,99,-9.174311926605505,-9.174311926605505,9.174311926605505,9.174311926605505,0,1.0,0,0,
neuron_failure_05_r1,neuron_failure,5.0,1,20271426.0,pMP2,17,17,88.88888888888889,88.88888888888889,88.88888888888889,88.88888888888889,0,1.0,0,0,
neuron_failure_05_r2,neuron_failure,5.0,2,20271427.0,vPN1,112,112,-49.549549549549546,-49.549549549549546,49.549549549549546,49.549549549549546,0,1.0,0,0,
neuron_failure_05_r2,neuron_failure,5.0,2,20271427.0,pC1,1637,1637,-5.648414985590778,-5.648414985590778,5.648414985590778,5.648414985590778,0,1.0,0,0,
neuron_failure_05_r2,neuron_failure,5.0,2,20271427.0,pIP10,79,79,-27.522935779816514,-27.522935779816514,27.522935779816514,27.522935779816514,0,1.0,0,0,
neuron_failure_05_r2,neuron_failure,5.0,2,20271427.0,pMP2,1,1,-88.88888888888889,-88.88888888888889,88.88888888888889,88.88888888888889,0,1.0,0,0,
neuron_failure_05_r3,neuron_failure,5.0,3,20271428.0,vPN1,212,212,-4.504504504504505,-4.504504504504505,4.504504504504505,4.504504504504505,0,1.0,0,0,
neuron_failure_05_r3,neuron_failure,5.0,3,20271428.0,pC1,1568,1568,-9.62536023054755,-9.62536023054755,9.62536023054755,9.62536023054755,0,1.0,0,0,
neuron_failure_05_r3,neuron_failure,5.0,3,20271428.0,pIP10,76,76,-30.275229357798164,-30.275229357798164,30.275229357798164,30.275229357798164,0,1.0,0,0,
neuron_failure_05_r3,neuron_failure,5.0,3,20271428.0,pMP2,4,4,-55.55555555555556,-55.55555555555556,55.55555555555556,55.55555555555556,0,1.0,0,0,
neuron_failure_05_r4,neuron_failure,5.0,4,20271429.0,vPN1,205,205,-7.657657657657658,-7.657657657657658,7.657657657657658,7.657657657657658,0,1.0,0,0,
neuron_failure_05_r4,neuron_failure,5.0,4,20271429.0,pC1,1521,1521,-12.3342939481268,-12.3342939481268,12.3342939481268,12.3342939481268,0,1.0,0,0,
neuron_failure_05_r4,neuron_failure,5.0,4,20271429.0,pIP10,45,45,-58.71559633027523,-58.71559633027523,58.71559633027523,58.71559633027523,0,1.0,0,0,
neuron_failure_05_r4,neuron_failure,5.0,4,20271429.0,pMP2,0,0,-100.0,-100.0,100.0,100.0,0,1.0,0,0,
neuron_failure_10_r0,neuron_failure,10.0,0,20271925.0,vPN1,110,110,-50.450450450450454,-50.450450450450454,50.450450450450454,50.450450450450454,0,1.0,0,0,
neuron_failure_10_r0,neuron_failure,10.0,0,20271925.0,pC1,1457,1457,-16.023054755043226,-16.023054755043226,16.023054755043226,16.023054755043226,0,1.0,0,0,
neuron_failure_10_r0,neuron_failure,10.0,0,20271925.0,pIP10,45,45,-58.71559633027523,-58.71559633027523,58.71559633027523,58.71559633027523,0,1.0,0,0,
neuron_failure_10_r0,neuron_failure,10.0,0,20271925.0,pMP2,2,2,-77.77777777777777,-77.77777777777777,77.77777777777777,77.77777777777777,0,1.0,0,0,
neuron_failure_10_r1,neuron_failure,10.0,1,20271926.0,vPN1,83,83,-62.612612612612615,-62.612612612612615,62.612612612612615,62.612612612612615,0,1.0,0,0,
neuron_failure_10_r1,neuron_failure,10.0,1,20271926.0,pC1,932,932,-46.28242074927954,-46.28242074927954,46.28242074927954,46.28242074927954,0,1.0,0,0,
neuron_failure_10_r1,neuron_failure,10.0,1,20271926.0,pIP10,46,46,-57.79816513761468,-57.79816513761468,57.79816513761468,57.79816513761468,0,1.0,0,0,
neuron_failure_10_r1,neuron_failure,10.0,1,20271926.0,pMP2,5,5,-44.44444444444444,-44.44444444444444,44.44444444444444,44.44444444444444,0,1.0,0,0,
neuron_failure_10_r2,neuron_failure,10.0,2,20271927.0,vPN1,92,92,-58.55855855855856,-58.55855855855856,58.55855855855856,58.55855855855856,0,1.0,0,0,
neuron_failure_10_r2,neuron_failure,10.0,2,20271927.0,pC1,999,999,-42.4207492795389,-42.4207492795389,42.4207492795389,42.4207492795389,0,1.0,0,0,
neuron_failure_10_r2,neuron_failure,10.0,2,20271927.0,pIP10,35,35,-67.88990825688073,-67.88990825688073,67.88990825688073,67.88990825688073,0,1.0,0,0,
neuron_failure_10_r2,neuron_failure,10.0,2,20271927.0,pMP2,6,6,-33.333333333333336,-33.333333333333336,33.333333333333336,33.333333333333336,0,1.0,0,0,
neuron_failure_10_r3,neuron_failure,10.0,3,20271928.0,vPN1,23,23,-89.63963963963964,-89.63963963963964,89.63963963963964,89.63963963963964,0,1.0,0,0,
neuron_failure_10_r3,neuron_failure,10.0,3,20271928.0,pC1,1400,1400,-19.30835734870317,-19.30835734870317,19.30835734870317,19.30835734870317,0,1.0,0,0,
neuron_failure_10_r3,neuron_failure,10.0,3,20271928.0,pIP10,34,34,-68.80733944954129,-68.80733944954129,68.80733944954129,68.80733944954129,0,1.0,0,0,
neuron_failure_10_r3,neuron_failure,10.0,3,20271928.0,pMP2,3,3,-66.66666666666667,-66.66666666666667,66.66666666666667,66.66666666666667,0,1.0,0,0,
neuron_failure_10_r4,neuron_failure,10.0,4,20271929.0,vPN1,23,23,-89.63963963963964,-89.63963963963964,89.63963963963964,89.63963963963964,0,1.0,0,0,
neuron_failure_10_r4,neuron_failure,10.0,4,20271929.0,pC1,797,797,-54.06340057636888,-54.06340057636888,54.06340057636888,54.06340057636888,0,1.0,0,0,
neuron_failure_10_r4,neuron_failure,10.0,4,20271929.0,pIP10,70,70,-35.77981651376147,-35.77981651376147,35.77981651376147,35.77981651376147,0,1.0,0,0,
neuron_failure_10_r4,neuron_failure,10.0,4,20271929.0,pMP2,4,4,-55.55555555555556,-55.55555555555556,55.55555555555556,55.55555555555556,0,1.0,0,0,
neuron_failure_20_r0,neuron_failure,20.0,0,20272925.0,vPN1,12,12,-94.5945945945946,-94.5945945945946,94.5945945945946,94.5945945945946,0,1.0,0,0,
neuron_failure_20_r0,neuron_failure,20.0,0,20272925.0,pC1,648,648,-62.65129682997118,-62.65129682997118,62.65129682997118,62.65129682997118,0,1.0,0,0,
neuron_failure_20_r0,neuron_failure,20.0,0,20272925.0,pIP10,3,3,-97.24770642201835,-97.24770642201835,97.24770642201835,97.24770642201835,0,1.0,0,0,
neuron_failure_20_r0,neuron_failure,20.0,0,20272925.0,pMP2,2,2,-77.77777777777777,-77.77777777777777,77.77777777777777,77.77777777777777,0,1.0,0,0,
neuron_failure_20_r1,neuron_failure,20.0,1,20272926.0,vPN1,12,12,-94.5945945945946,-94.5945945945946,94.5945945945946,94.5945945945946,0,1.0,0,0,
neuron_failure_20_r1,neuron_failure,20.0,1,20272926.0,pC1,1077,1077,-37.92507204610951,-37.92507204610951,37.92507204610951,37.92507204610951,0,1.0,0,0,
neuron_failure_20_r1,neuron_failure,20.0,1,20272926.0,pIP10,153,153,40.36697247706422,40.36697247706422,40.36697247706422,40.36697247706422,0,1.0,0,0,
neuron_failure_20_r1,neuron_failure,20.0,1,20272926.0,pMP2,19,19,111.11111111111111,111.11111111111111,111.11111111111111,111.11111111111111,0,1.0,0,0,
neuron_failure_20_r2,neuron_failure,20.0,2,20272927.0,vPN1,1,1,-99.54954954954955,-99.54954954954955,99.54954954954955,99.54954954954955,0,1.0,0,0,
neuron_failure_20_r2,neuron_failure,20.0,2,20272927.0,pC1,1081,1081,-37.694524495677236,-37.694524495677236,37.694524495677236,37.694524495677236,0,1.0,0,0,
neuron_failure_20_r2,neuron_failure,20.0,2,20272927.0,pIP10,84,84,-22.93577981651376,-22.93577981651376,22.93577981651376,22.93577981651376,0,1.0,0,0,
neuron_failure_20_r2,neuron_failure,20.0,2,20272927.0,pMP2,0,0,-100.0,-100.0,100.0,100.0,0,1.0,0,0,
neuron_failure_20_r3,neuron_failure,20.0,3,20272928.0,vPN1,163,163,-26.576576576576578,-26.576576576576578,26.576576576576578,26.576576576576578,0,1.0,0,0,
neuron_failure_20_r3,neuron_failure,20.0,3,20272928.0,pC1,1288,1288,-25.763688760806918,-25.763688760806918,25.763688760806918,25.763688760806918,0,1.0,0,0,
neuron_failure_20_r3,neuron_failure,20.0,3,20272928.0,pIP10,92,92,-15.596330275229358,-15.596330275229358,15.596330275229358,15.596330275229358,0,1.0,0,0,
neuron_failure_20_r3,neuron_failure,20.0,3,20272928.0,pMP2,0,0,-100.0,-100.0,100.0,100.0,0,1.0,0,0,
neuron_failure_20_r4,neuron_failure,20.0,4,20272929.0,vPN1,1,1,-99.54954954954955,-99.54954954954955,99.54954954954955,99.54954954954955,0,1.0,0,0,
neuron_failure_20_r4,neuron_failure,20.0,4,20272929.0,pC1,1468,1468,-15.389048991354468,-15.389048991354468,15.389048991354468,15.389048991354468,0,1.0,0,0,
neuron_failure_20_r4,neuron_failure,20.0,4,20272929.0,pIP10,154,154,41.28440366972477,41.28440366972477,41.28440366972477,41.28440366972477,0,1.0,0,0,
neuron_failure_20_r4,neuron_failure,20.0,4,20272929.0,pMP2,23,23,155.55555555555554,155.55555555555554,155.55555555555554,155.55555555555554,0,1.0,0,0,
weight_jitter_05_r0,weight_jitter,5.0,0,20281425.0,vPN1,234,234,5.405405405405405,5.405405405405405,5.405405405405405,5.405405405405405,0,1.0,0,0,
weight_jitter_05_r0,weight_jitter,5.0,0,20281425.0,pC1,1822,1822,5.014409221902017,5.014409221902017,5.014409221902017,5.014409221902017,0,1.0,0,0,
weight_jitter_05_r0,weight_jitter,5.0,0,20281425.0,pIP10,122,122,11.926605504587156,11.926605504587156,11.926605504587156,11.926605504587156,0,1.0,0,0,
weight_jitter_05_r0,weight_jitter,5.0,0,20281425.0,pMP2,4,4,-55.55555555555556,-55.55555555555556,55.55555555555556,55.55555555555556,0,1.0,0,0,
weight_jitter_05_r1,weight_jitter,5.0,1,20281426.0,vPN1,170,170,-23.423423423423422,-23.423423423423422,23.423423423423422,23.423423423423422,0,1.0,0,0,
weight_jitter_05_r1,weight_jitter,5.0,1,20281426.0,pC1,1238,1238,-28.645533141210375,-28.645533141210375,28.645533141210375,28.645533141210375,0,1.0,0,0,
weight_jitter_05_r1,weight_jitter,5.0,1,20281426.0,pIP10,87,87,-20.18348623853211,-20.18348623853211,20.18348623853211,20.18348623853211,0,1.0,0,0,
weight_jitter_05_r1,weight_jitter,5.0,1,20281426.0,pMP2,3,3,-66.66666666666667,-66.66666666666667,66.66666666666667,66.66666666666667,0,1.0,0,0,
weight_jitter_05_r2,weight_jitter,5.0,2,20281427.0,vPN1,203,203,-8.558558558558559,-8.558558558558559,8.558558558558559,8.558558558558559,0,1.0,0,0,
weight_jitter_05_r2,weight_jitter,5.0,2,20281427.0,pC1,1480,1480,-14.697406340057636,-14.697406340057636,14.697406340057636,14.697406340057636,0,1.0,0,0,
weight_jitter_05_r2,weight_jitter,5.0,2,20281427.0,pIP10,88,88,-19.26605504587156,-19.26605504587156,19.26605504587156,19.26605504587156,0,1.0,0,0,
weight_jitter_05_r2,weight_jitter,5.0,2,20281427.0,pMP2,4,4,-55.55555555555556,-55.55555555555556,55.55555555555556,55.55555555555556,0,1.0,0,0,
weight_jitter_05_r3,weight_jitter,5.0,3,20281428.0,vPN1,204,204,-8.108108108108109,-8.108108108108109,8.108108108108109,8.108108108108109,0,1.0,0,0,
weight_jitter_05_r3,weight_jitter,5.0,3,20281428.0,pC1,1429,1429,-17.636887608069163,-17.636887608069163,17.636887608069163,17.636887608069163,0,1.0,0,0,
weight_jitter_05_r3,weight_jitter,5.0,3,20281428.0,pIP10,90,90,-17.431192660550458,-17.431192660550458,17.431192660550458,17.431192660550458,0,1.0,0,0,
weight_jitter_05_r3,weight_jitter,5.0,3,20281428.0,pMP2,3,3,-66.66666666666667,-66.66666666666667,66.66666666666667,66.66666666666667,0,1.0,0,0,
weight_jitter_05_r4,weight_jitter,5.0,4,20281429.0,vPN1,213,213,-4.054054054054054,-4.054054054054054,4.054054054054054,4.054054054054054,0,1.0,0,0,
weight_jitter_05_r4,weight_jitter,5.0,4,20281429.0,pC1,1579,1579,-8.99135446685879,-8.99135446685879,8.99135446685879,8.99135446685879,0,1.0,0,0,
weight_jitter_05_r4,weight_jitter,5.0,4,20281429.0,pIP10,104,104,-4.587155963302752,-4.587155963302752,4.587155963302752,4.587155963302752,0,1.0,0,0,
weight_jitter_05_r4,weight_jitter,5.0,4,20281429.0,pMP2,6,6,-33.333333333333336,-33.333333333333336,33.333333333333336,33.333333333333336,0,1.0,0,0,
weight_jitter_10_r0,weight_jitter,10.0,0,20281925.0,vPN1,251,251,13.063063063063064,13.063063063063064,13.063063063063064,13.063063063063064,0,1.0,0,0,
weight_jitter_10_r0,weight_jitter,10.0,0,20281925.0,pC1,1658,1658,-4.438040345821325,-4.438040345821325,4.438040345821325,4.438040345821325,0,1.0,0,0,
weight_jitter_10_r0,weight_jitter,10.0,0,20281925.0,pIP10,120,120,10.091743119266056,10.091743119266056,10.091743119266056,10.091743119266056,0,1.0,0,0,
weight_jitter_10_r0,weight_jitter,10.0,0,20281925.0,pMP2,4,4,-55.55555555555556,-55.55555555555556,55.55555555555556,55.55555555555556,0,1.0,0,0,
weight_jitter_10_r1,weight_jitter,10.0,1,20281926.0,vPN1,224,224,0.9009009009009009,0.9009009009009009,0.9009009009009009,0.9009009009009009,0,1.0,0,0,
weight_jitter_10_r1,weight_jitter,10.0,1,20281926.0,pC1,1475,1475,-14.985590778097983,-14.985590778097983,14.985590778097983,14.985590778097983,0,1.0,0,0,
weight_jitter_10_r1,weight_jitter,10.0,1,20281926.0,pIP10,89,89,-18.34862385321101,-18.34862385321101,18.34862385321101,18.34862385321101,0,1.0,0,0,
weight_jitter_10_r1,weight_jitter,10.0,1,20281926.0,pMP2,2,2,-77.77777777777777,-77.77777777777777,77.77777777777777,77.77777777777777,0,1.0,0,0,
weight_jitter_10_r2,weight_jitter,10.0,2,20281927.0,vPN1,125,125,-43.693693693693696,-43.693693693693696,43.693693693693696,43.693693693693696,0,1.0,0,0,
weight_jitter_10_r2,weight_jitter,10.0,2,20281927.0,pC1,1515,1515,-12.680115273775217,-12.680115273775217,12.680115273775217,12.680115273775217,0,1.0,0,0,
weight_jitter_10_r2,weight_jitter,10.0,2,20281927.0,pIP10,95,95,-12.844036697247706,-12.844036697247706,12.844036697247706,12.844036697247706,0,1.0,0,0,
weight_jitter_10_r2,weight_jitter,10.0,2,20281927.0,pMP2,11,11,22.22222222222222,22.22222222222222,22.22222222222222,22.22222222222222,0,1.0,0,0,
weight_jitter_10_r3,weight_jitter,10.0,3,20281928.0,vPN1,189,189,-14.864864864864865,-14.864864864864865,14.864864864864865,14.864864864864865,0,1.0,0,0,
weight_jitter_10_r3,weight_jitter,10.0,3,20281928.0,pC1,1316,1316,-24.14985590778098,-24.14985590778098,24.14985590778098,24.14985590778098,0,1.0,0,0,
weight_jitter_10_r3,weight_jitter,10.0,3,20281928.0,pIP10,84,84,-22.93577981651376,-22.93577981651376,22.93577981651376,22.93577981651376,0,1.0,0,0,
weight_jitter_10_r3,weight_jitter,10.0,3,20281928.0,pMP2,3,3,-66.66666666666667,-66.66666666666667,66.66666666666667,66.66666666666667,0,1.0,0,0,
weight_jitter_10_r4,weight_jitter,10.0,4,20281929.0,vPN1,222,222,0.0,0.0,0.0,0.0,0,1.0,0,0,
weight_jitter_10_r4,weight_jitter,10.0,4,20281929.0,pC1,1489,1489,-14.178674351585014,-14.178674351585014,14.178674351585014,14.178674351585014,0,1.0,0,0,
weight_jitter_10_r4,weight_jitter,10.0,4,20281929.0,pIP10,91,91,-16.513761467889907,-16.513761467889907,16.513761467889907,16.513761467889907,0,1.0,0,0,
weight_jitter_10_r4,weight_jitter,10.0,4,20281929.0,pMP2,2,2,-77.77777777777777,-77.77777777777777,77.77777777777777,77.77777777777777,0,1.0,0,0,
weight_jitter_20_r0,weight_jitter,20.0,0,20282925.0,vPN1,27,27,-87.83783783783784,-87.83783783783784,87.83783783783784,87.83783783783784,0,1.0,0,0,
weight_jitter_20_r0,weight_jitter,20.0,0,20282925.0,pC1,2115,2115,21.902017291066283,21.902017291066283,21.902017291066283,21.902017291066283,0,1.0,0,0,
weight_jitter_20_r0,weight_jitter,20.0,0,20282925.0,pIP10,140,140,28.440366972477065,28.440366972477065,28.440366972477065,28.440366972477065,0,1.0,0,0,
weight_jitter_20_r0,weight_jitter,20.0,0,20282925.0,pMP2,22,22,144.44444444444446,144.44444444444446,144.44444444444446,144.44444444444446,0,1.0,0,0,
weight_jitter_20_r1,weight_jitter,20.0,1,20282926.0,vPN1,157,157,-29.27927927927928,-29.27927927927928,29.27927927927928,29.27927927927928,0,1.0,0,0,
weight_jitter_20_r1,weight_jitter,20.0,1,20282926.0,pC1,1501,1501,-13.487031700288185,-13.487031700288185,13.487031700288185,13.487031700288185,0,1.0,0,0,
weight_jitter_20_r1,weight_jitter,20.0,1,20282926.0,pIP10,120,120,10.091743119266056,10.091743119266056,10.091743119266056,10.091743119266056,0,1.0,0,0,
weight_jitter_20_r1,weight_jitter,20.0,1,20282926.0,pMP2,1,1,-88.88888888888889,-88.88888888888889,88.88888888888889,88.88888888888889,0,1.0,0,0,
weight_jitter_20_r2,weight_jitter,20.0,2,20282927.0,vPN1,139,139,-37.387387387387385,-37.387387387387385,37.387387387387385,37.387387387387385,0,1.0,0,0,
weight_jitter_20_r2,weight_jitter,20.0,2,20282927.0,pC1,1681,1681,-3.112391930835735,-3.112391930835735,3.112391930835735,3.112391930835735,0,1.0,0,0,
weight_jitter_20_r2,weight_jitter,20.0,2,20282927.0,pIP10,97,97,-11.009174311926605,-11.009174311926605,11.009174311926605,11.009174311926605,0,1.0,0,0,
weight_jitter_20_r2,weight_jitter,20.0,2,20282927.0,pMP2,18,18,100.0,100.0,100.0,100.0,0,1.0,0,0,
weight_jitter_20_r3,weight_jitter,20.0,3,20282928.0,vPN1,108,108,-51.351351351351354,-51.351351351351354,51.351351351351354,51.351351351351354,0,1.0,0,0,
weight_jitter_20_r3,weight_jitter,20.0,3,20282928.0,pC1,1052,1052,-39.36599423631124,-39.36599423631124,39.36599423631124,39.36599423631124,0,1.0,0,0,
weight_jitter_20_r3,weight_jitter,20.0,3,20282928.0,pIP10,47,47,-56.88073394495413,-56.88073394495413,56.88073394495413,56.88073394495413,0,1.0,0,0,
weight_jitter_20_r3,weight_jitter,20.0,3,20282928.0,pMP2,4,4,-55.55555555555556,-55.55555555555556,55.55555555555556,55.55555555555556,0,1.0,0,0,
weight_jitter_20_r4,weight_jitter,20.0,4,20282929.0,vPN1,114,114,-48.648648648648646,-48.648648648648646,48.648648648648646,48.648648648648646,0,1.0,0,0,
weight_jitter_20_r4,weight_jitter,20.0,4,20282929.0,pC1,1449,1449,-16.48414985590778,-16.48414985590778,16.48414985590778,16.48414985590778,0,1.0,0,0,
weight_jitter_20_r4,weight_jitter,20.0,4,20282929.0,pIP10,80,80,-26.605504587155963,-26.605504587155963,26.605504587155963,26.605504587155963,0,1.0,0,0,
weight_jitter_20_r4,weight_jitter,20.0,4,20282929.0,pMP2,1,1,-88.88888888888889,-88.88888888888889,88.88888888888889,88.88888888888889,0,1.0,0,0,
input_noise_05_r0,input_noise,5.0,0,20291425.0,vPN1,168,168,-24.324324324324323,-24.324324324324323,24.324324324324323,24.324324324324323,0,1.0,0,0,
input_noise_05_r0,input_noise,5.0,0,20291425.0,pC1,1623,1623,-6.455331412103747,-6.455331412103747,6.455331412103747,6.455331412103747,0,1.0,0,0,
input_noise_05_r0,input_noise,5.0,0,20291425.0,pIP10,90,90,-17.431192660550458,-17.431192660550458,17.431192660550458,17.431192660550458,0,1.0,0,0,
input_noise_05_r0,input_noise,5.0,0,20291425.0,pMP2,7,7,-22.22222222222222,-22.22222222222222,22.22222222222222,22.22222222222222,0,1.0,0,0,
input_noise_05_r1,input_noise,5.0,1,20291426.0,vPN1,179,179,-19.36936936936937,-19.36936936936937,19.36936936936937,19.36936936936937,0,1.0,0,0,
input_noise_05_r1,input_noise,5.0,1,20291426.0,pC1,1524,1524,-12.161383285302593,-12.161383285302593,12.161383285302593,12.161383285302593,0,1.0,0,0,
input_noise_05_r1,input_noise,5.0,1,20291426.0,pIP10,98,98,-10.091743119266056,-10.091743119266056,10.091743119266056,10.091743119266056,0,1.0,0,0,
input_noise_05_r1,input_noise,5.0,1,20291426.0,pMP2,4,4,-55.55555555555556,-55.55555555555556,55.55555555555556,55.55555555555556,0,1.0,0,0,
input_noise_05_r2,input_noise,5.0,2,20291427.0,vPN1,166,166,-25.225225225225227,-25.225225225225227,25.225225225225227,25.225225225225227,0,1.0,0,0,
input_noise_05_r2,input_noise,5.0,2,20291427.0,pC1,1628,1628,-6.1671469740634,-6.1671469740634,6.1671469740634,6.1671469740634,0,1.0,0,0,
input_noise_05_r2,input_noise,5.0,2,20291427.0,pIP10,80,80,-26.605504587155963,-26.605504587155963,26.605504587155963,26.605504587155963,0,1.0,0,0,
input_noise_05_r2,input_noise,5.0,2,20291427.0,pMP2,6,6,-33.333333333333336,-33.333333333333336,33.333333333333336,33.333333333333336,0,1.0,0,0,
input_noise_05_r3,input_noise,5.0,3,20291428.0,vPN1,189,189,-14.864864864864865,-14.864864864864865,14.864864864864865,14.864864864864865,0,1.0,0,0,
input_noise_05_r3,input_noise,5.0,3,20291428.0,pC1,1505,1505,-13.256484149855908,-13.256484149855908,13.256484149855908,13.256484149855908,0,1.0,0,0,
input_noise_05_r3,input_noise,5.0,3,20291428.0,pIP10,96,96,-11.926605504587156,-11.926605504587156,11.926605504587156,11.926605504587156,0,1.0,0,0,
input_noise_05_r3,input_noise,5.0,3,20291428.0,pMP2,4,4,-55.55555555555556,-55.55555555555556,55.55555555555556,55.55555555555556,0,1.0,0,0,
input_noise_05_r4,input_noise,5.0,4,20291429.0,vPN1,176,176,-20.72072072072072,-20.72072072072072,20.72072072072072,20.72072072072072,0,1.0,0,0,
input_noise_05_r4,input_noise,5.0,4,20291429.0,pC1,1465,1465,-15.561959654178674,-15.561959654178674,15.561959654178674,15.561959654178674,0,1.0,0,0,
input_noise_05_r4,input_noise,5.0,4,20291429.0,pIP10,90,90,-17.431192660550458,-17.431192660550458,17.431192660550458,17.431192660550458,0,1.0,0,0,
input_noise_05_r4,input_noise,5.0,4,20291429.0,pMP2,4,4,-55.55555555555556,-55.55555555555556,55.55555555555556,55.55555555555556,0,1.0,0,0,
input_noise_10_r0,input_noise,10.0,0,20291925.0,vPN1,194,194,-12.612612612612613,-12.612612612612613,12.612612612612613,12.612612612612613,0,1.0,0,0,
input_noise_10_r0,input_noise,10.0,0,20291925.0,pC1,1547,1547,-10.835734870317003,-10.835734870317003,10.835734870317003,10.835734870317003,0,1.0,0,0,
input_noise_10_r0,input_noise,10.0,0,20291925.0,pIP10,71,71,-34.862385321100916,-34.862385321100916,34.862385321100916,34.862385321100916,0,1.0,0,0,
input_noise_10_r0,input_noise,10.0,0,20291925.0,pMP2,6,6,-33.333333333333336,-33.333333333333336,33.333333333333336,33.333333333333336,0,1.0,0,0,
input_noise_10_r1,input_noise,10.0,1,20291926.0,vPN1,200,200,-9.90990990990991,-9.90990990990991,9.90990990990991,9.90990990990991,0,1.0,0,0,
input_noise_10_r1,input_noise,10.0,1,20291926.0,pC1,1614,1614,-6.974063400576369,-6.974063400576369,6.974063400576369,6.974063400576369,0,1.0,0,0,
input_noise_10_r1,input_noise,10.0,1,20291926.0,pIP10,94,94,-13.761467889908257,-13.761467889908257,13.761467889908257,13.761467889908257,0,1.0,0,0,
input_noise_10_r1,input_noise,10.0,1,20291926.0,pMP2,4,4,-55.55555555555556,-55.55555555555556,55.55555555555556,55.55555555555556,0,1.0,0,0,
input_noise_10_r2,input_noise,10.0,2,20291927.0,vPN1,192,192,-13.513513513513514,-13.513513513513514,13.513513513513514,13.513513513513514,0,1.0,0,0,
input_noise_10_r2,input_noise,10.0,2,20291927.0,pC1,1620,1620,-6.628242074927954,-6.628242074927954,6.628242074927954,6.628242074927954,0,1.0,0,0,
input_noise_10_r2,input_noise,10.0,2,20291927.0,pIP10,96,96,-11.926605504587156,-11.926605504587156,11.926605504587156,11.926605504587156,0,1.0,0,0,
input_noise_10_r2,input_noise,10.0,2,20291927.0,pMP2,4,4,-55.55555555555556,-55.55555555555556,55.55555555555556,55.55555555555556,0,1.0,0,0,
input_noise_10_r3,input_noise,10.0,3,20291928.0,vPN1,209,209,-5.8558558558558556,-5.8558558558558556,5.8558558558558556,5.8558558558558556,0,1.0,0,0,
input_noise_10_r3,input_noise,10.0,3,20291928.0,pC1,1631,1631,-5.994236311239193,-5.994236311239193,5.994236311239193,5.994236311239193,0,1.0,0,0,
input_noise_10_r3,input_noise,10.0,3,20291928.0,pIP10,95,95,-12.844036697247706,-12.844036697247706,12.844036697247706,12.844036697247706,0,1.0,0,0,
input_noise_10_r3,input_noise,10.0,3,20291928.0,pMP2,9,9,0.0,0.0,0.0,0.0,0,1.0,0,0,
input_noise_10_r4,input_noise,10.0,4,20291929.0,vPN1,222,222,0.0,0.0,0.0,0.0,0,1.0,0,0,
input_noise_10_r4,input_noise,10.0,4,20291929.0,pC1,1618,1618,-6.743515850144092,-6.743515850144092,6.743515850144092,6.743515850144092,0,1.0,0,0,
input_noise_10_r4,input_noise,10.0,4,20291929.0,pIP10,74,74,-32.11009174311926,-32.11009174311926,32.11009174311926,32.11009174311926,0,1.0,0,0,
input_noise_10_r4,input_noise,10.0,4,20291929.0,pMP2,4,4,-55.55555555555556,-55.55555555555556,55.55555555555556,55.55555555555556,0,1.0,0,0,
input_noise_20_r0,input_noise,20.0,0,20292925.0,vPN1,149,149,-32.88288288288288,-32.88288288288288,32.88288288288288,32.88288288288288,0,1.0,0,0,
input_noise_20_r0,input_noise,20.0,0,20292925.0,pC1,1604,1604,-7.550432276657061,-7.550432276657061,7.550432276657061,7.550432276657061,0,1.0,0,0,
input_noise_20_r0,input_noise,20.0,0,20292925.0,pIP10,99,99,-9.174311926605505,-9.174311926605505,9.174311926605505,9.174311926605505,0,1.0,0,0,
input_noise_20_r0,input_noise,20.0,0,20292925.0,pMP2,8,8,-11.11111111111111,-11.11111111111111,11.11111111111111,11.11111111111111,0,1.0,0,0,
input_noise_20_r1,input_noise,20.0,1,20292926.0,vPN1,162,162,-27.027027027027028,-27.027027027027028,27.027027027027028,27.027027027027028,0,1.0,0,0,
input_noise_20_r1,input_noise,20.0,1,20292926.0,pC1,1697,1697,-2.190201729106628,-2.190201729106628,2.190201729106628,2.190201729106628,0,1.0,0,0,
input_noise_20_r1,input_noise,20.0,1,20292926.0,pIP10,88,88,-19.26605504587156,-19.26605504587156,19.26605504587156,19.26605504587156,0,1.0,0,0,
input_noise_20_r1,input_noise,20.0,1,20292926.0,pMP2,15,15,66.66666666666667,66.66666666666667,66.66666666666667,66.66666666666667,0,1.0,0,0,
input_noise_20_r2,input_noise,20.0,2,20292927.0,vPN1,146,146,-34.234234234234236,-34.234234234234236,34.234234234234236,34.234234234234236,0,1.0,0,0,
input_noise_20_r2,input_noise,20.0,2,20292927.0,pC1,1778,1778,2.478386167146974,2.478386167146974,2.478386167146974,2.478386167146974,0,1.0,0,0,
input_noise_20_r2,input_noise,20.0,2,20292927.0,pIP10,112,112,2.7522935779816513,2.7522935779816513,2.7522935779816513,2.7522935779816513,0,1.0,0,0,
input_noise_20_r2,input_noise,20.0,2,20292927.0,pMP2,12,12,33.333333333333336,33.333333333333336,33.333333333333336,33.333333333333336,0,1.0,0,0,
input_noise_20_r3,input_noise,20.0,3,20292928.0,vPN1,143,143,-35.585585585585584,-35.585585585585584,35.585585585585584,35.585585585585584,0,1.0,0,0,
input_noise_20_r3,input_noise,20.0,3,20292928.0,pC1,1613,1613,-7.031700288184438,-7.031700288184438,7.031700288184438,7.031700288184438,0,1.0,0,0,
input_noise_20_r3,input_noise,20.0,3,20292928.0,pIP10,91,91,-16.513761467889907,-16.513761467889907,16.513761467889907,16.513761467889907,0,1.0,0,0,
input_noise_20_r3,input_noise,20.0,3,20292928.0,pMP2,5,5,-44.44444444444444,-44.44444444444444,44.44444444444444,44.44444444444444,0,1.0,0,0,
input_noise_20_r4,input_noise,20.0,4,20292929.0,vPN1,185,185,-16.666666666666668,-16.666666666666668,16.666666666666668,16.666666666666668,0,1.0,0,0,
input_noise_20_r4,input_noise,20.0,4,20292929.0,pC1,1903,1903,9.682997118155619,9.682997118155619,9.682997118155619,9.682997118155619,0,1.0,0,0,
input_noise_20_r4,input_noise,20.0,4,20292929.0,pIP10,111,111,1.834862385321101,1.834862385321101,1.834862385321101,1.834862385321101,0,1.0,0,0,
input_noise_20_r4,input_noise,20.0,4,20292929.0,pMP2,16,16,77.77777777777777,77.77777777777777,77.77777777777777,77.77777777777777,0,1.0,0,0,
ablate_auditory_input,ablation,,0,,vPN1,0,0,-100.0,-100.0,100.0,100.0,0,1.0,0,0,auditory_input
ablate_auditory_input,ablation,,0,,pC1,0,0,-100.0,-100.0,100.0,100.0,0,1.0,0,0,auditory_input
ablate_auditory_input,ablation,,0,,pIP10,0,0,-100.0,-100.0,100.0,100.0,0,1.0,0,0,auditory_input
ablate_auditory_input,ablation,,0,,pMP2,0,0,-100.0,-100.0,100.0,100.0,0,1.0,0,0,auditory_input
ablate_aPN1,ablation,,0,,vPN1,107,107,-51.8018018018018,-51.8018018018018,51.8018018018018,51.8018018018018,0,1.0,0,0,aPN1
ablate_aPN1,ablation,,0,,pC1,1534,1534,-11.585014409221902,-11.585014409221902,11.585014409221902,11.585014409221902,0,1.0,0,0,aPN1
ablate_aPN1,ablation,,0,,pIP10,86,86,-21.10091743119266,-21.10091743119266,21.10091743119266,21.10091743119266,0,1.0,0,0,aPN1
ablate_aPN1,ablation,,0,,pMP2,8,8,-11.11111111111111,-11.11111111111111,11.11111111111111,11.11111111111111,0,1.0,0,0,aPN1
ablate_vPN1,ablation,,0,,vPN1,0,0,-100.0,-100.0,100.0,100.0,0,1.0,0,0,vPN1
ablate_vPN1,ablation,,0,,pC1,1669,1669,-3.804034582132565,-3.804034582132565,3.804034582132565,3.804034582132565,0,1.0,0,0,vPN1
ablate_vPN1,ablation,,0,,pIP10,96,96,-11.926605504587156,-11.926605504587156,11.926605504587156,11.926605504587156,0,1.0,0,0,vPN1
ablate_vPN1,ablation,,0,,pMP2,10,10,11.11111111111111,11.11111111111111,11.11111111111111,11.11111111111111,0,1.0,0,0,vPN1
ablate_pIP10,ablation,,0,,vPN1,210,210,-5.405405405405405,-5.405405405405405,5.405405405405405,5.405405405405405,0,1.0,0,0,pIP10
ablate_pIP10,ablation,,0,,pC1,1536,1536,-11.469740634005763,-11.469740634005763,11.469740634005763,11.469740634005763,0,1.0,0,0,pIP10
ablate_pIP10,ablation,,0,,pIP10,0,0,-100.0,-100.0,100.0,100.0,0,1.0,0,0,pIP10
ablate_pIP10,ablation,,0,,pMP2,10,10,11.11111111111111,11.11111111111111,11.11111111111111,11.11111111111111,0,1.0,0,0,pIP10
