neuron_index,bodyId,type,instance,is_input,is_relay,is_output,is_aPN1,is_vPN1,is_pC1,is_pIP10,is_pMP2
0,10005,AOTU019,AOTU019_R,False,True,False,False,False,False,False,False
1,10070,AOTU019,AOTU019_L,False,True,False,False,False,False,False,False
2,10360,DNa02,DNa02_R,False,False,True,False,False,False,False,False
3,10573,LC10a,LC10a_L,True,False,False,False,False,False,False,False
4,12130,LC10a,LC10a_L,True,False,False,False,False,False,False,False
5,12424,LC10a,LC10a_L,True,False,False,False,False,False,False,False
6,12458,LC10a,LC10a_L,True,False,False,False,False,False,False,False
7,13697,LC10a,LC10a_L,True,False,False,False,False,False,False,False
8,13974,LC10a,LC10a_L,True,False,False,False,False,False,False,False
9,14980,LC10a,LC10a_L,True,False,False,False,False,False,False,False
10,15340,LC10a,LC10a_L,True,False,False,False,False,False,False,False
11,15471,LC10a,LC10a_L,True,False,False,False,False,False,False,False
12,15508,LC10a,LC10a_L,True,False,False,False,False,False,False,False
13,16775,LC10a,LC10a_L,True,False,False,False,False,False,False,False
14,18078,LC10a,LC10a_L,True,False,False,False,False,False,False,False
15,18518,LC10a,LC10a_L,True,False,False,False,False,False,False,False
16,18917,LC10a,LC10a_L,True,False,False,False,False,False,False,False
17,19120,LC10a,LC10a_L,True,False,False,False,False,False,False,False
18,19350,LC10a,LC10a_L,True,False,False,False,False,False,False,False
19,19537,LC10a,LC10a_L,True,False,False,False,False,False,False,False
20,19540,LC10a,LC10a_L,True,False,False,False,False,False,False,False
21,19659,LC10a,LC10a_L,True,False,False,False,False,False,False,False
22,19667,LC10a,LC10a_L,True,False,False,False,False,False,False,False
23,19703,LC10a,LC10a_L,True,False,False,False,False,False,False,False
24,20112,LC10a,LC10a_L,True,False,False,False,False,False,False,False
25,20378,LC10a,LC10a_L,True,False,False,False,False,False,False,False
26,21065,LC10a,LC10a_R,False,False,False,False,False,False,False,False
27,21173,LC10a,LC10a_L,True,False,False,False,False,False,False,False
28,21199,LC10a,LC10a_R,False,False,False,False,False,False,False,False
29,21238,LC10a,LC10a_R,False,False,False,False,False,False,False,False
30,21426,LC10a,LC10a_R,False,False,False,False,False,False,False,False
31,21632,LC10a,LC10a_R,False,False,False,False,False,False,False,False
32,21744,LC10a,LC10a_L,True,False,False,False,False,False,False,False
33,21835,LC10a,LC10a_L,True,False,False,False,False,False,False,False
34,21983,LC10a,LC10a_R,False,False,False,False,False,False,False,False
35,21984,LC10a,LC10a_R,False,False,False,False,False,False,False,False
36,22070,LC10a,LC10a_R,False,False,False,False,False,False,False,False
37,22148,LC10a,LC10a_R,False,False,False,False,False,False,False,False
38,22184,LC10a,LC10a_L,True,False,False,False,False,False,False,False
39,22248,LC10a,LC10a_R,False,False,False,False,False,False,False,False
40,22259,LC10a,LC10a_L,True,False,False,False,False,False,False,False
41,22339,LC10a,LC10a_L,True,False,False,False,False,False,False,False
42,22392,LC10a,LC10a_L,True,False,False,False,False,False,False,False
43,22397,LC10a,LC10a_R,False,False,False,False,False,False,False,False
44,22505,LC10a,LC10a_R,False,False,False,False,False,False,False,False
45,22510,LC10a,LC10a_R,False,False,False,False,False,False,False,False
46,22750,LC10a,LC10a_R,False,False,False,False,False,False,False,False
47,22783,LC10a,LC10a_R,False,False,False,False,False,False,False,False
48,22831,LC10a,LC10a_R,False,False,False,False,False,False,False,False
49,22959,LC10a,LC10a_L,True,False,False,False,False,False,False,False
50,22989,LC10a,LC10a_R,False,False,False,False,False,False,False,False
51,22997,LC10a,LC10a_R,False,False,False,False,False,False,False,False
52,23001,LC10a,LC10a_L,True,False,False,False,False,False,False,False
53,23002,LC10a,LC10a_R,False,False,False,False,False,False,False,False
54,23128,LC10a,LC10a_R,False,False,False,False,False,False,False,False
55,23148,LC10a,LC10a_L,True,False,False,False,False,False,False,False
56,23154,LC10a,LC10a_R,False,False,False,False,False,False,False,False
57,23210,LC10a,LC10a_R,False,False,False,False,False,False,False,False
58,23328,LC10a,LC10a_L,True,False,False,False,False,False,False,False
59,23377,LC10a,LC10a_R,False,False,False,False,False,False,False,False
60,23421,LC10a,LC10a_R,False,False,False,False,False,False,False,False
61,23463,LC10a,LC10a_R,False,False,False,False,False,False,False,False
62,23499,LC10a,LC10a_R,False,False,False,False,False,False,False,False
63,23599,LC10a,LC10a_L,True,False,False,False,False,False,False,False
64,23677,LC10a,LC10a_R,False,False,False,False,False,False,False,False
65,23686,LC10a,LC10a_R,False,False,False,False,False,False,False,False
66,23719,LC10a,LC10a_R,False,False,False,False,False,False,False,False
67,23741,LC10a,LC10a_L,True,False,False,False,False,False,False,False
68,23830,LC10a,LC10a_R,False,False,False,False,False,False,False,False
69,23852,LC10a,LC10a_L,True,False,False,False,False,False,False,False
70,23867,LC10a,LC10a_R,False,False,False,False,False,False,False,False
71,23868,LC10a,LC10a_R,False,False,False,False,False,False,False,False
72,23890,LC10a,LC10a_R,False,False,False,False,False,False,False,False
73,23930,LC10a,LC10a_L,True,False,False,False,False,False,False,False
74,23989,LC10a,LC10a_L,True,False,False,False,False,False,False,False
75,24035,LC10a,LC10a_R,False,False,False,False,False,False,False,False
76,24071,LC10a,LC10a_R,False,False,False,False,False,False,False,False
77,24164,LC10a,LC10a_R,False,False,False,False,False,False,False,False
78,24208,LC10a,LC10a_R,False,False,False,False,False,False,False,False
79,24211,LC10a,LC10a_R,False,False,False,False,False,False,False,False
80,24283,LC10a,LC10a_R,False,False,False,False,False,False,False,False
81,24482,LC10a,LC10a_R,False,False,False,False,False,False,False,False
82,24492,LC10a,LC10a_R,False,False,False,False,False,False,False,False
83,24505,LC10a,LC10a_R,False,False,False,False,False,False,False,False
84,24545,LC10a,LC10a_R,False,False,False,False,False,False,False,False
85,24592,LC10a,LC10a_R,False,False,False,False,False,False,False,False
86,24719,LC10a,LC10a_L,True,False,False,False,False,False,False,False
87,24742,LC10a,LC10a_L,True,False,False,False,False,False,False,False
88,24769,LC10a,LC10a_R,False,False,False,False,False,False,False,False
89,24784,LC10a,LC10a_R,False,False,False,False,False,False,False,False
90,24854,LC10a,LC10a_R,False,False,False,False,False,False,False,False
91,24909,LC10a,LC10a_R,False,False,False,False,False,False,False,False
92,25003,LC10a,LC10a_L,True,False,False,False,False,False,False,False
93,25067,LC10a,LC10a_R,False,False,False,False,False,False,False,False
94,25088,LC10a,LC10a_R,False,False,False,False,False,False,False,False
95,25167,LC10a,LC10a_R,False,False,False,False,False,False,False,False
96,25198,LC10a,LC10a_R,False,False,False,False,False,False,False,False
97,25202,LC10a,LC10a_R,False,False,False,False,False,False,False,False
98,25296,LC10a,LC10a_R,False,False,False,False,False,False,False,False
99,25304,LC10a,LC10a_L,True,False,False,False,False,False,False,False
100,25369,LC10a,LC10a_R,False,False,False,False,False,False,False,False
101,25394,LC10a,LC10a_R,False,False,False,False,False,False,False,False
102,25400,LC10a,LC10a_R,False,False,False,False,False,False,False,False
103,25412,LC10a,LC10a_L,True,False,False,False,False,False,False,False
104,25446,LC10a,LC10a_R,False,False,False,False,False,False,False,False
105,25450,LC10a,LC10a_L,True,False,False,False,False,False,False,False
106,25472,LC10a,LC10a_R,False,False,False,False,False,False,False,False
107,25641,LC10a,LC10a_R,False,False,False,False,False,False,False,False
108,25711,LC10a,LC10a_R,False,False,False,False,False,False,False,False
109,25817,LC10a,LC10a_L,True,False,False,False,False,False,False,False
110,25952,LC10a,LC10a_R,False,False,False,False,False,False,False,False
111,26142,LC10a,LC10a_L,True,False,False,False,False,False,False,False
112,26373,LC10a,LC10a_R,False,False,False,False,False,False,False,False
113,26380,LC10a,LC10a_L,True,False,False,False,False,False,False,False
114,26450,LC10a,LC10a_R,False,False,False,False,False,False,False,False
115,26560,LC10a,LC10a_R,False,False,False,False,False,False,False,False
116,26740,LC10a,LC10a_L,True,False,False,False,False,False,False,False
117,26788,LC10a,LC10a_R,False,False,False,False,False,False,False,False
118,26811,LC10a,LC10a_R,False,False,False,False,False,False,False,False
119,26963,LC10a,LC10a_L,True,False,False,False,False,False,False,False
120,26976,LC10a,LC10a_R,False,False,False,False,False,False,False,False
121,27067,LC10a,LC10a_R,False,False,False,False,False,False,False,False
122,27300,LC10a,LC10a_R,False,False,False,False,False,False,False,False
123,27334,LC10a,LC10a_R,False,False,False,False,False,False,False,False
124,27468,LC10a,LC10a_L,True,False,False,False,False,False,False,False
125,27579,LC10a,LC10a_R,False,False,False,False,False,False,False,False
126,27689,LC10a,LC10a_L,True,False,False,False,False,False,False,False
127,27704,LC10a,LC10a_R,False,False,False,False,False,False,False,False
128,27709,LC10a,LC10a_R,False,False,False,False,False,False,False,False
129,27915,LC10a,LC10a_L,True,False,False,False,False,False,False,False
130,27967,LC10a,LC10a_L,True,False,False,False,False,False,False,False
131,28082,LC10a,LC10a_L,True,False,False,False,False,False,False,False
132,28143,LC10a,LC10a_L,True,False,False,False,False,False,False,False
133,28204,LC10a,LC10a_R,False,False,False,False,False,False,False,False
134,28259,LC10a,LC10a_R,False,False,False,False,False,False,False,False
135,28390,LC10a,LC10a_R,False,False,False,False,False,False,False,False
136,28533,LC10a,LC10a_L,True,False,False,False,False,False,False,False
137,28543,LC10a,LC10a_L,True,False,False,False,False,False,False,False
138,28599,LC10a,LC10a_R,False,False,False,False,False,False,False,False
139,28654,LC10a,LC10a_R,False,False,False,False,False,False,False,False
140,28823,LC10a,LC10a_R,False,False,False,False,False,False,False,False
141,28904,LC10a,LC10a_L,True,False,False,False,False,False,False,False
142,29092,LC10a,LC10a_R,False,False,False,False,False,False,False,False
143,29186,LC10a,LC10a_R,False,False,False,False,False,False,False,False
144,29359,LC10a,LC10a_R,False,False,False,False,False,False,False,False
145,29686,LC10a,LC10a_L,True,False,False,False,False,False,False,False
146,29744,LC10a,LC10a_R,False,False,False,False,False,False,False,False
147,29803,LC10a,LC10a_L,True,False,False,False,False,False,False,False
148,29979,LC10a,LC10a_R,False,False,False,False,False,False,False,False
149,30025,LC10a,LC10a_L,True,False,False,False,False,False,False,False
150,30499,LC10a,LC10a_R,False,False,False,False,False,False,False,False
151,30707,LC10a,LC10a_L,True,False,False,False,False,False,False,False
152,30993,LC10a,LC10a_R,False,False,False,False,False,False,False,False
153,31033,LC10a,LC10a_L,True,False,False,False,False,False,False,False
154,31250,LC10a,LC10a_R,False,False,False,False,False,False,False,False
155,31623,LC10a,LC10a_R,False,False,False,False,False,False,False,False
156,31634,LC10a,LC10a_R,False,False,False,False,False,False,False,False
157,31801,LC10a,LC10a_L,True,False,False,False,False,False,False,False
158,31878,LC10a,LC10a_R,False,False,False,False,False,False,False,False
159,31941,LC10a,LC10a_R,False,False,False,False,False,False,False,False
160,31976,LC10a,LC10a_R,False,False,False,False,False,False,False,False
161,32090,LC10a,LC10a_L,True,False,False,False,False,False,False,False
162,32111,LC10a,LC10a_L,True,False,False,False,False,False,False,False
163,32153,LC10a,LC10a_L,True,False,False,False,False,False,False,False
164,32238,LC10a,LC10a_L,True,False,False,False,False,False,False,False
165,32286,LC10a,LC10a_L,True,False,False,False,False,False,False,False
166,32336,LC10a,LC10a_R,False,False,False,False,False,False,False,False
167,32493,LC10a,LC10a_L,True,False,False,False,False,False,False,False
168,32614,LC10a,LC10a_R,False,False,False,False,False,False,False,False
169,32657,LC10a,LC10a_L,True,False,False,False,False,False,False,False
170,32946,LC10a,LC10a_R,False,False,False,False,False,False,False,False
171,33048,LC10a,LC10a_R,False,False,False,False,False,False,False,False
172,33177,LC10a,LC10a_R,False,False,False,False,False,False,False,False
173,33219,LC10a,LC10a_L,True,False,False,False,False,False,False,False
174,34351,LC10a,LC10a_L,True,False,False,False,False,False,False,False
175,34643,LC10a,LC10a_L,True,False,False,False,False,False,False,False
176,34774,LC10a,LC10a_R,False,False,False,False,False,False,False,False
177,34838,LC10a,LC10a_R,False,False,False,False,False,False,False,False
178,35250,LC10a,LC10a_R,False,False,False,False,False,False,False,False
179,36286,LC10a,LC10a_L,True,False,False,False,False,False,False,False
180,36421,LC10a,LC10a_R,False,False,False,False,False,False,False,False
181,36779,LC10a,LC10a_R,False,False,False,False,False,False,False,False
182,36783,LC10a,LC10a_L,True,False,False,False,False,False,False,False
183,37042,LC10a,LC10a_L,True,False,False,False,False,False,False,False
184,37316,LC10a,LC10a_L,True,False,False,False,False,False,False,False
185,37896,LC10a,LC10a_L,True,False,False,False,False,False,False,False
186,38301,LC10a,LC10a_L,True,False,False,False,False,False,False,False
187,38374,LC10a,LC10a_R,False,False,False,False,False,False,False,False
188,38810,LC10a,LC10a_R,False,False,False,False,False,False,False,False
189,39108,LC10a,LC10a_L,True,False,False,False,False,False,False,False
190,40220,LC10a,LC10a_L,True,False,False,False,False,False,False,False
191,41089,LC10a,LC10a_R,False,False,False,False,False,False,False,False
192,41240,LC10a,LC10a_R,False,False,False,False,False,False,False,False
193,42379,LC10a,LC10a_L,True,False,False,False,False,False,False,False
194,43865,LC10a,LC10a_L,True,False,False,False,False,False,False,False
195,44666,LC10a,LC10a_R,False,False,False,False,False,False,False,False
196,47400,LC10a,LC10a_R,False,False,False,False,False,False,False,False
197,48790,LC10a,LC10a_L,True,False,False,False,False,False,False,False
198,49807,LC10a,LC10a_L,True,False,False,False,False,False,False,False
199,51397,LC10a,LC10a_R,False,False,False,False,False,False,False,False
200,51720,LC10a,LC10a_L,True,False,False,False,False,False,False,False
201,52430,LC10a,LC10a_L,True,False,False,False,False,False,False,False
202,53572,LC10a,LC10a_R,False,False,False,False,False,False,False,False
203,56376,LC10a,LC10a_L,True,False,False,False,False,False,False,False
204,58449,LC10a,LC10a_L,True,False,False,False,False,False,False,False
205,60207,LC10a,LC10a_L,True,False,False,False,False,False,False,False
206,61545,LC10a,LC10a_L,True,False,False,False,False,False,False,False
207,64964,LC10a,LC10a_L,True,False,False,False,False,False,False,False
208,68463,LC10a,LC10a_L,True,False,False,False,False,False,False,False
209,74072,LC10a,LC10a_L,True,False,False,False,False,False,False,False
210,140676,LC10a,LC10a_L,True,False,False,False,False,False,False,False
211,514646,LC10a,LC10a_L,True,False,False,False,False,False,False,False
212,516361,AOTU025,AOTU025_L,False,True,False,False,False,False,False,False
213,518681,LC10a,LC10a_L,True,False,False,False,False,False,False,False
214,519168,LC10a,LC10a_L,True,False,False,False,False,False,False,False
215,519926,AOTU025,AOTU025_R,False,True,False,False,False,False,False,False
216,523769,DNa02,DNa02_L,False,False,True,False,False,False,False,False
217,524616,LC10a,LC10a_L,True,False,False,False,False,False,False,False
218,525482,LC10a,LC10a_L,True,False,False,False,False,False,False,False
219,527684,LC10a,LC10a_L,True,False,False,False,False,False,False,False
220,528991,LC10a,LC10a_L,True,False,False,False,False,False,False,False
221,529578,LC10a,LC10a_L,True,False,False,False,False,False,False,False
222,532653,LC10a,LC10a_L,True,False,False,False,False,False,False,False
223,536318,LC10a,LC10a_L,True,False,False,False,False,False,False,False
224,557990,LC10a,LC10a_L,True,False,False,False,False,False,False,False
225,575597,LC10a,LC10a_L,True,False,False,False,False,False,False,False
