condition_id,kind,target,replicate,ablated_neurons,ipi_ms,group,neurons,pulse_count,peak_rate_hz,evoked_spikes_per_neuron_per_pulse,stimulus_rate_hz,response_rate_hz,post_tail_rate_hz,common_window_spikes_per_neuron,pre_rate_hz,total_spikes,response_spikes,silence_response_spikes
silence_vPN1,targeted,vPN1,0,11,15.0,auditory_input,93,40,70.0,1.0,68.02721088435374,36.76470588235294,0.0,40.0,0.0,3720,3720,0
silence_vPN1,targeted,vPN1,0,11,15.0,aPN1,15,40,6.666666666666667,0.07166666666666667,4.875283446712018,2.6348039215686274,0.0,2.8666666666666667,0.0,43,43,0
silence_vPN1,targeted,vPN1,0,11,15.0,vPN1,11,40,0.0,0.0,0.0,0.0,0.0,0.0,0.0,0,0,0
silence_vPN1,targeted,vPN1,0,11,15.0,pC1,112,40,12.94642857142857,0.11785714285714285,8.002308066083577,4.33298319327731,0.0,4.714285714285714,0.0,528,528,0
silence_vPN1,targeted,vPN1,0,11,15.0,pIP10,2,40,70.0,0.625,40.816326530612244,22.977941176470587,0.0,25.0,0.0,50,50,0
silence_vPN1,targeted,vPN1,0,11,15.0,pMP2,2,40,15.0,0.0375,2.5510204081632653,1.3786764705882353,0.0,1.5,0.0,3,3,0
silence_vPN1,targeted,vPN1,0,11,15.0,output_combined_exploratory,4,40,35.0,0.33125,21.683673469387756,12.178308823529411,0.0,13.25,0.0,53,53,0
silence_vPN1,targeted,vPN1,0,11,25.0,auditory_input,93,40,40.75268817204301,1.0,40.89979550102249,27.06359945872801,0.0,40.0,0.0,3720,3720,0
silence_vPN1,targeted,vPN1,0,11,25.0,aPN1,15,40,10.0,0.16333333333333333,6.680299931833674,4.4203879115922415,0.0,6.533333333333333,0.0,98,98,0
silence_vPN1,targeted,vPN1,0,11,25.0,vPN1,11,40,0.0,0.0,0.0,0.0,0.0,0.0,0.0,0,0,0
silence_vPN1,targeted,vPN1,0,11,25.0,pC1,112,40,13.660714285714285,0.26941964285714287,10.754455156295647,7.291465300599265,0.0,10.776785714285714,0.0,1207,1207,0
silence_vPN1,targeted,vPN1,0,11,25.0,pIP10,2,40,60.0,0.9625,38.34355828220859,26.048714479025712,0.0,38.5,0.0,77,77,0
silence_vPN1,targeted,vPN1,0,11,25.0,pMP2,2,40,15.0,0.0375,1.5337423312883436,1.0148849797023005,0.0,1.5,0.0,3,3,0
silence_vPN1,targeted,vPN1,0,11,25.0,output_combined_exploratory,4,40,30.0,0.5,19.938650306748468,13.531799729364005,0.0,20.0,0.0,80,80,0
silence_vPN1,targeted,vPN1,0,11,35.0,auditory_input,93,40,29.999999999999996,1.0,29.239766081871345,21.413276231263385,0.0,40.0,0.0,3720,3720,0
silence_vPN1,targeted,vPN1,0,11,35.0,aPN1,15,40,10.0,0.29333333333333333,8.576998050682262,6.281227694503926,0.0,11.733333333333333,0.0,176,176,0
silence_vPN1,targeted,vPN1,0,11,35.0,vPN1,11,40,0.0,0.0,0.0,0.0,0.0,0.0,0.0,0,0,0
silence_vPN1,targeted,vPN1,0,11,35.0,pC1,112,40,15.178571428571427,0.37254464285714284,10.54720133667502,7.977401345977363,0.0,14.901785714285714,0.0,1669,1669,0
silence_vPN1,targeted,vPN1,0,11,35.0,pIP10,2,40,60.0,1.2,33.62573099415204,25.69593147751606,0.0,48.0,0.0,96,96,0
silence_vPN1,targeted,vPN1,0,11,35.0,pMP2,2,40,25.0,0.125,3.6549707602339176,2.6766595289079227,0.0,5.0,0.0,10,10,0
silence_vPN1,targeted,vPN1,0,11,35.0,output_combined_exploratory,4,40,37.5,0.6625,18.64035087719298,14.18629550321199,0.0,26.5,0.0,106,106,0
silence_vPN1,targeted,vPN1,0,11,45.0,auditory_input,93,40,29.999999999999996,1.0,22.753128555176335,17.71479185119575,0.0,40.0,0.0,3720,3720,0
silence_vPN1,targeted,vPN1,0,11,45.0,aPN1,15,40,12.0,0.3983333333333333,9.06332954114524,7.0563920873929735,0.0,15.933333333333334,0.0,239,239,0
silence_vPN1,targeted,vPN1,0,11,45.0,vPN1,11,40,0.0,0.0,0.0,0.0,0.0,0.0,0.0,0,0,0
silence_vPN1,targeted,vPN1,0,11,45.0,pC1,112,40,16.517857142857142,0.49174107142857143,10.939785470502192,8.711090725041123,0.0,19.669642857142858,0.0,2203,2203,0
silence_vPN1,targeted,vPN1,0,11,45.0,pIP10,2,40,70.0,1.675,36.973833902161545,29.672276350752878,0.0,67.0,0.0,134,134,0
silence_vPN1,targeted,vPN1,0,11,45.0,pMP2,2,40,35.0,0.25,5.688282138794084,4.428697962798937,0.0,10.0,0.0,20,20,0
silence_vPN1,targeted,vPN1,0,11,45.0,output_combined_exploratory,4,40,42.5,0.9625,21.331058020477816,17.050487156775908,0.0,38.5,0.0,154,154,0
silence_vPN1,targeted,vPN1,0,11,55.0,auditory_input,93,40,20.0,1.0,18.6219739292365,15.105740181268882,0.0,40.0,0.0,3720,3720,0
silence_vPN1,targeted,vPN1,0,11,55.0,aPN1,15,40,8.0,0.3983333333333333,7.4177529484792055,6.017119838872105,0.0,15.933333333333334,0.0,239,239,0
silence_vPN1,targeted,vPN1,0,11,55.0,vPN1,11,40,0.0,0.0,0.0,0.0,0.0,0.0,0.0,0,0,0
silence_vPN1,targeted,vPN1,0,11,55.0,pC1,112,40,11.696428571428571,0.45267857142857143,8.22193402500665,6.8380448856279665,0.0,18.107142857142858,0.0,2028,2028,0
silence_vPN1,targeted,vPN1,0,11,55.0,pIP10,2,40,35.0,1.1,20.018621973929235,16.61631419939577,0.0,44.0,0.0,88,88,0
silence_vPN1,targeted,vPN1,0,11,55.0,pMP2,2,40,25.0,0.7375,13.50093109869646,11.1404833836858,0.0,29.5,0.0,59,59,0
silence_vPN1,targeted,vPN1,0,11,55.0,output_combined_exploratory,4,40,22.5,0.91875,16.75977653631285,13.878398791540786,0.0,36.75,0.0,147,147,0
silence_vPN1,targeted,vPN1,0,11,65.0,auditory_input,93,40,20.0,1.0,15.760441292356187,13.166556945358789,0.0,40.0,0.0,3720,3720,0
silence_vPN1,targeted,vPN1,0,11,65.0,aPN1,15,40,8.0,0.4,6.304176516942475,5.266622778143516,0.0,16.0,0.0,240,240,0
silence_vPN1,targeted,vPN1,0,11,65.0,vPN1,11,40,0.0,0.0,0.0,0.0,0.0,0.0,0.0,0,0,0
silence_vPN1,targeted,vPN1,0,11,65.0,pC1,112,40,12.053571428571427,0.5125,7.866148823595632,6.747860434496379,0.0,20.5,0.0,2296,2296,0
silence_vPN1,targeted,vPN1,0,11,65.0,pIP10,2,40,30.0,1.0625,16.351457840819542,13.989466754443711,0.0,42.5,0.0,85,85,0
silence_vPN1,targeted,vPN1,0,11,65.0,pMP2,2,40,25.0,0.425,6.501182033096926,5.5957867017774845,0.0,17.0,0.0,34,34,0
silence_vPN1,targeted,vPN1,0,11,65.0,output_combined_exploratory,4,40,22.5,0.74375,11.426319936958233,9.792626728110598,0.0,29.75,0.0,119,119,0
silence_vPN1,targeted,vPN1,0,11,75.0,auditory_input,93,40,20.0,1.0,13.661202185792348,11.668611435239205,0.0,40.0,0.0,3720,3720,0
silence_vPN1,targeted,vPN1,0,11,75.0,aPN1,15,40,8.0,0.4,5.46448087431694,4.667444574095683,0.0,16.0,0.0,240,240,0
silence_vPN1,targeted,vPN1,0,11,75.0,vPN1,11,40,0.0,0.0,0.0,0.0,0.0,0.0,0.0,0,0,0
silence_vPN1,targeted,vPN1,0,11,75.0,pC1,112,40,12.053571428571427,0.5339285714285714,7.123341139734583,6.230205034172362,0.0,21.357142857142858,0.0,2392,2392,0
silence_vPN1,targeted,vPN1,0,11,75.0,pIP10,2,40,50.0,1.1875,15.881147540983607,13.856476079346558,0.0,47.5,0.0,95,95,0
silence_vPN1,targeted,vPN1,0,11,75.0,pMP2,2,40,25.0,0.5375,7.172131147540984,6.271878646441074,0.0,21.5,0.0,43,43,0
silence_vPN1,targeted,vPN1,0,11,75.0,output_combined_exploratory,4,40,27.5,0.8625,11.526639344262295,10.064177362893815,0.0,34.5,0.0,138,138,0
silence_vPN1,targeted,vPN1,0,11,85.0,auditory_input,93,40,20.0,1.0,12.055455093429776,10.476689366160294,0.0,40.0,0.0,3720,3720,0
silence_vPN1,targeted,vPN1,0,11,85.0,aPN1,15,40,8.0,0.395,4.761904761904762,4.138292299633315,0.0,15.8,0.0,237,237,0
silence_vPN1,targeted,vPN1,0,11,85.0,vPN1,11,40,0.0,0.0,0.0,0.0,0.0,0.0,0.0,0,0,0
silence_vPN1,targeted,vPN1,0,11,85.0,pC1,112,40,11.428571428571427,0.48928571428571427,5.764014466546112,5.126094439871286,0.0,19.571428571428573,0.0,2192,2192,0
silence_vPN1,targeted,vPN1,0,11,85.0,pIP10,2,40,30.0,1.025,12.055455093429776,10.7386066003143,0.0,41.0,0.0,82,82,0
silence_vPN1,targeted,vPN1,0,11,85.0,pMP2,2,40,20.0,0.425,5.1235684147076554,4.452592980618125,0.0,17.0,0.0,34,34,0
silence_vPN1,targeted,vPN1,0,11,85.0,output_combined_exploratory,4,40,22.5,0.725,8.589511754068717,7.5955997904662125,0.0,29.0,0.0,116,116,0
silence_vPN1,targeted,vPN1,0,11,95.0,auditory_input,93,40,20.0,1.0,10.787486515641856,9.505703422053232,0.0,40.0,0.0,3720,3720,0
silence_vPN1,targeted,vPN1,0,11,95.0,aPN1,15,40,8.0,0.395,4.261057173678533,3.7547528517110265,0.0,15.8,0.0,237,237,0
silence_vPN1,targeted,vPN1,0,11,95.0,vPN1,11,40,0.0,0.0,0.0,0.0,0.0,0.0,0.0,0,0,0
silence_vPN1,targeted,vPN1,0,11,95.0,pC1,112,40,11.517857142857142,0.49910714285714286,5.239636307597473,4.7443644758283545,0.0,19.964285714285715,0.0,2236,2236,0
silence_vPN1,targeted,vPN1,0,11,95.0,pIP10,2,40,30.0,0.9875,10.382955771305285,9.386882129277566,0.0,39.5,0.0,79,79,0
silence_vPN1,targeted,vPN1,0,11,95.0,pMP2,2,40,25.0,0.3625,3.7756202804746493,3.4458174904942966,0.0,14.5,0.0,29,29,0
silence_vPN1,targeted,vPN1,0,11,95.0,output_combined_exploratory,4,40,22.5,0.675,7.0792880258899675,6.416349809885931,0.0,27.0,0.0,108,108,0
silence_pC1,targeted,pC1,0,112,15.0,auditory_input,93,40,70.0,1.0,68.02721088435374,36.76470588235294,0.0,40.0,0.0,3720,3720,0
silence_pC1,targeted,pC1,0,112,15.0,aPN1,15,40,7.333333333333333,0.06,4.081632653061225,2.2058823529411766,0.0,2.4,0.0,36,36,0
silence_pC1,targeted,pC1,0,112,15.0,vPN1,11,40,10.909090909090908,0.08181818181818182,5.256648113790971,3.0080213903743314,0.0,3.272727272727273,0.0,36,36,0
silence_pC1,targeted,pC1,0,112,15.0,pC1,112,40,0.0,0.0,0.0,0.0,0.0,0.0,0.0,0,0,0
silence_pC1,targeted,pC1,0,112,15.0,pIP10,2,40,20.0,0.05,3.4013605442176873,1.838235294117647,0.0,2.0,0.0,4,4,0
silence_pC1,targeted,pC1,0,112,15.0,pMP2,2,40,0.0,0.0,0.0,0.0,0.0,0.0,0.0,0,0,0
silence_pC1,targeted,pC1,0,112,15.0,output_combined_exploratory,4,40,10.0,0.025,1.7006802721088436,0.9191176470588235,0.0,1.0,0.0,4,4,0
silence_pC1,targeted,pC1,0,112,25.0,auditory_input,93,40,41.0752688172043,1.0,40.89979550102249,27.06359945872801,0.0,40.0,0.0,3720,3720,0
silence_pC1,targeted,pC1,0,112,25.0,aPN1,15,40,8.0,0.12666666666666668,5.18064076346285,3.428055931438881,0.0,5.066666666666666,0.0,76,76,0
silence_pC1,targeted,pC1,0,112,25.0,vPN1,11,40,19.09090909090909,0.17727272727272728,7.064510131994794,4.797638085865421,0.0,7.090909090909091,0.0,78,78,0
silence_pC1,targeted,pC1,0,112,25.0,pC1,112,40,0.0,0.0,0.0,0.0,0.0,0.0,0.0,0,0,0
silence_pC1,targeted,pC1,0,112,25.0,pIP10,2,40,35.0,0.35,14.314928425357873,9.472259810554803,0.0,14.0,0.0,28,28,0
silence_pC1,targeted,pC1,0,112,25.0,pMP2,2,40,0.0,0.0,0.0,0.0,0.0,0.0,0.0,0,0,0
silence_pC1,targeted,pC1,0,112,25.0,output_combined_exploratory,4,40,17.5,0.175,7.157464212678937,4.7361299052774015,0.0,7.0,0.0,28,28,0
silence_pC1,targeted,pC1,0,112,35.0,auditory_input,93,40,29.999999999999996,1.0,29.239766081871345,21.413276231263385,0.0,40.0,0.0,3720,3720,0
silence_pC1,targeted,pC1,0,112,35.0,aPN1,15,40,10.0,0.285,8.333333333333334,6.102783725910064,0.0,11.4,0.0,171,171,0
silence_pC1,targeted,pC1,0,112,35.0,vPN1,11,40,19.09090909090909,0.5886363636363636,16.81286549707602,12.604633054311854,0.0,23.545454545454547,0.0,259,259,0
silence_pC1,targeted,pC1,0,112,35.0,pC1,112,40,0.0,0.0,0.0,0.0,0.0,0.0,0.0,0,0,0
silence_pC1,targeted,pC1,0,112,35.0,pIP10,2,40,30.0,0.1375,4.02046783625731,2.9443254817987152,0.0,5.5,0.0,11,11,0
silence_pC1,targeted,pC1,0,112,35.0,pMP2,2,40,0.0,0.0,0.0,0.0,0.0,0.0,0.0,0,0,0
silence_pC1,targeted,pC1,0,112,35.0,output_combined_exploratory,4,40,15.0,0.06875,2.010233918128655,1.4721627408993576,0.0,2.75,0.0,11,11,0
silence_pC1,targeted,pC1,0,112,45.0,auditory_input,93,40,29.999999999999996,1.0,22.753128555176335,17.71479185119575,0.0,40.0,0.0,3720,3720,0
silence_pC1,targeted,pC1,0,112,45.0,aPN1,15,40,12.0,0.39666666666666667,9.025407660219946,7.026867434307648,0.0,15.866666666666667,0.0,238,238,0
silence_pC1,targeted,pC1,0,112,45.0,vPN1,11,40,19.09090909090909,0.5795454545454546,12.979625607611956,10.266527095579354,0.0,23.181818181818183,0.0,255,255,0
silence_pC1,targeted,pC1,0,112,45.0,pC1,112,40,0.0,0.0,0.0,0.0,0.0,0.0,0.0,0,0,0
silence_pC1,targeted,pC1,0,112,45.0,pIP10,2,40,20.0,0.2375,5.40386803185438,4.20726306465899,0.0,9.5,0.0,19,19,0
silence_pC1,targeted,pC1,0,112,45.0,pMP2,2,40,0.0,0.0,0.0,0.0,0.0,0.0,0.0,0,0,0
silence_pC1,targeted,pC1,0,112,45.0,output_combined_exploratory,4,40,10.0,0.11875,2.70193401592719,2.103631532329495,0.0,4.75,0.0,19,19,0
silence_pC1,targeted,pC1,0,112,55.0,auditory_input,93,40,20.0,1.0,18.6219739292365,15.105740181268882,0.0,40.0,0.0,3720,3720,0
silence_pC1,targeted,pC1,0,112,55.0,aPN1,15,40,8.0,0.4,7.4487895716946,6.042296072507553,0.0,16.0,0.0,240,240,0
silence_pC1,targeted,pC1,0,112,55.0,vPN1,11,40,13.636363636363635,0.5545454545454546,10.15744032503809,8.37681955506729,0.0,22.181818181818183,0.0,244,244,0
silence_pC1,targeted,pC1,0,112,55.0,pC1,112,40,0.0,0.0,0.0,0.0,0.0,0.0,0.0,0,0,0
silence_pC1,targeted,pC1,0,112,55.0,pIP10,2,40,30.0,0.675,12.569832402234637,10.196374622356496,0.0,27.0,0.0,54,54,0
silence_pC1,targeted,pC1,0,112,55.0,pMP2,2,40,0.0,0.0,0.0,0.0,0.0,0.0,0.0,0,0,0
silence_pC1,targeted,pC1,0,112,55.0,output_combined_exploratory,4,40,15.0,0.3375,6.284916201117318,5.098187311178248,0.0,13.5,0.0,54,54,0
silence_pC1,targeted,pC1,0,112,65.0,auditory_input,93,40,20.0,1.0,15.760441292356187,13.166556945358789,0.0,40.0,0.0,3720,3720,0
silence_pC1,targeted,pC1,0,112,65.0,aPN1,15,40,8.0,0.4,6.304176516942475,5.266622778143516,0.0,16.0,0.0,240,240,0
silence_pC1,targeted,pC1,0,112,65.0,vPN1,11,40,12.727272727272727,0.5318181818181819,8.238412493731643,7.002214375486265,0.0,21.272727272727273,0.0,234,234,0
silence_pC1,targeted,pC1,0,112,65.0,pC1,112,40,0.0,0.0,0.0,0.0,0.0,0.0,0.0,0,0,0
silence_pC1,targeted,pC1,0,112,65.0,pIP10,2,40,20.0,0.75,11.623325453112686,9.87491770901909,0.0,30.0,0.0,60,60,0
silence_pC1,targeted,pC1,0,112,65.0,pMP2,2,40,0.0,0.0,0.0,0.0,0.0,0.0,0.0,0,0,0
silence_pC1,targeted,pC1,0,112,65.0,output_combined_exploratory,4,40,10.0,0.375,5.811662726556343,4.937458854509545,0.0,15.0,0.0,60,60,0
silence_pC1,targeted,pC1,0,112,75.0,auditory_input,93,40,20.0,1.0,13.661202185792348,11.668611435239205,0.0,40.0,0.0,3720,3720,0
silence_pC1,targeted,pC1,0,112,75.0,aPN1,15,40,8.0,0.39,5.327868852459016,4.550758459743291,0.0,15.6,0.0,234,234,0
silence_pC1,targeted,pC1,0,112,75.0,vPN1,11,40,12.727272727272727,0.5409090909090909,7.265275707898659,6.311658003606662,0.0,21.636363636363637,0.0,238,238,0
silence_pC1,targeted,pC1,0,112,75.0,pC1,112,40,0.0,0.0,0.0,0.0,0.0,0.0,0.0,0,0,0
silence_pC1,targeted,pC1,0,112,75.0,pIP10,2,40,20.0,0.7,9.221311475409836,8.168028004667445,0.0,28.0,0.0,56,56,0
silence_pC1,targeted,pC1,0,112,75.0,pMP2,2,40,0.0,0.0,0.0,0.0,0.0,0.0,0.0,0,0,0
silence_pC1,targeted,pC1,0,112,75.0,output_combined_exploratory,4,40,10.0,0.35,4.610655737704918,4.084014002333722,0.0,14.0,0.0,56,56,0
silence_pC1,targeted,pC1,0,112,85.0,auditory_input,93,40,20.0,1.0,12.055455093429776,10.476689366160294,0.0,40.0,0.0,3720,3720,0
silence_pC1,targeted,pC1,0,112,85.0,aPN1,15,40,8.0,0.38333333333333336,4.621257785814747,4.016064257028113,0.0,15.333333333333334,0.0,230,230,0
silence_pC1,targeted,pC1,0,112,85.0,vPN1,11,40,12.727272727272727,0.5113636363636364,6.000328785138912,5.357397971331968,0.0,20.454545454545453,0.0,225,225,0
silence_pC1,targeted,pC1,0,112,85.0,pC1,112,40,0.0,0.0,0.0,0.0,0.0,0.0,0.0,0,0,0
silence_pC1,targeted,pC1,0,112,85.0,pIP10,2,40,20.0,0.775,9.342977697408077,8.119434258774227,0.0,31.0,0.0,62,62,0
silence_pC1,targeted,pC1,0,112,85.0,pMP2,2,40,0.0,0.0,0.0,0.0,0.0,0.0,0.0,0,0,0
silence_pC1,targeted,pC1,0,112,85.0,output_combined_exploratory,4,40,10.0,0.3875,4.671488848704039,4.0597171293871135,0.0,15.5,0.0,62,62,0
silence_pC1,targeted,pC1,0,112,95.0,auditory_input,93,40,20.0,1.0,10.787486515641856,9.505703422053232,0.0,40.0,0.0,3720,3720,0
silence_pC1,targeted,pC1,0,112,95.0,aPN1,15,40,8.0,0.39166666666666666,4.225098885293059,3.7230671736375154,0.0,15.666666666666666,0.0,235,235,0
silence_pC1,targeted,pC1,0,112,95.0,vPN1,11,40,14.545454545454545,0.5613636363636364,5.957634598411297,5.336156239198064,0.0,22.454545454545453,0.0,247,247,0
silence_pC1,targeted,pC1,0,112,95.0,pC1,112,40,0.0,0.0,0.0,0.0,0.0,0.0,0.0,0,0,0
silence_pC1,targeted,pC1,0,112,95.0,pIP10,2,40,20.0,0.75,7.820927723840345,7.1292775665399235,0.0,30.0,0.0,60,60,0
silence_pC1,targeted,pC1,0,112,95.0,pMP2,2,40,0.0,0.0,0.0,0.0,0.0,0.0,0.0,0,0,0
silence_pC1,targeted,pC1,0,112,95.0,output_combined_exploratory,4,40,10.0,0.375,3.9104638619201726,3.5646387832699618,0.0,15.0,0.0,60,60,0
silence_auditory_input,targeted,auditory_input,0,93,15.0,auditory_input,93,40,0.0,0.0,0.0,0.0,0.0,0.0,0.0,0,0,0
silence_auditory_input,targeted,auditory_input,0,93,15.0,aPN1,15,40,0.0,0.0,0.0,0.0,0.0,0.0,0.0,0,0,0
silence_auditory_input,targeted,auditory_input,0,93,15.0,vPN1,11,40,0.0,0.0,0.0,0.0,0.0,0.0,0.0,0,0,0
silence_auditory_input,targeted,auditory_input,0,93,15.0,pC1,112,40,0.0,0.0,0.0,0.0,0.0,0.0,0.0,0,0,0
silence_auditory_input,targeted,auditory_input,0,93,15.0,pIP10,2,40,0.0,0.0,0.0,0.0,0.0,0.0,0.0,0,0,0
silence_auditory_input,targeted,auditory_input,0,93,15.0,pMP2,2,40,0.0,0.0,0.0,0.0,0.0,0.0,0.0,0,0,0
silence_auditory_input,targeted,auditory_input,0,93,15.0,output_combined_exploratory,4,40,0.0,0.0,0.0,0.0,0.0,0.0,0.0,0,0,0
silence_auditory_input,targeted,auditory_input,0,93,25.0,auditory_input,93,40,0.0,0.0,0.0,0.0,0.0,0.0,0.0,0,0,0
silence_auditory_input,targeted,auditory_input,0,93,25.0,aPN1,15,40,0.0,0.0,0.0,0.0,0.0,0.0,0.0,0,0,0
silence_auditory_input,targeted,auditory_input,0,93,25.0,vPN1,11,40,0.0,0.0,0.0,0.0,0.0,0.0,0.0,0,0,0
silence_auditory_input,targeted,auditory_input,0,93,25.0,pC1,112,40,0.0,0.0,0.0,0.0,0.0,0.0,0.0,0,0,0
silence_auditory_input,targeted,auditory_input,0,93,25.0,pIP10,2,40,0.0,0.0,0.0,0.0,0.0,0.0,0.0,0,0,0
silence_auditory_input,targeted,auditory_input,0,93,25.0,pMP2,2,40,0.0,0.0,0.0,0.0,0.0,0.0,0.0,0,0,0
silence_auditory_input,targeted,auditory_input,0,93,25.0,output_combined_exploratory,4,40,0.0,0.0,0.0,0.0,0.0,0.0,0.0,0,0,0
silence_auditory_input,targeted,auditory_input,0,93,35.0,auditory_input,93,40,0.0,0.0,0.0,0.0,0.0,0.0,0.0,0,0,0
silence_auditory_input,targeted,auditory_input,0,93,35.0,aPN1,15,40,0.0,0.0,0.0,0.0,0.0,0.0,0.0,0,0,0
silence_auditory_input,targeted,auditory_input,0,93,35.0,vPN1,11,40,0.0,0.0,0.0,0.0,0.0,0.0,0.0,0,0,0
silence_auditory_input,targeted,auditory_input,0,93,35.0,pC1,112,40,0.0,0.0,0.0,0.0,0.0,0.0,0.0,0,0,0
silence_auditory_input,targeted,auditory_input,0,93,35.0,pIP10,2,40,0.0,0.0,0.0,0.0,0.0,0.0,0.0,0,0,0
silence_auditory_input,targeted,auditory_input,0,93,35.0,pMP2,2,40,0.0,0.0,0.0,0.0,0.0,0.0,0.0,0,0,0
silence_auditory_input,targeted,auditory_input,0,93,35.0,output_combined_exploratory,4,40,0.0,0.0,0.0,0.0,0.0,0.0,0.0,0,0,0
silence_auditory_input,targeted,auditory_input,0,93,45.0,auditory_input,93,40,0.0,0.0,0.0,0.0,0.0,0.0,0.0,0,0,0
silence_auditory_input,targeted,auditory_input,0,93,45.0,aPN1,15,40,0.0,0.0,0.0,0.0,0.0,0.0,0.0,0,0,0
silence_auditory_input,targeted,auditory_input,0,93,45.0,vPN1,11,40,0.0,0.0,0.0,0.0,0.0,0.0,0.0,0,0,0
silence_auditory_input,targeted,auditory_input,0,93,45.0,pC1,112,40,0.0,0.0,0.0,0.0,0.0,0.0,0.0,0,0,0
silence_auditory_input,targeted,auditory_input,0,93,45.0,pIP10,2,40,0.0,0.0,0.0,0.0,0.0,0.0,0.0,0,0,0
silence_auditory_input,targeted,auditory_input,0,93,45.0,pMP2,2,40,0.0,0.0,0.0,0.0,0.0,0.0,0.0,0,0,0
silence_auditory_input,targeted,auditory_input,0,93,45.0,output_combined_exploratory,4,40,0.0,0.0,0.0,0.0,0.0,0.0,0.0,0,0,0
silence_auditory_input,targeted,auditory_input,0,93,55.0,auditory_input,93,40,0.0,0.0,0.0,0.0,0.0,0.0,0.0,0,0,0
silence_auditory_input,targeted,auditory_input,0,93,55.0,aPN1,15,40,0.0,0.0,0.0,0.0,0.0,0.0,0.0,0,0,0
silence_auditory_input,targeted,auditory_input,0,93,55.0,vPN1,11,40,0.0,0.0,0.0,0.0,0.0,0.0,0.0,0,0,0
silence_auditory_input,targeted,auditory_input,0,93,55.0,pC1,112,40,0.0,0.0,0.0,0.0,0.0,0.0,0.0,0,0,0
silence_auditory_input,targeted,auditory_input,0,93,55.0,pIP10,2,40,0.0,0.0,0.0,0.0,0.0,0.0,0.0,0,0,0
silence_auditory_input,targeted,auditory_input,0,93,55.0,pMP2,2,40,0.0,0.0,0.0,0.0,0.0,0.0,0.0,0,0,0
silence_auditory_input,targeted,auditory_input,0,93,55.0,output_combined_exploratory,4,40,0.0,0.0,0.0,0.0,0.0,0.0,0.0,0,0,0
silence_auditory_input,targeted,auditory_input,0,93,65.0,auditory_input,93,40,0.0,0.0,0.0,0.0,0.0,0.0,0.0,0,0,0
silence_auditory_input,targeted,auditory_input,0,93,65.0,aPN1,15,40,0.0,0.0,0.0,0.0,0.0,0.0,0.0,0,0,0
silence_auditory_input,targeted,auditory_input,0,93,65.0,vPN1,11,40,0.0,0.0,0.0,0.0,0.0,0.0,0.0,0,0,0
silence_auditory_input,targeted,auditory_input,0,93,65.0,pC1,112,40,0.0,0.0,0.0,0.0,0.0,0.0,0.0,0,0,0
silence_auditory_input,targeted,auditory_input,0,93,65.0,pIP10,2,40,0.0,0.0,0.0,0.0,0.0,0.0,0.0,0,0,0
silence_auditory_input,targeted,auditory_input,0,93,65.0,pMP2,2,40,0.0,0.0,0.0,0.0,0.0,0.0,0.0,0,0,0
silence_auditory_input,targeted,auditory_input,0,93,65.0,output_combined_exploratory,4,40,0.0,0.0,0.0,0.0,0.0,0.0,0.0,0,0,0
silence_auditory_input,targeted,auditory_input,0,93,75.0,auditory_input,93,40,0.0,0.0,0.0,0.0,0.0,0.0,0.0,0,0,0
silence_auditory_input,targeted,auditory_input,0,93,75.0,aPN1,15,40,0.0,0.0,0.0,0.0,0.0,0.0,0.0,0,0,0
silence_auditory_input,targeted,auditory_input,0,93,75.0,vPN1,11,40,0.0,0.0,0.0,0.0,0.0,0.0,0.0,0,0,0
silence_auditory_input,targeted,auditory_input,0,93,75.0,pC1,112,40,0.0,0.0,0.0,0.0,0.0,0.0,0.0,0,0,0
silence_auditory_input,targeted,auditory_input,0,93,75.0,pIP10,2,40,0.0,0.0,0.0,0.0,0.0,0.0,0.0,0,0,0
silence_auditory_input,targeted,auditory_input,0,93,75.0,pMP2,2,40,0.0,0.0,0.0,0.0,0.0,0.0,0.0,0,0,0
silence_auditory_input,targeted,auditory_input,0,93,75.0,output_combined_exploratory,4,40,0.0,0.0,0.0,0.0,0.0,0.0,0.0,0,0,0
silence_auditory_input,targeted,auditory_input,0,93,85.0,auditory_input,93,40,0.0,0.0,0.0,0.0,0.0,0.0,0.0,0,0,0
silence_auditory_input,targeted,auditory_input,0,93,85.0,aPN1,15,40,0.0,0.0,0.0,0.0,0.0,0.0,0.0,0,0,0
silence_auditory_input,targeted,auditory_input,0,93,85.0,vPN1,11,40,0.0,0.0,0.0,0.0,0.0,0.0,0.0,0,0,0
silence_auditory_input,targeted,auditory_input,0,93,85.0,pC1,112,40,0.0,0.0,0.0,0.0,0.0,0.0,0.0,0,0,0
silence_auditory_input,targeted,auditory_input,0,93,85.0,pIP10,2,40,0.0,0.0,0.0,0.0,0.0,0.0,0.0,0,0,0
silence_auditory_input,targeted,auditory_input,0,93,85.0,pMP2,2,40,0.0,0.0,0.0,0.0,0.0,0.0,0.0,0,0,0
silence_auditory_input,targeted,auditory_input,0,93,85.0,output_combined_exploratory,4,40,0.0,0.0,0.0,0.0,0.0,0.0,0.0,0,0,0
silence_auditory_input,targeted,auditory_input,0,93,95.0,auditory_input,93,40,0.0,0.0,0.0,0.0,0.0,0.0,0.0,0,0,0
silence_auditory_input,targeted,auditory_input,0,93,95.0,aPN1,15,40,0.0,0.0,0.0,0.0,0.0,0.0,0.0,0,0,0
silence_auditory_input,targeted,auditory_input,0,93,95.0,vPN1,11,40,0.0,0.0,0.0,0.0,0.0,0.0,0.0,0,0,0
silence_auditory_input,targeted,auditory_input,0,93,95.0,pC1,112,40,0.0,0.0,0.0,0.0,0.0,0.0,0.0,0,0,0
silence_auditory_input,targeted,auditory_input,0,93,95.0,pIP10,2,40,0.0,0.0,0.0,0.0,0.0,0.0,0.0,0,0,0
silence_auditory_input,targeted,auditory_input,0,93,95.0,pMP2,2,40,0.0,0.0,0.0,0.0,0.0,0.0,0.0,0,0,0
silence_auditory_input,targeted,auditory_input,0,93,95.0,output_combined_exploratory,4,40,0.0,0.0,0.0,0.0,0.0,0.0,0.0,0,0,0
random_vPN1_00,random_control,vPN1,0,11,35.0,auditory_input,93,40,29.999999999999996,1.0,29.239766081871345,21.413276231263385,0.0,40.0,0.0,3720,3720,0
random_vPN1_00,random_control,vPN1,0,11,35.0,aPN1,15,40,10.0,0.25333333333333335,7.407407407407407,5.42469664525339,0.0,10.133333333333333,0.0,152,152,0
random_vPN1_00,random_control,vPN1,0,11,35.0,vPN1,11,40,20.0,0.47954545454545455,14.02179691653376,10.268639283628577,0.0,19.181818181818183,0.0,211,211,0
random_vPN1_00,random_control,vPN1,0,11,35.0,pC1,112,40,12.767857142857142,0.3625,10.455827067669173,7.762312633832976,0.0,14.5,0.0,1624,1624,0
random_vPN1_00,random_control,vPN1,0,11,35.0,pIP10,2,40,50.0,1.05,30.33625730994152,22.48394004282655,0.0,42.0,0.0,84,84,0
random_vPN1_00,random_control,vPN1,0,11,35.0,pMP2,2,40,20.0,0.0625,1.8274853801169588,1.3383297644539613,0.0,2.5,0.0,5,5,0
random_vPN1_00,random_control,vPN1,0,11,35.0,output_combined_exploratory,4,40,27.5,0.55625,16.08187134502924,11.911134903640257,0.0,22.25,0.0,89,89,0
random_vPN1_01,random_control,vPN1,1,11,35.0,auditory_input,93,40,29.999999999999996,1.0,29.239766081871345,21.413276231263385,0.0,40.0,0.0,3720,3720,0
random_vPN1_01,random_control,vPN1,1,11,35.0,aPN1,15,40,9.333333333333334,0.27666666666666667,8.089668615984406,5.924339757316202,0.0,11.066666666666666,0.0,166,166,0
random_vPN1_01,random_control,vPN1,1,11,35.0,vPN1,11,40,20.909090909090907,0.5431818181818182,15.483785220627325,11.631302316527155,0.0,21.727272727272727,0.0,239,239,0
random_vPN1_01,random_control,vPN1,1,11,35.0,pC1,112,40,13.303571428571427,0.3703125,10.540674603174603,7.929603854389721,0.0,14.8125,0.0,1659,1659,0
random_vPN1_01,random_control,vPN1,1,11,35.0,pIP10,2,40,60.0,1.2625,36.18421052631579,27.03426124197002,0.0,50.5,0.0,101,101,0
random_vPN1_01,random_control,vPN1,1,11,35.0,pMP2,2,40,20.0,0.05,1.461988304093567,1.070663811563169,0.0,2.0,0.0,4,4,0
random_vPN1_01,random_control,vPN1,1,11,35.0,output_combined_exploratory,4,40,30.0,0.65625,18.823099415204677,14.052462526766595,0.0,26.25,0.0,105,105,0
random_vPN1_02,random_control,vPN1,2,11,35.0,auditory_input,93,40,29.999999999999996,1.0,29.239766081871345,21.413276231263385,0.0,40.0,0.0,3720,3720,0
random_vPN1_02,random_control,vPN1,2,11,35.0,aPN1,15,40,9.333333333333334,0.25833333333333336,7.553606237816764,5.531763026409707,0.0,10.333333333333334,0.0,155,155,0
random_vPN1_02,random_control,vPN1,2,11,35.0,vPN1,11,40,17.27272727272727,0.3886363636363636,11.031366294524188,8.321977808059177,0.0,15.545454545454545,0.0,171,171,0
random_vPN1_02,random_control,vPN1,2,11,35.0,pC1,112,40,14.285714285714285,0.3234375,9.228801169590643,6.92585653104925,0.0,12.9375,0.0,1449,1449,0
random_vPN1_02,random_control,vPN1,2,11,35.0,pIP10,2,40,55.0,0.925,27.046783625730992,19.807280513918627,0.0,37.0,0.0,74,74,0
random_vPN1_02,random_control,vPN1,2,11,35.0,pMP2,2,40,20.0,0.1125,3.289473684210526,2.4089935760171306,0.0,4.5,0.0,9,9,0
random_vPN1_02,random_control,vPN1,2,11,35.0,output_combined_exploratory,4,40,32.5,0.51875,15.16812865497076,11.10813704496788,0.0,20.75,0.0,83,83,0
random_vPN1_03,random_control,vPN1,3,11,35.0,auditory_input,93,40,29.999999999999996,1.0,29.239766081871345,21.413276231263385,0.0,40.0,0.0,3720,3720,0
random_vPN1_03,random_control,vPN1,3,11,35.0,aPN1,15,40,9.333333333333334,0.24333333333333335,7.115009746588694,5.210563882940757,0.0,9.733333333333333,0.0,146,146,0
random_vPN1_03,random_control,vPN1,3,11,35.0,vPN1,11,40,19.09090909090909,0.5181818181818182,14.686337054758107,11.09597041074557,0.0,20.727272727272727,0.0,228,228,0
random_vPN1_03,random_control,vPN1,3,11,35.0,pC1,112,40,13.303571428571427,0.37098214285714287,10.429720133667502,7.943943101866013,0.0,14.839285714285714,0.0,1662,1662,0
random_vPN1_03,random_control,vPN1,3,11,35.0,pIP10,2,40,65.0,1.2375,35.453216374269005,26.498929336188436,0.0,49.5,0.0,99,99,0
random_vPN1_03,random_control,vPN1,3,11,35.0,pMP2,2,40,20.0,0.125,3.6549707602339176,2.6766595289079227,0.0,5.0,0.0,10,10,0
random_vPN1_03,random_control,vPN1,3,11,35.0,output_combined_exploratory,4,40,42.5,0.68125,19.55409356725146,14.58779443254818,0.0,27.25,0.0,109,109,0
random_vPN1_04,random_control,vPN1,4,11,35.0,auditory_input,93,40,29.999999999999996,1.0,29.239766081871345,21.413276231263385,0.0,40.0,0.0,3720,3720,0
random_vPN1_04,random_control,vPN1,4,11,35.0,aPN1,15,40,10.0,0.2633333333333333,7.699805068226121,5.638829407566024,0.0,10.533333333333333,0.0,158,158,0
random_vPN1_04,random_control,vPN1,4,11,35.0,vPN1,11,40,19.09090909090909,0.45,12.825624667729931,9.635974304068522,0.0,18.0,0.0,198,198,0
random_vPN1_04,random_control,vPN1,4,11,35.0,pC1,112,40,15.535714285714285,0.328125,9.46376357560568,7.0262312633832975,0.0,13.125,0.0,1470,1470,0
random_vPN1_04,random_control,vPN1,4,11,35.0,pIP10,2,40,70.0,1.0125,28.87426900584795,21.680942184154173,0.0,40.5,0.0,81,81,0
random_vPN1_04,random_control,vPN1,4,11,35.0,pMP2,2,40,20.0,0.0875,2.5584795321637426,1.873661670235546,0.0,3.5,0.0,7,7,0
random_vPN1_04,random_control,vPN1,4,11,35.0,output_combined_exploratory,4,40,35.0,0.55,15.716374269005847,11.777301927194861,0.0,22.0,0.0,88,88,0
random_vPN1_05,random_control,vPN1,5,11,35.0,auditory_input,93,40,29.999999999999996,1.0,29.239766081871345,21.413276231263385,0.0,40.0,0.0,3720,3720,0
random_vPN1_05,random_control,vPN1,5,11,35.0,aPN1,15,40,9.333333333333334,0.26,7.60233918128655,5.56745182012848,0.0,10.4,0.0,156,156,0
random_vPN1_05,random_control,vPN1,5,11,35.0,vPN1,11,40,20.909090909090907,0.5454545454545454,15.55023923444976,11.67996885341639,0.0,21.818181818181817,0.0,240,240,0
random_vPN1_05,random_control,vPN1,5,11,35.0,pC1,112,40,13.303571428571427,0.35267857142857145,10.025062656641603,7.552003670847354,0.0,14.107142857142858,0.0,1580,1580,0
random_vPN1_05,random_control,vPN1,5,11,35.0,pIP10,2,40,55.0,1.2375,34.72222222222222,26.498929336188436,0.0,49.5,0.0,99,99,0
random_vPN1_05,random_control,vPN1,5,11,35.0,pMP2,2,40,20.0,0.075,2.1929824561403506,1.6059957173447537,0.0,3.0,0.0,6,6,0
random_vPN1_05,random_control,vPN1,5,11,35.0,output_combined_exploratory,4,40,30.0,0.65625,18.457602339181285,14.052462526766595,0.0,26.25,0.0,105,105,0
random_vPN1_06,random_control,vPN1,6,11,35.0,auditory_input,93,40,29.999999999999996,1.0,29.239766081871345,21.413276231263385,0.0,40.0,0.0,3720,3720,0
random_vPN1_06,random_control,vPN1,6,11,35.0,aPN1,15,40,9.333333333333334,0.25833333333333336,7.553606237816764,5.531763026409707,0.0,10.333333333333334,0.0,155,155,0
random_vPN1_06,random_control,vPN1,6,11,35.0,vPN1,11,40,20.909090909090907,0.4659090909090909,13.423710792131844,9.976640062293166,0.0,18.636363636363637,0.0,205,205,0
random_vPN1_06,random_control,vPN1,6,11,35.0,pC1,112,40,13.660714285714285,0.3357142857142857,9.685672514619883,7.188742734781278,0.0,13.428571428571429,0.0,1504,1504,0
random_vPN1_06,random_control,vPN1,6,11,35.0,pIP10,2,40,50.0,0.9125,26.31578947368421,19.539614561027836,0.0,36.5,0.0,73,73,0
random_vPN1_06,random_control,vPN1,6,11,35.0,pMP2,2,40,20.0,0.1,2.923976608187134,2.141327623126338,0.0,4.0,0.0,8,8,0
random_vPN1_06,random_control,vPN1,6,11,35.0,output_combined_exploratory,4,40,30.0,0.50625,14.61988304093567,10.840471092077086,0.0,20.25,0.0,81,81,0
random_vPN1_07,random_control,vPN1,7,11,35.0,auditory_input,93,40,29.999999999999996,1.0,29.239766081871345,21.413276231263385,0.0,40.0,0.0,3720,3720,0
random_vPN1_07,random_control,vPN1,7,11,35.0,aPN1,15,40,9.333333333333334,0.285,8.333333333333334,6.102783725910064,0.0,11.4,0.0,171,171,0
random_vPN1_07,random_control,vPN1,7,11,35.0,vPN1,11,40,20.909090909090907,0.5454545454545454,15.483785220627325,11.67996885341639,0.0,21.818181818181817,0.0,240,240,0
random_vPN1_07,random_control,vPN1,7,11,35.0,pC1,112,40,14.19642857142857,0.38705357142857144,11.017126148705096,8.288085041297032,0.0,15.482142857142858,0.0,1734,1734,0
random_vPN1_07,random_control,vPN1,7,11,35.0,pIP10,2,40,60.0,1.175,33.62573099415204,25.160599571734473,0.0,47.0,0.0,94,94,0
random_vPN1_07,random_control,vPN1,7,11,35.0,pMP2,2,40,20.0,0.0625,1.8274853801169588,1.3383297644539613,0.0,2.5,0.0,5,5,0
random_vPN1_07,random_control,vPN1,7,11,35.0,output_combined_exploratory,4,40,30.0,0.61875,17.726608187134502,13.249464668094218,0.0,24.75,0.0,99,99,0
random_vPN1_08,random_control,vPN1,8,11,35.0,auditory_input,93,40,29.999999999999996,1.0,29.239766081871345,21.413276231263385,0.0,40.0,0.0,3720,3720,0
random_vPN1_08,random_control,vPN1,8,11,35.0,aPN1,15,40,9.333333333333334,0.2833333333333333,8.284600389863549,6.067094932191292,0.0,11.333333333333334,0.0,170,170,0
random_vPN1_08,random_control,vPN1,8,11,35.0,vPN1,11,40,21.818181818181817,0.5272727272727272,15.018607123870282,11.290636558302511,0.0,21.09090909090909,0.0,232,232,0
random_vPN1_08,random_control,vPN1,8,11,35.0,pC1,112,40,13.928571428571427,0.34665178571428573,9.914108187134502,7.422950443560722,0.0,13.866071428571429,0.0,1553,1553,0
random_vPN1_08,random_control,vPN1,8,11,35.0,pIP10,2,40,50.0,1.05,29.23976608187134,22.48394004282655,0.0,42.0,0.0,84,84,0
random_vPN1_08,random_control,vPN1,8,11,35.0,pMP2,2,40,20.0,0.0625,1.8274853801169588,1.3383297644539613,0.0,2.5,0.0,5,5,0
random_vPN1_08,random_control,vPN1,8,11,35.0,output_combined_exploratory,4,40,25.0,0.55625,15.533625730994151,11.911134903640257,0.0,22.25,0.0,89,89,0
random_vPN1_09,random_control,vPN1,9,11,35.0,auditory_input,93,40,29.999999999999996,1.0,29.239766081871345,21.413276231263385,0.0,40.0,0.0,3720,3720,0
random_vPN1_09,random_control,vPN1,9,11,35.0,aPN1,15,40,9.333333333333334,0.245,7.16374269005848,5.2462526766595285,0.0,9.8,0.0,147,147,0
random_vPN1_09,random_control,vPN1,9,11,35.0,vPN1,11,40,19.09090909090909,0.4954545454545455,14.088250930356194,10.60930504185322,0.0,19.818181818181817,0.0,218,218,0
random_vPN1_09,random_control,vPN1,9,11,35.0,pC1,112,40,13.303571428571427,0.35535714285714287,10.083803258145362,7.6093606607525235,0.0,14.214285714285714,0.0,1592,1592,0
random_vPN1_09,random_control,vPN1,9,11,35.0,pIP10,2,40,60.0,1.3375,37.646198830409354,28.640256959314772,0.0,53.5,0.0,107,107,0
random_vPN1_09,random_control,vPN1,9,11,35.0,pMP2,2,40,20.0,0.0875,2.1929824561403506,1.873661670235546,0.0,3.5,0.0,7,7,0
random_vPN1_09,random_control,vPN1,9,11,35.0,output_combined_exploratory,4,40,30.0,0.7125,19.91959064327485,15.256959314775159,0.0,28.5,0.0,114,114,0
random_vPN1_10,random_control,vPN1,10,11,35.0,auditory_input,93,40,29.999999999999996,1.0,29.239766081871345,21.413276231263385,0.0,40.0,0.0,3720,3720,0
random_vPN1_10,random_control,vPN1,10,11,35.0,aPN1,15,40,9.333333333333334,0.2633333333333333,7.699805068226121,5.638829407566024,0.0,10.533333333333333,0.0,158,158,0
random_vPN1_10,random_control,vPN1,10,11,35.0,vPN1,11,40,19.09090909090909,0.5022727272727273,14.619883040935672,10.755304652520925,0.0,20.09090909090909,0.0,221,221,0
random_vPN1_10,random_control,vPN1,10,11,35.0,pC1,112,40,13.660714285714285,0.3638392857142857,10.312238930659984,7.790991128785561,0.0,14.553571428571429,0.0,1630,1630,0
random_vPN1_10,random_control,vPN1,10,11,35.0,pIP10,2,40,70.0,1.325,37.28070175438596,28.37259100642398,0.0,53.0,0.0,106,106,0
random_vPN1_10,random_control,vPN1,10,11,35.0,pMP2,2,40,20.0,0.1,2.923976608187134,2.141327623126338,0.0,4.0,0.0,8,8,0
random_vPN1_10,random_control,vPN1,10,11,35.0,output_combined_exploratory,4,40,35.0,0.7125,20.10233918128655,15.256959314775159,0.0,28.5,0.0,114,114,0
random_vPN1_11,random_control,vPN1,11,11,35.0,auditory_input,93,40,29.999999999999996,1.0,29.239766081871345,21.413276231263385,0.0,40.0,0.0,3720,3720,0
random_vPN1_11,random_control,vPN1,11,11,35.0,aPN1,15,40,10.0,0.24666666666666667,7.212475633528265,5.281941470378301,0.0,9.866666666666667,0.0,148,148,0
random_vPN1_11,random_control,vPN1,11,11,35.0,vPN1,11,40,19.09090909090909,0.475,13.556618819776714,10.171306209850107,0.0,19.0,0.0,209,209,0
random_vPN1_11,random_control,vPN1,11,11,35.0,pC1,112,40,13.482142857142856,0.34084821428571427,9.829260651629072,7.298676965432854,0.0,13.633928571428571,0.0,1527,1527,0
random_vPN1_11,random_control,vPN1,11,11,35.0,pIP10,2,40,70.0,1.3,38.01169590643275,27.837259100642395,0.0,52.0,0.0,104,104,0
random_vPN1_11,random_control,vPN1,11,11,35.0,pMP2,2,40,10.0,0.05,1.461988304093567,1.070663811563169,0.0,2.0,0.0,4,4,0
random_vPN1_11,random_control,vPN1,11,11,35.0,output_combined_exploratory,4,40,35.0,0.675,19.736842105263158,14.453961456102784,0.0,27.0,0.0,108,108,0
random_vPN1_12,random_control,vPN1,12,11,35.0,auditory_input,93,40,29.999999999999996,1.0,29.239766081871345,21.413276231263385,0.0,40.0,0.0,3720,3720,0
random_vPN1_12,random_control,vPN1,12,11,35.0,aPN1,15,40,9.333333333333334,0.19666666666666666,5.750487329434698,4.211277658815132,0.0,7.866666666666666,0.0,118,118,0
random_vPN1_12,random_control,vPN1,12,11,35.0,vPN1,11,40,19.09090909090909,0.5477272727272727,15.616693248272195,11.728635390305625,0.0,21.90909090909091,0.0,241,241,0
random_vPN1_12,random_control,vPN1,12,11,35.0,pC1,112,40,13.303571428571427,0.3794642857142857,10.736476608187134,8.125573569899052,0.0,15.178571428571429,0.0,1700,1700,0
random_vPN1_12,random_control,vPN1,12,11,35.0,pIP10,2,40,60.0,1.1625,32.16374269005848,24.89293361884368,0.0,46.5,0.0,93,93,0
random_vPN1_12,random_control,vPN1,12,11,35.0,pMP2,2,40,20.0,0.0625,1.8274853801169588,1.3383297644539613,0.0,2.5,0.0,5,5,0
random_vPN1_12,random_control,vPN1,12,11,35.0,output_combined_exploratory,4,40,32.5,0.6125,16.99561403508772,13.115631691648822,0.0,24.5,0.0,98,98,0
random_vPN1_13,random_control,vPN1,13,11,35.0,auditory_input,93,40,29.999999999999996,1.0,29.239766081871345,21.413276231263385,0.0,40.0,0.0,3720,3720,0
random_vPN1_13,random_control,vPN1,13,11,35.0,aPN1,15,40,10.0,0.2633333333333333,7.699805068226121,5.638829407566024,0.0,10.533333333333333,0.0,158,158,0
random_vPN1_13,random_control,vPN1,13,11,35.0,vPN1,11,40,20.0,0.475,13.88888888888889,10.171306209850107,0.0,19.0,0.0,209,209,0
random_vPN1_13,random_control,vPN1,13,11,35.0,pC1,112,40,14.017857142857142,0.3747767857142857,10.912698412698411,8.025198837565004,0.0,14.991071428571429,0.0,1679,1679,0
random_vPN1_13,random_control,vPN1,13,11,35.0,pIP10,2,40,45.0,1.075,31.432748538011694,23.019271948608136,0.0,43.0,0.0,86,86,0
random_vPN1_13,random_control,vPN1,13,11,35.0,pMP2,2,40,30.0,0.1125,3.289473684210526,2.4089935760171306,0.0,4.5,0.0,9,9,0
random_vPN1_13,random_control,vPN1,13,11,35.0,output_combined_exploratory,4,40,30.0,0.59375,17.36111111111111,12.714132762312634,0.0,23.75,0.0,95,95,0
random_vPN1_14,random_control,vPN1,14,11,35.0,auditory_input,93,40,29.999999999999996,1.0,29.239766081871345,21.413276231263385,0.0,40.0,0.0,3720,3720,0
random_vPN1_14,random_control,vPN1,14,11,35.0,aPN1,15,40,10.666666666666666,0.3,8.771929824561404,6.4239828693790155,0.0,12.0,0.0,180,180,0
random_vPN1_14,random_control,vPN1,14,11,35.0,vPN1,11,40,21.818181818181817,0.4954545454545455,14.221158958001062,10.60930504185322,0.0,19.818181818181817,0.0,218,218,0
random_vPN1_14,random_control,vPN1,14,11,35.0,pC1,112,40,13.928571428571427,0.36339285714285713,10.344872598162071,7.781431630468033,0.0,14.535714285714286,0.0,1628,1628,0
random_vPN1_14,random_control,vPN1,14,11,35.0,pIP10,2,40,40.0,0.8,22.66081871345029,17.130620985010705,0.0,32.0,0.0,64,64,0
random_vPN1_14,random_control,vPN1,14,11,35.0,pMP2,2,40,20.0,0.05,1.461988304093567,1.070663811563169,0.0,2.0,0.0,4,4,0
random_vPN1_14,random_control,vPN1,14,11,35.0,output_combined_exploratory,4,40,25.0,0.425,12.061403508771928,9.100642398286938,0.0,17.0,0.0,68,68,0
random_vPN1_15,random_control,vPN1,15,11,35.0,auditory_input,93,40,29.999999999999996,1.0,29.239766081871345,21.413276231263385,0.0,40.0,0.0,3720,3720,0
random_vPN1_15,random_control,vPN1,15,11,35.0,aPN1,15,40,10.0,0.2816666666666667,8.235867446393762,6.03140613847252,0.0,11.266666666666667,0.0,169,169,0
random_vPN1_15,random_control,vPN1,15,11,35.0,vPN1,11,40,21.818181818181817,0.49318181818181817,14.088250930356194,10.560638504963986,0.0,19.727272727272727,0.0,217,217,0
random_vPN1_15,random_control,vPN1,15,11,35.0,pC1,112,40,13.928571428571427,0.359375,10.338345864661653,7.695396145610278,0.0,14.375,0.0,1610,1610,0
random_vPN1_15,random_control,vPN1,15,11,35.0,pIP10,2,40,60.0,1.1,31.432748538011694,23.554603854389722,0.0,44.0,0.0,88,88,0
random_vPN1_15,random_control,vPN1,15,11,35.0,pMP2,2,40,20.0,0.05,1.461988304093567,1.070663811563169,0.0,2.0,0.0,4,4,0
random_vPN1_15,random_control,vPN1,15,11,35.0,output_combined_exploratory,4,40,30.0,0.575,16.44736842105263,12.312633832976445,0.0,23.0,0.0,92,92,0
random_vPN1_16,random_control,vPN1,16,11,35.0,auditory_input,93,40,29.999999999999996,1.0,29.239766081871345,21.413276231263385,0.0,40.0,0.0,3720,3720,0
random_vPN1_16,random_control,vPN1,16,11,35.0,aPN1,15,40,10.0,0.28,8.187134502923977,5.995717344753747,0.0,11.2,0.0,168,168,0
random_vPN1_16,random_control,vPN1,16,11,35.0,vPN1,11,40,20.909090909090907,0.45,13.157894736842104,9.635974304068522,0.0,18.0,0.0,198,198,0
random_vPN1_16,random_control,vPN1,16,11,35.0,pC1,112,40,12.857142857142856,0.34084821428571427,9.855367585630743,7.298676965432854,0.0,13.633928571428571,0.0,1527,1527,0
random_vPN1_16,random_control,vPN1,16,11,35.0,pIP10,2,40,70.0,1.125,32.89473684210526,24.089935760171304,0.0,45.0,0.0,90,90,0
random_vPN1_16,random_control,vPN1,16,11,35.0,pMP2,2,40,20.0,0.125,3.6549707602339176,2.6766595289079227,0.0,5.0,0.0,10,10,0
random_vPN1_16,random_control,vPN1,16,11,35.0,output_combined_exploratory,4,40,42.5,0.625,18.274853801169588,13.383297644539613,0.0,25.0,0.0,100,100,0
random_vPN1_17,random_control,vPN1,17,11,35.0,auditory_input,93,40,29.999999999999996,1.0,29.239766081871345,21.413276231263385,0.0,40.0,0.0,3720,3720,0
random_vPN1_17,random_control,vPN1,17,11,35.0,aPN1,15,40,9.333333333333334,0.245,7.16374269005848,5.2462526766595285,0.0,9.8,0.0,147,147,0
random_vPN1_17,random_control,vPN1,17,11,35.0,vPN1,11,40,20.0,0.4954545454545455,13.955342902711324,10.60930504185322,0.0,19.818181818181817,0.0,218,218,0
random_vPN1_17,random_control,vPN1,17,11,35.0,pC1,112,40,14.107142857142856,0.3595982142857143,10.201284461152882,7.700175894769043,0.0,14.383928571428571,0.0,1611,1611,0
random_vPN1_17,random_control,vPN1,17,11,35.0,pIP10,2,40,45.0,0.975,27.777777777777775,20.8779443254818,0.0,39.0,0.0,78,78,0
random_vPN1_17,random_control,vPN1,17,11,35.0,pMP2,2,40,20.0,0.1,2.923976608187134,2.141327623126338,0.0,4.0,0.0,8,8,0
random_vPN1_17,random_control,vPN1,17,11,35.0,output_combined_exploratory,4,40,27.5,0.5375,15.350877192982455,11.509635974304068,0.0,21.5,0.0,86,86,0
random_vPN1_18,random_control,vPN1,18,11,35.0,auditory_input,93,40,29.999999999999996,1.0,29.239766081871345,21.413276231263385,0.0,40.0,0.0,3720,3720,0
random_vPN1_18,random_control,vPN1,18,11,35.0,aPN1,15,40,9.333333333333334,0.275,8.04093567251462,5.8886509635974305,0.0,11.0,0.0,165,165,0
random_vPN1_18,random_control,vPN1,18,11,35.0,vPN1,11,40,23.636363636363633,0.5386363636363637,15.350877192982455,11.533969242748684,0.0,21.545454545454547,0.0,237,237,0
random_vPN1_18,random_control,vPN1,18,11,35.0,pC1,112,40,14.107142857142856,0.3287946428571429,9.34628237259816,7.04057051085959,0.0,13.151785714285714,0.0,1473,1473,0
random_vPN1_18,random_control,vPN1,18,11,35.0,pIP10,2,40,40.0,0.925,25.584795321637426,19.807280513918627,0.0,37.0,0.0,74,74,0
random_vPN1_18,random_control,vPN1,18,11,35.0,pMP2,2,40,20.0,0.05,1.461988304093567,1.070663811563169,0.0,2.0,0.0,4,4,0
random_vPN1_18,random_control,vPN1,18,11,35.0,output_combined_exploratory,4,40,25.0,0.4875,13.523391812865496,10.4389721627409,0.0,19.5,0.0,78,78,0
random_vPN1_19,random_control,vPN1,19,11,35.0,auditory_input,93,40,29.999999999999996,1.0,29.239766081871345,21.413276231263385,0.0,40.0,0.0,3720,3720,0
random_vPN1_19,random_control,vPN1,19,11,35.0,aPN1,15,40,10.666666666666666,0.2966666666666667,8.674463937621832,6.352605281941471,0.0,11.866666666666667,0.0,178,178,0
random_vPN1_19,random_control,vPN1,19,11,35.0,vPN1,11,40,20.909090909090907,0.5318181818181819,15.085061137692717,11.38796963208098,0.0,21.272727272727273,0.0,234,234,0
random_vPN1_19,random_control,vPN1,19,11,35.0,pC1,112,40,12.94642857142857,0.31674107142857144,8.954678362573098,6.782464056286326,0.0,12.669642857142858,0.0,1419,1419,0
random_vPN1_19,random_control,vPN1,19,11,35.0,pIP10,2,40,50.0,0.925,26.31578947368421,19.807280513918627,0.0,37.0,0.0,74,74,0
random_vPN1_19,random_control,vPN1,19,11,35.0,pMP2,2,40,20.0,0.0625,1.8274853801169588,1.3383297644539613,0.0,2.5,0.0,5,5,0
random_vPN1_19,random_control,vPN1,19,11,35.0,output_combined_exploratory,4,40,27.5,0.49375,14.071637426900583,10.572805139186295,0.0,19.75,0.0,79,79,0
random_vPN1_20,random_control,vPN1,20,11,35.0,auditory_input,93,40,29.999999999999996,1.0,29.239766081871345,21.413276231263385,0.0,40.0,0.0,3720,3720,0
random_vPN1_20,random_control,vPN1,20,11,35.0,aPN1,15,40,10.666666666666666,0.2833333333333333,8.284600389863549,6.067094932191292,0.0,11.333333333333334,0.0,170,170,0
random_vPN1_20,random_control,vPN1,20,11,35.0,vPN1,11,40,22.727272727272727,0.4818181818181818,13.62307283359915,10.317305820517811,0.0,19.272727272727273,0.0,212,212,0
random_vPN1_20,random_control,vPN1,20,11,35.0,pC1,112,40,14.732142857142856,0.34866071428571427,9.901054720133667,7.465968185989599,0.0,13.946428571428571,0.0,1562,1562,0
random_vPN1_20,random_control,vPN1,20,11,35.0,pIP10,2,40,75.0,1.1625,32.52923976608187,24.89293361884368,0.0,46.5,0.0,93,93,0
random_vPN1_20,random_control,vPN1,20,11,35.0,pMP2,2,40,15.0,0.0375,1.0964912280701753,0.8029978586723768,0.0,1.5,0.0,3,3,0
random_vPN1_20,random_control,vPN1,20,11,35.0,output_combined_exploratory,4,40,37.5,0.6,16.81286549707602,12.84796573875803,0.0,24.0,0.0,96,96,0
random_vPN1_21,random_control,vPN1,21,11,35.0,auditory_input,93,40,29.999999999999996,1.0,29.239766081871345,21.413276231263385,0.0,40.0,0.0,3720,3720,0
random_vPN1_21,random_control,vPN1,21,11,35.0,aPN1,15,40,10.0,0.2833333333333333,8.284600389863549,6.067094932191292,0.0,11.333333333333334,0.0,170,170,0
random_vPN1_21,random_control,vPN1,21,11,35.0,vPN1,11,40,20.0,0.5909090909090909,16.87931951089846,12.653299591201089,0.0,23.636363636363637,0.0,260,260,0
random_vPN1_21,random_control,vPN1,21,11,35.0,pC1,112,40,13.660714285714285,0.37388392857142855,10.684262740183792,8.006079840929948,0.0,14.955357142857142,0.0,1675,1675,0
random_vPN1_21,random_control,vPN1,21,11,35.0,pIP10,2,40,60.0,1.1875,33.99122807017544,25.428265524625267,0.0,47.5,0.0,95,95,0
random_vPN1_21,random_control,vPN1,21,11,35.0,pMP2,2,40,10.0,0.025,0.7309941520467835,0.5353319057815845,0.0,1.0,0.0,2,2,0
random_vPN1_21,random_control,vPN1,21,11,35.0,output_combined_exploratory,4,40,30.0,0.60625,17.36111111111111,12.981798715203425,0.0,24.25,0.0,97,97,0
random_vPN1_22,random_control,vPN1,22,11,35.0,auditory_input,93,40,29.999999999999996,1.0,29.239766081871345,21.413276231263385,0.0,40.0,0.0,3720,3720,0
random_vPN1_22,random_control,vPN1,22,11,35.0,aPN1,15,40,10.0,0.28,8.187134502923977,5.995717344753747,0.0,11.2,0.0,168,168,0
random_vPN1_22,random_control,vPN1,22,11,35.0,vPN1,11,40,19.09090909090909,0.4909090909090909,13.955342902711324,10.51197196807475,0.0,19.636363636363637,0.0,216,216,0
random_vPN1_22,random_control,vPN1,22,11,35.0,pC1,112,40,13.839285714285714,0.3957589285714286,11.278195488721805,8.474495258488835,0.0,15.830357142857142,0.0,1773,1773,0
random_vPN1_22,random_control,vPN1,22,11,35.0,pIP10,2,40,65.0,1.5125,42.763157894736835,32.38758029978587,0.0,60.5,0.0,121,121,0
random_vPN1_22,random_control,vPN1,22,11,35.0,pMP2,2,40,25.0,0.125,3.6549707602339176,2.6766595289079227,0.0,5.0,0.0,10,10,0
random_vPN1_22,random_control,vPN1,22,11,35.0,output_combined_exploratory,4,40,42.5,0.81875,23.20906432748538,17.532119914346893,0.0,32.75,0.0,131,131,0
random_vPN1_23,random_control,vPN1,23,11,35.0,auditory_input,93,40,29.999999999999996,1.0,29.239766081871345,21.413276231263385,0.0,40.0,0.0,3720,3720,0
random_vPN1_23,random_control,vPN1,23,11,35.0,aPN1,15,40,9.333333333333334,0.25166666666666665,7.358674463937622,5.389007851534618,0.0,10.066666666666666,0.0,151,151,0
random_vPN1_23,random_control,vPN1,23,11,35.0,vPN1,11,40,20.0,0.4772727272727273,13.822434875066454,10.21997274673934,0.0,19.09090909090909,0.0,210,210,0
random_vPN1_23,random_control,vPN1,23,11,35.0,pC1,112,40,13.214285714285714,0.3625,10.3187656641604,7.762312633832976,0.0,14.5,0.0,1624,1624,0
random_vPN1_23,random_control,vPN1,23,11,35.0,pIP10,2,40,70.0,1.425,40.2046783625731,30.513918629550318,0.0,57.0,0.0,114,114,0
random_vPN1_23,random_control,vPN1,23,11,35.0,pMP2,2,40,15.0,0.05,1.461988304093567,1.070663811563169,0.0,2.0,0.0,4,4,0
random_vPN1_23,random_control,vPN1,23,11,35.0,output_combined_exploratory,4,40,35.0,0.7375,20.833333333333332,15.792291220556745,0.0,29.5,0.0,118,118,0
random_pC1_00,random_control,pC1,0,112,35.0,auditory_input,93,40,29.999999999999996,1.0,29.239766081871345,21.413276231263385,0.0,40.0,0.0,3720,3720,0
random_pC1_00,random_control,pC1,0,112,35.0,aPN1,15,40,10.0,0.2866666666666667,8.382066276803119,6.138472519628837,0.0,11.466666666666667,0.0,172,172,0
random_pC1_00,random_control,pC1,0,112,35.0,vPN1,11,40,18.18181818181818,0.4909090909090909,13.955342902711324,10.51197196807475,0.0,19.636363636363637,0.0,216,216,0
random_pC1_00,random_control,pC1,0,112,35.0,pC1,112,40,12.767857142857142,0.35,9.881474519632414,7.494646680942184,0.0,14.0,0.0,1568,1568,0
random_pC1_00,random_control,pC1,0,112,35.0,pIP10,2,40,55.0,1.075,29.23976608187134,23.019271948608136,0.0,43.0,0.0,86,86,0
random_pC1_00,random_control,pC1,0,112,35.0,pMP2,2,40,5.0,0.025,0.7309941520467835,0.5353319057815845,0.0,1.0,0.0,2,2,0
random_pC1_00,random_control,pC1,0,112,35.0,output_combined_exploratory,4,40,30.0,0.55,14.985380116959064,11.777301927194861,0.0,22.0,0.0,88,88,0
random_pC1_01,random_control,pC1,1,112,35.0,auditory_input,93,40,29.999999999999996,1.0,29.239766081871345,21.413276231263385,0.0,40.0,0.0,3720,3720,0
random_pC1_01,random_control,pC1,1,112,35.0,aPN1,15,40,10.0,0.2866666666666667,8.382066276803119,6.138472519628837,0.0,11.466666666666667,0.0,172,172,0
random_pC1_01,random_control,pC1,1,112,35.0,vPN1,11,40,20.0,0.4318181818181818,12.227538543328016,9.246642008954643,0.0,17.272727272727273,0.0,190,190,0
random_pC1_01,random_control,pC1,1,112,35.0,pC1,112,40,12.678571428571427,0.29776785714285714,8.41295948203843,6.376185377791373,0.0,11.910714285714286,0.0,1334,1334,0
random_pC1_01,random_control,pC1,1,112,35.0,pIP10,2,40,45.0,0.675,19.005847953216374,14.453961456102784,0.0,27.0,0.0,54,54,0
random_pC1_01,random_control,pC1,1,112,35.0,pMP2,2,40,10.0,0.025,0.7309941520467835,0.5353319057815845,0.0,1.0,0.0,2,2,0
random_pC1_01,random_control,pC1,1,112,35.0,output_combined_exploratory,4,40,25.0,0.35,9.868421052631579,7.494646680942184,0.0,14.0,0.0,56,56,0
random_pC1_02,random_control,pC1,2,112,35.0,auditory_input,93,40,29.999999999999996,1.0,29.239766081871345,21.413276231263385,0.0,40.0,0.0,3720,3720,0
random_pC1_02,random_control,pC1,2,112,35.0,aPN1,15,40,9.333333333333334,0.2633333333333333,7.699805068226121,5.638829407566024,0.0,10.533333333333333,0.0,158,158,0
random_pC1_02,random_control,pC1,2,112,35.0,vPN1,11,40,20.0,0.46136363636363636,13.49016480595428,9.879306988514696,0.0,18.454545454545453,0.0,203,203,0
random_pC1_02,random_control,pC1,2,112,35.0,pC1,112,40,13.303571428571427,0.33883928571428573,9.672619047619047,7.255659223003977,0.0,13.553571428571429,0.0,1518,1518,0
random_pC1_02,random_control,pC1,2,112,35.0,pIP10,2,40,55.0,1.05,29.970760233918128,22.48394004282655,0.0,42.0,0.0,84,84,0
random_pC1_02,random_control,pC1,2,112,35.0,pMP2,2,40,10.0,0.0375,1.0964912280701753,0.8029978586723768,0.0,1.5,0.0,3,3,0
random_pC1_02,random_control,pC1,2,112,35.0,output_combined_exploratory,4,40,30.0,0.54375,15.533625730994151,11.643468950749464,0.0,21.75,0.0,87,87,0
random_pC1_03,random_control,pC1,3,112,35.0,auditory_input,93,40,29.999999999999996,1.0,29.239766081871345,21.413276231263385,0.0,40.0,0.0,3720,3720,0
random_pC1_03,random_control,pC1,3,112,35.0,aPN1,15,40,10.0,0.27166666666666667,7.943469785575049,5.817273376159886,0.0,10.866666666666667,0.0,163,163,0
random_pC1_03,random_control,pC1,3,112,35.0,vPN1,11,40,18.18181818181818,0.47954545454545455,13.689526847421584,10.268639283628577,0.0,19.181818181818183,0.0,211,211,0
random_pC1_03,random_control,pC1,3,112,35.0,pC1,112,40,12.142857142857142,0.3104910714285714,8.830670426065163,6.648631079840929,0.0,12.419642857142858,0.0,1391,1391,0
random_pC1_03,random_control,pC1,3,112,35.0,pIP10,2,40,35.0,0.8625,24.48830409356725,18.468950749464668,0.0,34.5,0.0,69,69,0
random_pC1_03,random_control,pC1,3,112,35.0,pMP2,2,40,10.0,0.0375,1.0964912280701753,0.8029978586723768,0.0,1.5,0.0,3,3,0
random_pC1_03,random_control,pC1,3,112,35.0,output_combined_exploratory,4,40,20.0,0.45,12.792397660818713,9.635974304068522,0.0,18.0,0.0,72,72,0
random_pC1_04,random_control,pC1,4,112,35.0,auditory_input,93,40,29.999999999999996,1.0,29.239766081871345,21.413276231263385,0.0,40.0,0.0,3720,3720,0
random_pC1_04,random_control,pC1,4,112,35.0,aPN1,15,40,9.333333333333334,0.26,7.60233918128655,5.56745182012848,0.0,10.4,0.0,156,156,0
random_pC1_04,random_control,pC1,4,112,35.0,vPN1,11,40,19.09090909090909,0.4909090909090909,13.955342902711324,10.51197196807475,0.0,19.636363636363637,0.0,216,216,0
random_pC1_04,random_control,pC1,4,112,35.0,pC1,112,40,13.214285714285714,0.36294642857142856,10.305712197159565,7.771872132150505,0.0,14.517857142857142,0.0,1626,1626,0
random_pC1_04,random_control,pC1,4,112,35.0,pIP10,2,40,60.0,1.0375,29.605263157894736,22.21627408993576,0.0,41.5,0.0,83,83,0
random_pC1_04,random_control,pC1,4,112,35.0,pMP2,2,40,5.0,0.0125,0.36549707602339176,0.26766595289079226,0.0,0.5,0.0,1,1,0
random_pC1_04,random_control,pC1,4,112,35.0,output_combined_exploratory,4,40,30.0,0.525,14.985380116959064,11.241970021413275,0.0,21.0,0.0,84,84,0
random_pC1_05,random_control,pC1,5,112,35.0,auditory_input,93,40,29.999999999999996,1.0,29.239766081871345,21.413276231263385,0.0,40.0,0.0,3720,3720,0
random_pC1_05,random_control,pC1,5,112,35.0,aPN1,15,40,10.0,0.2816666666666667,8.235867446393762,6.03140613847252,0.0,11.266666666666667,0.0,169,169,0
random_pC1_05,random_control,pC1,5,112,35.0,vPN1,11,40,20.909090909090907,0.4772727272727273,13.556618819776714,10.21997274673934,0.0,19.09090909090909,0.0,210,210,0
random_pC1_05,random_control,pC1,5,112,35.0,pC1,112,40,13.660714285714285,0.36830357142857145,10.586361737677526,7.886586111960844,0.0,14.732142857142858,0.0,1650,1650,0
random_pC1_05,random_control,pC1,5,112,35.0,pIP10,2,40,65.0,1.35,38.74269005847953,28.907922912205567,0.0,54.0,0.0,108,108,0
random_pC1_05,random_control,pC1,5,112,35.0,pMP2,2,40,10.0,0.1,2.923976608187134,2.141327623126338,0.0,4.0,0.0,8,8,0
random_pC1_05,random_control,pC1,5,112,35.0,output_combined_exploratory,4,40,37.5,0.725,20.833333333333332,15.524625267665952,0.0,29.0,0.0,116,116,0
random_pC1_06,random_control,pC1,6,112,35.0,auditory_input,93,40,29.999999999999996,1.0,29.239766081871345,21.413276231263385,0.0,40.0,0.0,3720,3720,0
random_pC1_06,random_control,pC1,6,112,35.0,aPN1,15,40,10.666666666666666,0.2733333333333333,7.992202729044834,5.8529621698786585,0.0,10.933333333333334,0.0,164,164,0
random_pC1_06,random_control,pC1,6,112,35.0,vPN1,11,40,19.09090909090909,0.45454545454545453,13.22434875066454,9.733307377846991,0.0,18.181818181818183,0.0,200,200,0
random_pC1_06,random_control,pC1,6,112,35.0,pC1,112,40,11.160714285714285,0.3107142857142857,8.928571428571429,6.653410828999694,0.0,12.428571428571429,0.0,1392,1392,0
random_pC1_06,random_control,pC1,6,112,35.0,pIP10,2,40,55.0,1.1875,33.99122807017544,25.428265524625267,0.0,47.5,0.0,95,95,0
random_pC1_06,random_control,pC1,6,112,35.0,pMP2,2,40,5.0,0.0125,0.36549707602339176,0.26766595289079226,0.0,0.5,0.0,1,1,0
random_pC1_06,random_control,pC1,6,112,35.0,output_combined_exploratory,4,40,27.5,0.6,17.178362573099413,12.84796573875803,0.0,24.0,0.0,96,96,0
random_pC1_07,random_control,pC1,7,112,35.0,auditory_input,93,40,29.999999999999996,1.0,29.239766081871345,21.413276231263385,0.0,40.0,0.0,3720,3720,0
random_pC1_07,random_control,pC1,7,112,35.0,aPN1,15,40,9.333333333333334,0.24666666666666667,7.212475633528265,5.281941470378301,0.0,9.866666666666667,0.0,148,148,0
random_pC1_07,random_control,pC1,7,112,35.0,vPN1,11,40,18.18181818181818,0.3431818181818182,9.635832004253057,7.348647070274478,0.0,13.727272727272727,0.0,151,151,0
random_pC1_07,random_control,pC1,7,112,35.0,pC1,112,40,12.678571428571427,0.2917410714285714,8.21063074352548,6.247132150504742,0.0,11.669642857142858,0.0,1307,1307,0
random_pC1_07,random_control,pC1,7,112,35.0,pIP10,2,40,60.0,1.2375,34.72222222222222,26.498929336188436,0.0,49.5,0.0,99,99,0
random_pC1_07,random_control,pC1,7,112,35.0,pMP2,2,40,10.0,0.075,2.1929824561403506,1.6059957173447537,0.0,3.0,0.0,6,6,0
random_pC1_07,random_control,pC1,7,112,35.0,output_combined_exploratory,4,40,32.5,0.65625,18.457602339181285,14.052462526766595,0.0,26.25,0.0,105,105,0
random_pC1_08,random_control,pC1,8,112,35.0,auditory_input,93,40,29.999999999999996,1.0,29.239766081871345,21.413276231263385,0.0,40.0,0.0,3720,3720,0
random_pC1_08,random_control,pC1,8,112,35.0,aPN1,15,40,10.0,0.24166666666666667,7.0662768031189085,5.174875089221985,0.0,9.666666666666666,0.0,145,145,0
random_pC1_08,random_control,pC1,8,112,35.0,vPN1,11,40,18.18181818181818,0.4909090909090909,13.955342902711324,10.51197196807475,0.0,19.636363636363637,0.0,216,216,0
random_pC1_08,random_control,pC1,8,112,35.0,pC1,112,40,11.339285714285714,0.27388392857142857,7.786393065998329,5.864752217803609,0.0,10.955357142857142,0.0,1227,1227,0
random_pC1_08,random_control,pC1,8,112,35.0,pIP10,2,40,55.0,1.0,28.508771929824558,21.41327623126338,0.0,40.0,0.0,80,80,0
random_pC1_08,random_control,pC1,8,112,35.0,pMP2,2,40,10.0,0.0375,1.0964912280701753,0.8029978586723768,0.0,1.5,0.0,3,3,0
random_pC1_08,random_control,pC1,8,112,35.0,output_combined_exploratory,4,40,27.5,0.51875,14.802631578947368,11.10813704496788,0.0,20.75,0.0,83,83,0
random_pC1_09,random_control,pC1,9,112,35.0,auditory_input,93,40,29.999999999999996,1.0,29.239766081871345,21.413276231263385,0.0,40.0,0.0,3720,3720,0
random_pC1_09,random_control,pC1,9,112,35.0,aPN1,15,40,10.0,0.32166666666666666,9.405458089668617,6.887937187723055,0.0,12.866666666666667,0.0,193,193,0
random_pC1_09,random_control,pC1,9,112,35.0,vPN1,11,40,19.09090909090909,0.4772727272727273,13.62307283359915,10.21997274673934,0.0,19.09090909090909,0.0,210,210,0
random_pC1_09,random_control,pC1,9,112,35.0,pC1,112,40,13.124999999999998,0.3392857142857143,9.744413116123642,7.265218721321505,0.0,13.571428571428571,0.0,1520,1520,0
random_pC1_09,random_control,pC1,9,112,35.0,pIP10,2,40,50.0,1.175,33.62573099415204,25.160599571734473,0.0,47.0,0.0,94,94,0
random_pC1_09,random_control,pC1,9,112,35.0,pMP2,2,40,20.0,0.05,1.461988304093567,1.070663811563169,0.0,2.0,0.0,4,4,0
random_pC1_09,random_control,pC1,9,112,35.0,output_combined_exploratory,4,40,30.0,0.6125,17.543859649122805,13.115631691648822,0.0,24.5,0.0,98,98,0
random_pC1_10,random_control,pC1,10,112,35.0,auditory_input,93,40,29.999999999999996,1.0,29.239766081871345,21.413276231263385,0.0,40.0,0.0,3720,3720,0
random_pC1_10,random_control,pC1,10,112,35.0,aPN1,15,40,9.333333333333334,0.265,7.748538011695906,5.674518201284797,0.0,10.6,0.0,159,159,0
random_pC1_10,random_control,pC1,10,112,35.0,vPN1,11,40,17.27272727272727,0.40454545454545454,11.430090377458798,8.662643566283823,0.0,16.181818181818183,0.0,178,178,0
random_pC1_10,random_control,pC1,10,112,35.0,pC1,112,40,10.803571428571427,0.2060267857142857,5.795739348370927,4.411708473539308,0.0,8.241071428571429,0.0,923,923,0
random_pC1_10,random_control,pC1,10,112,35.0,pIP10,2,40,50.0,0.7875,22.2953216374269,16.862955032119913,0.0,31.5,0.0,63,63,0
random_pC1_10,random_control,pC1,10,112,35.0,pMP2,2,40,15.0,0.05,1.461988304093567,1.070663811563169,0.0,2.0,0.0,4,4,0
random_pC1_10,random_control,pC1,10,112,35.0,output_combined_exploratory,4,40,27.5,0.41875,11.878654970760232,8.96680942184154,0.0,16.75,0.0,67,67,0
random_pC1_11,random_control,pC1,11,112,35.0,auditory_input,93,40,29.999999999999996,1.0,29.239766081871345,21.413276231263385,0.0,40.0,0.0,3720,3720,0
random_pC1_11,random_control,pC1,11,112,35.0,aPN1,15,40,10.0,0.3016666666666667,8.82066276803119,6.4596716630977875,0.0,12.066666666666666,0.0,181,181,0
random_pC1_11,random_control,pC1,11,112,35.0,vPN1,11,40,6.363636363636363,0.09545454545454546,2.72461456671983,2.043994549347868,0.0,3.8181818181818183,0.0,42,42,0
random_pC1_11,random_control,pC1,11,112,35.0,pC1,112,40,13.839285714285714,0.34419642857142857,9.803153717627401,7.370373202814316,0.0,13.767857142857142,0.0,1542,1542,0
random_pC1_11,random_control,pC1,11,112,35.0,pIP10,2,40,70.0,1.375,39.10818713450292,29.44325481798715,0.0,55.0,0.0,110,110,0
random_pC1_11,random_control,pC1,11,112,35.0,pMP2,2,40,15.0,0.125,3.6549707602339176,2.6766595289079227,0.0,5.0,0.0,10,10,0
random_pC1_11,random_control,pC1,11,112,35.0,output_combined_exploratory,4,40,40.0,0.75,21.381578947368418,16.059957173447536,0.0,30.0,0.0,120,120,0
random_pC1_12,random_control,pC1,12,112,35.0,auditory_input,93,40,29.999999999999996,1.0,29.239766081871345,21.413276231263385,0.0,40.0,0.0,3720,3720,0
random_pC1_12,random_control,pC1,12,112,35.0,aPN1,15,40,10.0,0.29,8.47953216374269,6.209850107066381,0.0,11.6,0.0,174,174,0
random_pC1_12,random_control,pC1,12,112,35.0,vPN1,11,40,20.0,0.48409090909090907,13.75598086124402,10.365972357407045,0.0,19.363636363636363,0.0,213,213,0
random_pC1_12,random_control,pC1,12,112,35.0,pC1,112,40,13.214285714285714,0.3296875,9.307121971595656,7.059689507494646,0.0,13.1875,0.0,1477,1477,0
random_pC1_12,random_control,pC1,12,112,35.0,pIP10,2,40,55.0,0.9625,26.31578947368421,20.610278372591004,0.0,38.5,0.0,77,77,0
random_pC1_12,random_control,pC1,12,112,35.0,pMP2,2,40,0.0,0.0,0.0,0.0,0.0,0.0,0.0,0,0,0
random_pC1_12,random_control,pC1,12,112,35.0,output_combined_exploratory,4,40,27.5,0.48125,13.157894736842104,10.305139186295502,0.0,19.25,0.0,77,77,0
random_pC1_13,random_control,pC1,13,112,35.0,auditory_input,93,40,29.999999999999996,1.0,29.239766081871345,21.413276231263385,0.0,40.0,0.0,3720,3720,0
random_pC1_13,random_control,pC1,13,112,35.0,aPN1,15,40,9.333333333333334,0.265,7.748538011695906,5.674518201284797,0.0,10.6,0.0,159,159,0
random_pC1_13,random_control,pC1,13,112,35.0,vPN1,11,40,20.0,0.5204545454545455,14.819245082402977,11.144636947634805,0.0,20.818181818181817,0.0,229,229,0
random_pC1_13,random_control,pC1,13,112,35.0,pC1,112,40,12.053571428571427,0.3073660714285714,8.863304093567251,6.581714591618232,0.0,12.294642857142858,0.0,1377,1377,0
random_pC1_13,random_control,pC1,13,112,35.0,pIP10,2,40,60.0,1.1625,33.260233918128655,24.89293361884368,0.0,46.5,0.0,93,93,0
random_pC1_13,random_control,pC1,13,112,35.0,pMP2,2,40,10.0,0.075,2.1929824561403506,1.6059957173447537,0.0,3.0,0.0,6,6,0
random_pC1_13,random_control,pC1,13,112,35.0,output_combined_exploratory,4,40,30.0,0.61875,17.726608187134502,13.249464668094218,0.0,24.75,0.0,99,99,0
random_pC1_14,random_control,pC1,14,112,35.0,auditory_input,93,40,29.999999999999996,1.0,29.239766081871345,21.413276231263385,0.0,40.0,0.0,3720,3720,0
random_pC1_14,random_control,pC1,14,112,35.0,aPN1,15,40,9.333333333333334,0.27,7.894736842105264,5.781584582441114,0.0,10.8,0.0,162,162,0
random_pC1_14,random_control,pC1,14,112,35.0,vPN1,11,40,13.636363636363635,0.32045454545454544,9.104199893673577,6.861981701382129,0.0,12.818181818181818,0.0,141,141,0
random_pC1_14,random_control,pC1,14,112,35.0,pC1,112,40,12.767857142857142,0.35267857142857145,10.012009189640768,7.552003670847354,0.0,14.107142857142858,0.0,1580,1580,0
random_pC1_14,random_control,pC1,14,112,35.0,pIP10,2,40,70.0,1.2375,34.72222222222222,26.498929336188436,0.0,49.5,0.0,99,99,0
random_pC1_14,random_control,pC1,14,112,35.0,pMP2,2,40,5.0,0.0125,0.36549707602339176,0.26766595289079226,0.0,0.5,0.0,1,1,0
random_pC1_14,random_control,pC1,14,112,35.0,output_combined_exploratory,4,40,35.0,0.625,17.543859649122805,13.383297644539613,0.0,25.0,0.0,100,100,0
random_pC1_15,random_control,pC1,15,112,35.0,auditory_input,93,40,29.999999999999996,1.0,29.239766081871345,21.413276231263385,0.0,40.0,0.0,3720,3720,0
random_pC1_15,random_control,pC1,15,112,35.0,aPN1,15,40,9.333333333333334,0.2833333333333333,8.284600389863549,6.067094932191292,0.0,11.333333333333334,0.0,170,170,0
random_pC1_15,random_control,pC1,15,112,35.0,vPN1,11,40,19.09090909090909,0.4954545454545455,14.088250930356194,10.60930504185322,0.0,19.818181818181817,0.0,218,218,0
random_pC1_15,random_control,pC1,15,112,35.0,pC1,112,40,12.410714285714285,0.3205357142857143,9.000365497076023,6.863719791985316,0.0,12.821428571428571,0.0,1436,1436,0
random_pC1_15,random_control,pC1,15,112,35.0,pIP10,2,40,60.0,1.0375,28.87426900584795,22.21627408993576,0.0,41.5,0.0,83,83,0
random_pC1_15,random_control,pC1,15,112,35.0,pMP2,2,40,10.0,0.025,0.7309941520467835,0.5353319057815845,0.0,1.0,0.0,2,2,0
random_pC1_15,random_control,pC1,15,112,35.0,output_combined_exploratory,4,40,30.0,0.53125,14.802631578947368,11.375802997858672,0.0,21.25,0.0,85,85,0
random_pC1_16,random_control,pC1,16,112,35.0,auditory_input,93,40,29.999999999999996,1.0,29.239766081871345,21.413276231263385,0.0,40.0,0.0,3720,3720,0
random_pC1_16,random_control,pC1,16,112,35.0,aPN1,15,40,9.333333333333334,0.24666666666666667,7.212475633528265,5.281941470378301,0.0,9.866666666666667,0.0,148,148,0
random_pC1_16,random_control,pC1,16,112,35.0,vPN1,11,40,18.18181818181818,0.4681818181818182,13.35725677830941,10.025306599182402,0.0,18.727272727272727,0.0,206,206,0
random_pC1_16,random_control,pC1,16,112,35.0,pC1,112,40,11.785714285714285,0.3029017857142857,8.615288220551378,6.486119608442949,0.0,12.116071428571429,0.0,1357,1357,0
random_pC1_16,random_control,pC1,16,112,35.0,pIP10,2,40,60.0,1.175,33.62573099415204,25.160599571734473,0.0,47.0,0.0,94,94,0
random_pC1_16,random_control,pC1,16,112,35.0,pMP2,2,40,15.0,0.0375,1.0964912280701753,0.8029978586723768,0.0,1.5,0.0,3,3,0
random_pC1_16,random_control,pC1,16,112,35.0,output_combined_exploratory,4,40,30.0,0.60625,17.36111111111111,12.981798715203425,0.0,24.25,0.0,97,97,0
random_pC1_17,random_control,pC1,17,112,35.0,auditory_input,93,40,29.999999999999996,1.0,29.239766081871345,21.413276231263385,0.0,40.0,0.0,3720,3720,0
random_pC1_17,random_control,pC1,17,112,35.0,aPN1,15,40,10.0,0.2733333333333333,7.992202729044834,5.8529621698786585,0.0,10.933333333333334,0.0,164,164,0
random_pC1_17,random_control,pC1,17,112,35.0,vPN1,11,40,21.818181818181817,0.6,17.07868155236576,12.84796573875803,0.0,24.0,0.0,264,264,0
random_pC1_17,random_control,pC1,17,112,35.0,pC1,112,40,12.410714285714285,0.35691964285714284,10.227391395154552,7.642818904863873,0.0,14.276785714285714,0.0,1599,1599,0
random_pC1_17,random_control,pC1,17,112,35.0,pIP10,2,40,45.0,0.8375,23.757309941520464,17.93361884368308,0.0,33.5,0.0,67,67,0
random_pC1_17,random_control,pC1,17,112,35.0,pMP2,2,40,10.0,0.025,0.7309941520467835,0.5353319057815845,0.0,1.0,0.0,2,2,0
random_pC1_17,random_control,pC1,17,112,35.0,output_combined_exploratory,4,40,22.5,0.43125,12.244152046783626,9.234475374732334,0.0,17.25,0.0,69,69,0
random_pC1_18,random_control,pC1,18,112,35.0,auditory_input,93,40,29.999999999999996,1.0,29.239766081871345,21.413276231263385,0.0,40.0,0.0,3720,3720,0
random_pC1_18,random_control,pC1,18,112,35.0,aPN1,15,40,9.333333333333334,0.245,7.16374269005848,5.2462526766595285,0.0,9.8,0.0,147,147,0
random_pC1_18,random_control,pC1,18,112,35.0,vPN1,11,40,18.18181818181818,0.49318181818181817,14.15470494417863,10.560638504963986,0.0,19.727272727272727,0.0,217,217,0
random_pC1_18,random_control,pC1,18,112,35.0,pC1,112,40,11.071428571428571,0.30959821428571427,8.961205096073517,6.629512083205873,0.0,12.383928571428571,0.0,1387,1387,0
random_pC1_18,random_control,pC1,18,112,35.0,pIP10,2,40,50.0,0.9875,28.87426900584795,21.14561027837259,0.0,39.5,0.0,79,79,0
random_pC1_18,random_control,pC1,18,112,35.0,pMP2,2,40,15.0,0.0625,1.8274853801169588,1.3383297644539613,0.0,2.5,0.0,5,5,0
random_pC1_18,random_control,pC1,18,112,35.0,output_combined_exploratory,4,40,27.5,0.525,15.350877192982455,11.241970021413275,0.0,21.0,0.0,84,84,0
random_pC1_19,random_control,pC1,19,112,35.0,auditory_input,93,40,29.999999999999996,1.0,29.239766081871345,21.413276231263385,0.0,40.0,0.0,3720,3720,0
random_pC1_19,random_control,pC1,19,112,35.0,aPN1,15,40,10.0,0.27,7.894736842105264,5.781584582441114,0.0,10.8,0.0,162,162,0
random_pC1_19,random_control,pC1,19,112,35.0,vPN1,11,40,16.363636363636363,0.3886363636363636,11.097820308346623,8.321977808059177,0.0,15.545454545454545,0.0,171,171,0
random_pC1_19,random_control,pC1,19,112,35.0,pC1,112,40,12.32142857142857,0.28861607142857143,8.15189014202172,6.180215662282043,0.0,11.544642857142858,0.0,1293,1293,0
random_pC1_19,random_control,pC1,19,112,35.0,pIP10,2,40,55.0,0.9125,25.950292397660817,19.539614561027836,0.0,36.5,0.0,73,73,0
random_pC1_19,random_control,pC1,19,112,35.0,pMP2,2,40,10.0,0.0375,1.0964912280701753,0.8029978586723768,0.0,1.5,0.0,3,3,0
random_pC1_19,random_control,pC1,19,112,35.0,output_combined_exploratory,4,40,27.5,0.475,13.523391812865496,10.171306209850107,0.0,19.0,0.0,76,76,0
random_pC1_20,random_control,pC1,20,112,35.0,auditory_input,93,40,29.999999999999996,1.0,29.239766081871345,21.413276231263385,0.0,40.0,0.0,3720,3720,0
random_pC1_20,random_control,pC1,20,112,35.0,aPN1,15,40,10.0,0.30333333333333334,8.869395711500974,6.4953604568165595,0.0,12.133333333333333,0.0,182,182,0
random_pC1_20,random_control,pC1,20,112,35.0,vPN1,11,40,21.818181818181817,0.49772727272727274,14.15470494417863,10.657971578742456,0.0,19.90909090909091,0.0,219,219,0
random_pC1_20,random_control,pC1,20,112,35.0,pC1,112,40,12.053571428571427,0.325,9.202694235588972,6.9593147751606,0.0,13.0,0.0,1456,1456,0
random_pC1_20,random_control,pC1,20,112,35.0,pIP10,2,40,60.0,1.0125,28.87426900584795,21.680942184154173,0.0,40.5,0.0,81,81,0
random_pC1_20,random_control,pC1,20,112,35.0,pMP2,2,40,25.0,0.1,2.923976608187134,2.141327623126338,0.0,4.0,0.0,8,8,0
random_pC1_20,random_control,pC1,20,112,35.0,output_combined_exploratory,4,40,30.0,0.55625,15.899122807017543,11.911134903640257,0.0,22.25,0.0,89,89,0
random_pC1_21,random_control,pC1,21,112,35.0,auditory_input,93,40,29.999999999999996,1.0,29.239766081871345,21.413276231263385,0.0,40.0,0.0,3720,3720,0
random_pC1_21,random_control,pC1,21,112,35.0,aPN1,15,40,9.333333333333334,0.25833333333333336,7.553606237816764,5.531763026409707,0.0,10.333333333333334,0.0,155,155,0
random_pC1_21,random_control,pC1,21,112,35.0,vPN1,11,40,21.818181818181817,0.5409090909090909,15.28442317916002,11.58263577963792,0.0,21.636363636363637,0.0,238,238,0
random_pC1_21,random_control,pC1,21,112,35.0,pC1,112,40,11.339285714285714,0.2984375,8.550020885547202,6.390524625267665,0.0,11.9375,0.0,1337,1337,0
random_pC1_21,random_control,pC1,21,112,35.0,pIP10,2,40,45.0,0.95,27.046783625730992,20.342612419700213,0.0,38.0,0.0,76,76,0
random_pC1_21,random_control,pC1,21,112,35.0,pMP2,2,40,10.0,0.0375,1.0964912280701753,0.8029978586723768,0.0,1.5,0.0,3,3,0
random_pC1_21,random_control,pC1,21,112,35.0,output_combined_exploratory,4,40,22.5,0.49375,14.071637426900583,10.572805139186295,0.0,19.75,0.0,79,79,0
random_pC1_22,random_control,pC1,22,112,35.0,auditory_input,93,40,29.999999999999996,1.0,29.239766081871345,21.413276231263385,0.0,40.0,0.0,3720,3720,0
random_pC1_22,random_control,pC1,22,112,35.0,aPN1,15,40,10.0,0.2733333333333333,7.992202729044834,5.8529621698786585,0.0,10.933333333333334,0.0,164,164,0
random_pC1_22,random_control,pC1,22,112,35.0,vPN1,11,40,18.18181818181818,0.4068181818181818,11.562998405103668,8.711310103173057,0.0,16.272727272727273,0.0,179,179,0
random_pC1_22,random_control,pC1,22,112,35.0,pC1,112,40,14.017857142857142,0.36183035714285716,10.305712197159565,7.7479733863566835,0.0,14.473214285714286,0.0,1621,1621,0
random_pC1_22,random_control,pC1,22,112,35.0,pIP10,2,40,55.0,1.075,29.970760233918128,23.019271948608136,0.0,43.0,0.0,86,86,0
random_pC1_22,random_control,pC1,22,112,35.0,pMP2,2,40,10.0,0.0375,1.0964912280701753,0.8029978586723768,0.0,1.5,0.0,3,3,0
random_pC1_22,random_control,pC1,22,112,35.0,output_combined_exploratory,4,40,27.5,0.55625,15.533625730994151,11.911134903640257,0.0,22.25,0.0,89,89,0
random_pC1_23,random_control,pC1,23,112,35.0,auditory_input,93,40,29.999999999999996,1.0,29.239766081871345,21.413276231263385,0.0,40.0,0.0,3720,3720,0
random_pC1_23,random_control,pC1,23,112,35.0,aPN1,15,40,10.0,0.31166666666666665,9.113060428849902,6.673804425410421,0.0,12.466666666666667,0.0,187,187,0
random_pC1_23,random_control,pC1,23,112,35.0,vPN1,11,40,19.09090909090909,0.5045454545454545,14.287612971823497,10.803971189410161,0.0,20.181818181818183,0.0,222,222,0
random_pC1_23,random_control,pC1,23,112,35.0,pC1,112,40,11.607142857142856,0.31607142857142856,8.961205096073517,6.768124808810033,0.0,12.642857142857142,0.0,1416,1416,0
random_pC1_23,random_control,pC1,23,112,35.0,pIP10,2,40,40.0,0.85,24.122807017543856,18.201284796573876,0.0,34.0,0.0,68,68,0
random_pC1_23,random_control,pC1,23,112,35.0,pMP2,2,40,20.0,0.0625,1.8274853801169588,1.3383297644539613,0.0,2.5,0.0,5,5,0
random_pC1_23,random_control,pC1,23,112,35.0,output_combined_exploratory,4,40,20.0,0.45625,12.975146198830409,9.769807280513918,0.0,18.25,0.0,73,73,0
