target,group,metric,targeted_drop_percent,random_n,random_median_drop_percent,random_95th_percentile,controls_at_least_target,interpretation
vPN1,pC1,peak_rate_hz,-15.646258503401365,24,-4.081632653061231,1.9387755102040776,23,Descriptive control distribution only; not independent biological replicates or a significance test
vPN1,pC1,evoked_spikes_per_neuron_per_pulse,3.804034582132566,24,7.175792507204603,16.30259365994236,19,Descriptive control distribution only; not independent biological replicates or a significance test
vPN1,pIP10,peak_rate_hz,-9.090909090909092,24,-9.090909090909092,25.909090909090892,16,Descriptive control distribution only; not independent biological replicates or a significance test
vPN1,pIP10,evoked_spikes_per_neuron_per_pulse,11.92660550458716,24,16.055045871559635,32.88990825688074,16,Descriptive control distribution only; not independent biological replicates or a significance test
vPN1,pMP2,peak_rate_hz,-25.0,24,0.0,46.24999999999994,23,Descriptive control distribution only; not independent biological replicates or a significance test
vPN1,pMP2,evoked_spikes_per_neuron_per_pulse,-11.111111111111109,24,44.44444444444444,64.99999999999999,24,Descriptive control distribution only; not independent biological replicates or a significance test
vPN1,output_combined_exploratory,peak_rate_hz,-25.0,24,0.0,16.666666666666668,21,Descriptive control distribution only; not independent biological replicates or a significance test
vPN1,output_combined_exploratory,evoked_spikes_per_neuron_per_pulse,10.169491525423737,24,18.22033898305086,33.77118644067797,18,Descriptive control distribution only; not independent biological replicates or a significance test
pC1,pIP10,peak_rate_hz,45.45454545454545,24,0.0,25.909090909090892,0,Descriptive control distribution only; not independent biological replicates or a significance test
pC1,pIP10,evoked_spikes_per_neuron_per_pulse,89.90825688073396,24,23.853211009174306,41.65137614678899,0,Descriptive control distribution only; not independent biological replicates or a significance test
pC1,pMP2,peak_rate_hz,100.0,24,50.0,75.0,1,Descriptive control distribution only; not independent biological replicates or a significance test
pC1,pMP2,evoked_spikes_per_neuron_per_pulse,100.0,24,66.66666666666667,88.88888888888889,1,Descriptive control distribution only; not independent biological replicates or a significance test
pC1,output_combined_exploratory,peak_rate_hz,50.0,24,4.166666666666667,32.083333333333314,0,Descriptive control distribution only; not independent biological replicates or a significance test
pC1,output_combined_exploratory,evoked_spikes_per_neuron_per_pulse,90.6779661016949,24,27.118644067796616,42.96610169491525,0,Descriptive control distribution only; not independent biological replicates or a significance test
