condition_id,ipi_ms,network_spikes,max_abs_voltage,finite,silenced_spikes
intact,15.0,40868,157.58777854306894,True,0
intact,25.0,55691,179.01387872560122,True,0
intact,35.0,74765,117.56452965545529,True,0
intact,45.0,88858,146.5247216336871,True,0
intact,55.0,93856,114.73812088834775,True,0
intact,65.0,99349,110.66780958839743,True,0
intact,75.0,100857,135.8167703305398,True,0
intact,85.0,124929,186.22685647850327,True,0
intact,95.0,127106,161.97057816719408,True,0
silence_vPN1,15.0,39157,154.80495607144036,True,0
silence_vPN1,25.0,58500,182.25382519249388,True,0
silence_vPN1,35.0,76419,181.48047248088415,True,0
silence_vPN1,45.0,89357,109.76408494013374,True,0
silence_vPN1,55.0,92091,130.45746550591778,True,0
silence_vPN1,65.0,99499,144.28715324510952,True,0
silence_vPN1,75.0,100325,118.24764772975735,True,0
silence_vPN1,85.0,127280,207.8708692901947,True,0
silence_vPN1,95.0,141730,198.30567188354908,True,0
silence_pC1,15.0,35026,178.1147576797375,True,0
silence_pC1,25.0,48804,168.5424891520786,True,0
silence_pC1,35.0,69907,135.44321443998524,True,0
silence_pC1,45.0,78686,190.939739923908,True,0
silence_pC1,55.0,83663,131.97518318481684,True,0
silence_pC1,65.0,88930,118.96308759944291,True,0
silence_pC1,75.0,101713,182.6401775081613,True,0
silence_pC1,85.0,124682,208.0812217422627,True,0
silence_pC1,95.0,135363,195.8095792610455,True,0
silence_auditory_input,15.0,0,0.0,True,0
silence_auditory_input,25.0,0,0.0,True,0
silence_auditory_input,35.0,0,0.0,True,0
silence_auditory_input,45.0,0,0.0,True,0
silence_auditory_input,55.0,0,0.0,True,0
silence_auditory_input,65.0,0,0.0,True,0
silence_auditory_input,75.0,0,0.0,True,0
silence_auditory_input,85.0,0,0.0,True,0
silence_auditory_input,95.0,0,0.0,True,0
random_vPN1_00,35.0,71278,143.24466431511757,True,0
random_vPN1_01,35.0,74089,178.01497564495008,True,0
random_vPN1_02,35.0,71419,149.3452015177716,True,0
random_vPN1_03,35.0,75163,181.60746472022885,True,0
random_vPN1_04,35.0,73911,162.74293985318394,True,0
random_vPN1_05,35.0,71477,142.60330901708377,True,0
random_vPN1_06,35.0,72528,159.59391646802683,True,0
random_vPN1_07,35.0,75375,131.09154144569382,True,0
random_vPN1_08,35.0,73610,162.61113250063153,True,0
random_vPN1_09,35.0,71950,170.9971930849778,True,0
random_vPN1_10,35.0,75301,173.99210259879837,True,0
random_vPN1_11,35.0,72967,141.65283009659208,True,0
random_vPN1_12,35.0,71463,124.89660576234067,True,0
random_vPN1_13,35.0,71707,150.12037668018792,True,0
random_vPN1_14,35.0,73441,173.66178482999553,True,0
random_vPN1_15,35.0,75701,152.037407693654,True,0
random_vPN1_16,35.0,74158,157.41678248944658,True,0
random_vPN1_17,35.0,74482,187.4577107543106,True,0
random_vPN1_18,35.0,71345,153.17308268078833,True,0
random_vPN1_19,35.0,74538,187.94306437328405,True,0
random_vPN1_20,35.0,73179,137.24547906354672,True,0
random_vPN1_21,35.0,73133,126.79741615511854,True,0
random_vPN1_22,35.0,74906,137.73520840649635,True,0
random_vPN1_23,35.0,76943,139.90603996227077,True,0
random_pC1_00,35.0,67648,148.2467227085077,True,0
random_pC1_01,35.0,70901,192.48855840211252,True,0
random_pC1_02,35.0,69956,162.3799277101782,True,0
random_pC1_03,35.0,68644,175.2085659682166,True,0
random_pC1_04,35.0,70285,150.53707166542765,True,0
random_pC1_05,35.0,73017,128.66637363172933,True,0
random_pC1_06,35.0,66870,123.43282059416845,True,0
random_pC1_07,35.0,68252,159.05972664668124,True,0
random_pC1_08,35.0,70356,153.521240357236,True,0
random_pC1_09,35.0,67059,126.77273861012037,True,0
random_pC1_10,35.0,68087,194.37517580770984,True,0
random_pC1_11,35.0,70213,149.8272982761009,True,0
random_pC1_12,35.0,72283,145.99464211979512,True,0
random_pC1_13,35.0,70408,150.45999384743692,True,0
random_pC1_14,35.0,62528,135.6082634085086,True,0
random_pC1_15,35.0,69940,144.25627716569187,True,0
random_pC1_16,35.0,69808,155.00236126998593,True,0
random_pC1_17,35.0,71390,131.53831312905342,True,0
random_pC1_18,35.0,74409,187.57195552174096,True,0
random_pC1_19,35.0,70564,168.28234390870128,True,0
random_pC1_20,35.0,69377,161.5753685115174,True,0
random_pC1_21,35.0,68624,144.20158995693367,True,0
random_pC1_22,35.0,69512,150.36169227420197,True,0
random_pC1_23,35.0,67150,148.87818040217553,True,0
