neuron_index,bodyId,type,instance
3,10573,LC10a,LC10a_L
4,12130,LC10a,LC10a_L
5,12424,LC10a,LC10a_L
6,12458,LC10a,LC10a_L
7,13697,LC10a,LC10a_L
8,13974,LC10a,LC10a_L
9,14980,LC10a,LC10a_L
10,15340,LC10a,LC10a_L
11,15471,LC10a,LC10a_L
12,15508,LC10a,LC10a_L
13,16775,LC10a,LC10a_L
14,18078,LC10a,LC10a_L
15,18518,LC10a,LC10a_L
16,18917,LC10a,LC10a_L
17,19120,LC10a,LC10a_L
18,19350,LC10a,LC10a_L
19,19537,LC10a,LC10a_L
20,19540,LC10a,LC10a_L
21,19659,LC10a,LC10a_L
22,19667,LC10a,LC10a_L
23,19703,LC10a,LC10a_L
24,20112,LC10a,LC10a_L
25,20378,LC10a,LC10a_L
26,21065,LC10a,LC10a_R
27,21173,LC10a,LC10a_L
28,21199,LC10a,LC10a_R
29,21238,LC10a,LC10a_R
30,21426,LC10a,LC10a_R
31,21632,LC10a,LC10a_R
32,21744,LC10a,LC10a_L
33,21835,LC10a,LC10a_L
34,21983,LC10a,LC10a_R
35,21984,LC10a,LC10a_R
36,22070,LC10a,LC10a_R
37,22148,LC10a,LC10a_R
38,22184,LC10a,LC10a_L
39,22248,LC10a,LC10a_R
40,22259,LC10a,LC10a_L
41,22339,LC10a,LC10a_L
42,22392,LC10a,LC10a_L
43,22397,LC10a,LC10a_R
44,22505,LC10a,LC10a_R
45,22510,LC10a,LC10a_R
46,22750,LC10a,LC10a_R
47,22783,LC10a,LC10a_R
48,22831,LC10a,LC10a_R
49,22959,LC10a,LC10a_L
50,22989,LC10a,LC10a_R
51,22997,LC10a,LC10a_R
52,23001,LC10a,LC10a_L
53,23002,LC10a,LC10a_R
54,23128,LC10a,LC10a_R
55,23148,LC10a,LC10a_L
56,23154,LC10a,LC10a_R
57,23210,LC10a,LC10a_R
58,23328,LC10a,LC10a_L
59,23377,LC10a,LC10a_R
60,23421,LC10a,LC10a_R
61,23463,LC10a,LC10a_R
62,23499,LC10a,LC10a_R
63,23599,LC10a,LC10a_L
64,23677,LC10a,LC10a_R
65,23686,LC10a,LC10a_R
66,23719,LC10a,LC10a_R
67,23741,LC10a,LC10a_L
68,23830,LC10a,LC10a_R
69,23852,LC10a,LC10a_L
70,23867,LC10a,LC10a_R
71,23868,LC10a,LC10a_R
72,23890,LC10a,LC10a_R
73,23930,LC10a,LC10a_L
74,23989,LC10a,LC10a_L
75,24035,LC10a,LC10a_R
76,24071,LC10a,LC10a_R
77,24164,LC10a,LC10a_R
78,24208,LC10a,LC10a_R
79,24211,LC10a,LC10a_R
80,24283,LC10a,LC10a_R
81,24482,LC10a,LC10a_R
82,24492,LC10a,LC10a_R
83,24505,LC10a,LC10a_R
84,24545,LC10a,LC10a_R
85,24592,LC10a,LC10a_R
86,24719,LC10a,LC10a_L
87,24742,LC10a,LC10a_L
88,24769,LC10a,LC10a_R
89,24784,LC10a,LC10a_R
90,24854,LC10a,LC10a_R
91,24909,LC10a,LC10a_R
92,25003,LC10a,LC10a_L
93,25067,LC10a,LC10a_R
94,25088,LC10a,LC10a_R
95,25167,LC10a,LC10a_R
96,25198,LC10a,LC10a_R
97,25202,LC10a,LC10a_R
98,25296,LC10a,LC10a_R
99,25304,LC10a,LC10a_L
100,25369,LC10a,LC10a_R
101,25394,LC10a,LC10a_R
102,25400,LC10a,LC10a_R
103,25412,LC10a,LC10a_L
104,25446,LC10a,LC10a_R
105,25450,LC10a,LC10a_L
106,25472,LC10a,LC10a_R
107,25641,LC10a,LC10a_R
108,25711,LC10a,LC10a_R
109,25817,LC10a,LC10a_L
110,25952,LC10a,LC10a_R
111,26142,LC10a,LC10a_L
112,26373,LC10a,LC10a_R
113,26380,LC10a,LC10a_L
114,26450,LC10a,LC10a_R
115,26560,LC10a,LC10a_R
116,26740,LC10a,LC10a_L
117,26788,LC10a,LC10a_R
118,26811,LC10a,LC10a_R
119,26963,LC10a,LC10a_L
120,26976,LC10a,LC10a_R
121,27067,LC10a,LC10a_R
122,27300,LC10a,LC10a_R
123,27334,LC10a,LC10a_R
124,27468,LC10a,LC10a_L
125,27579,LC10a,LC10a_R
126,27689,LC10a,LC10a_L
127,27704,LC10a,LC10a_R
128,27709,LC10a,LC10a_R
129,27915,LC10a,LC10a_L
130,27967,LC10a,LC10a_L
131,28082,LC10a,LC10a_L
132,28143,LC10a,LC10a_L
133,28204,LC10a,LC10a_R
134,28259,LC10a,LC10a_R
135,28390,LC10a,LC10a_R
136,28533,LC10a,LC10a_L
137,28543,LC10a,LC10a_L
138,28599,LC10a,LC10a_R
139,28654,LC10a,LC10a_R
140,28823,LC10a,LC10a_R
141,28904,LC10a,LC10a_L
142,29092,LC10a,LC10a_R
143,29186,LC10a,LC10a_R
144,29359,LC10a,LC10a_R
145,29686,LC10a,LC10a_L
146,29744,LC10a,LC10a_R
147,29803,LC10a,LC10a_L
148,29979,LC10a,LC10a_R
149,30025,LC10a,LC10a_L
150,30499,LC10a,LC10a_R
151,30707,LC10a,LC10a_L
152,30993,LC10a,LC10a_R
153,31033,LC10a,LC10a_L
154,31250,LC10a,LC10a_R
155,31623,LC10a,LC10a_R
156,31634,LC10a,LC10a_R
157,31801,LC10a,LC10a_L
158,31878,LC10a,LC10a_R
159,31941,LC10a,LC10a_R
160,31976,LC10a,LC10a_R
161,32090,LC10a,LC10a_L
162,32111,LC10a,LC10a_L
163,32153,LC10a,LC10a_L
164,32238,LC10a,LC10a_L
165,32286,LC10a,LC10a_L
166,32336,LC10a,LC10a_R
167,32493,LC10a,LC10a_L
168,32614,LC10a,LC10a_R
169,32657,LC10a,LC10a_L
170,32946,LC10a,LC10a_R
171,33048,LC10a,LC10a_R
172,33177,LC10a,LC10a_R
173,33219,LC10a,LC10a_L
174,34351,LC10a,LC10a_L
175,34643,LC10a,LC10a_L
176,34774,LC10a,LC10a_R
177,34838,LC10a,LC10a_R
178,35250,LC10a,LC10a_R
179,36286,LC10a,LC10a_L
180,36421,LC10a,LC10a_R
181,36779,LC10a,LC10a_R
182,36783,LC10a,LC10a_L
183,37042,LC10a,LC10a_L
184,37316,LC10a,LC10a_L
185,37896,LC10a,LC10a_L
186,38301,LC10a,LC10a_L
187,38374,LC10a,LC10a_R
188,38810,LC10a,LC10a_R
189,39108,LC10a,LC10a_L
190,40220,LC10a,LC10a_L
191,41089,LC10a,LC10a_R
192,41240,LC10a,LC10a_R
193,42379,LC10a,LC10a_L
194,43865,LC10a,LC10a_L
195,44666,LC10a,LC10a_R
196,47400,LC10a,LC10a_R
197,48790,LC10a,LC10a_L
198,49807,LC10a,LC10a_L
199,51397,LC10a,LC10a_R
200,51720,LC10a,LC10a_L
201,52430,LC10a,LC10a_L
202,53572,LC10a,LC10a_R
203,56376,LC10a,LC10a_L
204,58449,LC10a,LC10a_L
205,60207,LC10a,LC10a_L
206,61545,LC10a,LC10a_L
207,64964,LC10a,LC10a_L
208,68463,LC10a,LC10a_L
209,74072,LC10a,LC10a_L
210,140676,LC10a,LC10a_L
211,514646,LC10a,LC10a_L
213,518681,LC10a,LC10a_L
214,519168,LC10a,LC10a_L
217,524616,LC10a,LC10a_L
218,525482,LC10a,LC10a_L
219,527684,LC10a,LC10a_L
220,528991,LC10a,LC10a_L
221,529578,LC10a,LC10a_L
222,532653,LC10a,LC10a_L
223,536318,LC10a,LC10a_L
224,557990,LC10a,LC10a_L
225,575597,LC10a,LC10a_L
