bodyId,type,instance,somaSide,fruDsx,status,appearances,distinct_search_files,source_files,best_rank,median_rank,best_score,max_matched_pixels,in_frozen_ir
19948,pC1_3c,pC1_3c_R,R,coexpress_high,Traced,12,12,20191213_64_H1_Channel2.csv;20191213_64_H1_Channel3.csv;20191213_64_H3_Channel1.csv;20191213_64_H3_Channel2.csv;20191213_64_H4_Channel2.csv;20191213_64_H4_Channel3.csv;20191213_64_H5_Channel1.csv;20191213_64_H5_Channel2.csv;20191213_64_H5_Channel3.csv;20191213_64_H6_Channel1.csv;20191213_64_H6_Channel2.csv;20191213_64_H6_Channel3.csv,3,1143.5,23797.436,978,True
12442,pC1_4a,pC1_4a_L,L,dsx_high,Traced,12,12,20191213_64_H1_Channel2.csv;20191213_64_H1_Channel3.csv;20191213_64_H3_Channel1.csv;20191213_64_H3_Channel2.csv;20191213_64_H4_Channel2.csv;20191213_64_H4_Channel3.csv;20191213_64_H5_Channel1.csv;20191213_64_H5_Channel2.csv;20191213_64_H5_Channel3.csv;20191213_64_H6_Channel1.csv;20191213_64_H6_Channel2.csv;20191213_64_H6_Channel3.csv,6,1364.0,19291.691,757,True
522419,pC1_4a,pC1_4a_L,L,dsx_high,Traced,12,12,20191213_64_H1_Channel2.csv;20191213_64_H1_Channel3.csv;20191213_64_H3_Channel1.csv;20191213_64_H3_Channel2.csv;20191213_64_H4_Channel2.csv;20191213_64_H4_Channel3.csv;20191213_64_H5_Channel1.csv;20191213_64_H5_Channel2.csv;20191213_64_H5_Channel3.csv;20191213_64_H6_Channel1.csv;20191213_64_H6_Channel2.csv;20191213_64_H6_Channel3.csv,20,1694.5,18494.846,787,True
18017,pC1_3c,pC1_3c_L,L,coexpress_high,Traced,12,12,20191213_64_H1_Channel2.csv;20191213_64_H1_Channel3.csv;20191213_64_H3_Channel1.csv;20191213_64_H3_Channel2.csv;20191213_64_H4_Channel2.csv;20191213_64_H4_Channel3.csv;20191213_64_H5_Channel1.csv;20191213_64_H5_Channel2.csv;20191213_64_H5_Channel3.csv;20191213_64_H6_Channel1.csv;20191213_64_H6_Channel2.csv;20191213_64_H6_Channel3.csv,20,1435.5,18007.438,1021,True
20117,pC1_4a,pC1_4a_R,R,dsx_high,Traced,12,12,20191213_64_H1_Channel2.csv;20191213_64_H1_Channel3.csv;20191213_64_H3_Channel1.csv;20191213_64_H3_Channel2.csv;20191213_64_H4_Channel2.csv;20191213_64_H4_Channel3.csv;20191213_64_H5_Channel1.csv;20191213_64_H5_Channel2.csv;20191213_64_H5_Channel3.csv;20191213_64_H6_Channel1.csv;20191213_64_H6_Channel2.csv;20191213_64_H6_Channel3.csv,21,1762.0,17648.94,741,True
514925,pC1_3b,pC1_3b_R,R,coexpress_high,Traced,12,12,20191213_64_H1_Channel2.csv;20191213_64_H1_Channel3.csv;20191213_64_H3_Channel1.csv;20191213_64_H3_Channel2.csv;20191213_64_H4_Channel2.csv;20191213_64_H4_Channel3.csv;20191213_64_H5_Channel1.csv;20191213_64_H5_Channel2.csv;20191213_64_H5_Channel3.csv;20191213_64_H6_Channel1.csv;20191213_64_H6_Channel2.csv;20191213_64_H6_Channel3.csv,25,1988.5,15767.622,934,False
12448,pC1_18a,pC1_18a_L,L,dsx_low,Traced,12,12,20191213_64_H1_Channel2.csv;20191213_64_H1_Channel3.csv;20191213_64_H3_Channel1.csv;20191213_64_H3_Channel2.csv;20191213_64_H4_Channel2.csv;20191213_64_H4_Channel3.csv;20191213_64_H5_Channel1.csv;20191213_64_H5_Channel2.csv;20191213_64_H5_Channel3.csv;20191213_64_H6_Channel1.csv;20191213_64_H6_Channel2.csv;20191213_64_H6_Channel3.csv,30,1453.0,15485.283,558,True
19894,pC1_3c,pC1_3c_R,R,coexpress_high,Traced,12,12,20191213_64_H1_Channel2.csv;20191213_64_H1_Channel3.csv;20191213_64_H3_Channel1.csv;20191213_64_H3_Channel2.csv;20191213_64_H4_Channel2.csv;20191213_64_H4_Channel3.csv;20191213_64_H5_Channel1.csv;20191213_64_H5_Channel2.csv;20191213_64_H5_Channel3.csv;20191213_64_H6_Channel1.csv;20191213_64_H6_Channel2.csv;20191213_64_H6_Channel3.csv,32,1475.5,14177.881,537,False
19650,pC1_3a,pC1_3a_L,L,coexpress_high,Traced,12,12,20191213_64_H1_Channel2.csv;20191213_64_H1_Channel3.csv;20191213_64_H3_Channel1.csv;20191213_64_H3_Channel2.csv;20191213_64_H4_Channel2.csv;20191213_64_H4_Channel3.csv;20191213_64_H5_Channel1.csv;20191213_64_H5_Channel2.csv;20191213_64_H5_Channel3.csv;20191213_64_H6_Channel1.csv;20191213_64_H6_Channel2.csv;20191213_64_H6_Channel3.csv,36,1567.5,13624.339,802,True
20803,pC1_4a,pC1_4a_R,R,dsx_high,Traced,12,12,20191213_64_H1_Channel2.csv;20191213_64_H1_Channel3.csv;20191213_64_H3_Channel1.csv;20191213_64_H3_Channel2.csv;20191213_64_H4_Channel2.csv;20191213_64_H4_Channel3.csv;20191213_64_H5_Channel1.csv;20191213_64_H5_Channel2.csv;20191213_64_H5_Channel3.csv;20191213_64_H6_Channel1.csv;20191213_64_H6_Channel2.csv;20191213_64_H6_Channel3.csv,40,1391.5,14422.22,849,True
58786,pC1_16b,pC1_16b_R,R,coexpress_high,Traced,12,12,20191213_64_H1_Channel2.csv;20191213_64_H1_Channel3.csv;20191213_64_H3_Channel1.csv;20191213_64_H3_Channel2.csv;20191213_64_H4_Channel2.csv;20191213_64_H4_Channel3.csv;20191213_64_H5_Channel1.csv;20191213_64_H5_Channel2.csv;20191213_64_H5_Channel3.csv;20191213_64_H6_Channel1.csv;20191213_64_H6_Channel2.csv;20191213_64_H6_Channel3.csv,40,2301.0,13231.04,425,False
29143,pC1_5b,pC1_5b_R,R,coexpress_high,Traced,12,12,20191213_64_H1_Channel2.csv;20191213_64_H1_Channel3.csv;20191213_64_H3_Channel1.csv;20191213_64_H3_Channel2.csv;20191213_64_H4_Channel2.csv;20191213_64_H4_Channel3.csv;20191213_64_H5_Channel1.csv;20191213_64_H5_Channel2.csv;20191213_64_H5_Channel3.csv;20191213_64_H6_Channel1.csv;20191213_64_H6_Channel2.csv;20191213_64_H6_Channel3.csv,52,1485.5,10972.244,748,True
519297,pC1_2a,pC1_2a_R,R,coexpress_high,Traced,11,11,20191213_64_H1_Channel2.csv;20191213_64_H1_Channel3.csv;20191213_64_H3_Channel1.csv;20191213_64_H3_Channel2.csv;20191213_64_H4_Channel2.csv;20191213_64_H4_Channel3.csv;20191213_64_H5_Channel2.csv;20191213_64_H5_Channel3.csv;20191213_64_H6_Channel1.csv;20191213_64_H6_Channel2.csv;20191213_64_H6_Channel3.csv,54,1138.0,12532.73,642,False
18974,pC1_3a,pC1_3a_R,R,coexpress_high,Traced,12,12,20191213_64_H1_Channel2.csv;20191213_64_H1_Channel3.csv;20191213_64_H3_Channel1.csv;20191213_64_H3_Channel2.csv;20191213_64_H4_Channel2.csv;20191213_64_H4_Channel3.csv;20191213_64_H5_Channel1.csv;20191213_64_H5_Channel2.csv;20191213_64_H5_Channel3.csv;20191213_64_H6_Channel1.csv;20191213_64_H6_Channel2.csv;20191213_64_H6_Channel3.csv,62,1778.0,10439.121,658,True
170209,pC1_19,pC1_19_R,R,dsx_high,Traced,12,12,20191213_64_H1_Channel2.csv;20191213_64_H1_Channel3.csv;20191213_64_H3_Channel1.csv;20191213_64_H3_Channel2.csv;20191213_64_H4_Channel2.csv;20191213_64_H4_Channel3.csv;20191213_64_H5_Channel1.csv;20191213_64_H5_Channel2.csv;20191213_64_H5_Channel3.csv;20191213_64_H6_Channel1.csv;20191213_64_H6_Channel2.csv;20191213_64_H6_Channel3.csv,63,2303.5,11968.725,487,True
29483,pC1_5b,pC1_5b_R,R,coexpress_high,Traced,12,12,20191213_64_H1_Channel2.csv;20191213_64_H1_Channel3.csv;20191213_64_H3_Channel1.csv;20191213_64_H3_Channel2.csv;20191213_64_H4_Channel2.csv;20191213_64_H4_Channel3.csv;20191213_64_H5_Channel1.csv;20191213_64_H5_Channel2.csv;20191213_64_H5_Channel3.csv;20191213_64_H6_Channel1.csv;20191213_64_H6_Channel2.csv;20191213_64_H6_Channel3.csv,75,1949.5,9777.517,427,True
68624,pC1_19,pC1_19_L,L,dsx_high,Traced,12,12,20191213_64_H1_Channel2.csv;20191213_64_H1_Channel3.csv;20191213_64_H3_Channel1.csv;20191213_64_H3_Channel2.csv;20191213_64_H4_Channel2.csv;20191213_64_H4_Channel3.csv;20191213_64_H5_Channel1.csv;20191213_64_H5_Channel2.csv;20191213_64_H5_Channel3.csv;20191213_64_H6_Channel1.csv;20191213_64_H6_Channel2.csv;20191213_64_H6_Channel3.csv,77,2541.5,9544.066,563,True
557035,pC1_5b,pC1_5b_L,L,coexpress_high,Traced,12,12,20191213_64_H1_Channel2.csv;20191213_64_H1_Channel3.csv;20191213_64_H3_Channel1.csv;20191213_64_H3_Channel2.csv;20191213_64_H4_Channel2.csv;20191213_64_H4_Channel3.csv;20191213_64_H5_Channel1.csv;20191213_64_H5_Channel2.csv;20191213_64_H5_Channel3.csv;20191213_64_H6_Channel1.csv;20191213_64_H6_Channel2.csv;20191213_64_H6_Channel3.csv,91,1915.5,8511.729,498,True
20392,pC1_2c,pC1_2c_R,R,coexpress_high,Traced,12,12,20191213_64_H1_Channel2.csv;20191213_64_H1_Channel3.csv;20191213_64_H3_Channel1.csv;20191213_64_H3_Channel2.csv;20191213_64_H4_Channel2.csv;20191213_64_H4_Channel3.csv;20191213_64_H5_Channel1.csv;20191213_64_H5_Channel2.csv;20191213_64_H5_Channel3.csv;20191213_64_H6_Channel1.csv;20191213_64_H6_Channel2.csv;20191213_64_H6_Channel3.csv,93,1596.0,9781.676,705,True
17564,pC1_2a,pC1_2a_L,L,coexpress_high,Traced,12,12,20191213_64_H1_Channel2.csv;20191213_64_H1_Channel3.csv;20191213_64_H3_Channel1.csv;20191213_64_H3_Channel2.csv;20191213_64_H4_Channel2.csv;20191213_64_H4_Channel3.csv;20191213_64_H5_Channel1.csv;20191213_64_H5_Channel2.csv;20191213_64_H5_Channel3.csv;20191213_64_H6_Channel1.csv;20191213_64_H6_Channel2.csv;20191213_64_H6_Channel3.csv,99,1344.5,10440.923,709,False
33041,pC1_16b,pC1_16b_R,R,coexpress_high,Traced,12,12,20191213_64_H1_Channel2.csv;20191213_64_H1_Channel3.csv;20191213_64_H3_Channel1.csv;20191213_64_H3_Channel2.csv;20191213_64_H4_Channel2.csv;20191213_64_H4_Channel3.csv;20191213_64_H5_Channel1.csv;20191213_64_H5_Channel2.csv;20191213_64_H5_Channel3.csv;20191213_64_H6_Channel1.csv;20191213_64_H6_Channel2.csv;20191213_64_H6_Channel3.csv,102,2351.5,8184.5205,357,False
13266,pC1_3b,pC1_3b_L,L,coexpress_high,Traced,12,12,20191213_64_H1_Channel2.csv;20191213_64_H1_Channel3.csv;20191213_64_H3_Channel1.csv;20191213_64_H3_Channel2.csv;20191213_64_H4_Channel2.csv;20191213_64_H4_Channel3.csv;20191213_64_H5_Channel1.csv;20191213_64_H5_Channel2.csv;20191213_64_H5_Channel3.csv;20191213_64_H6_Channel1.csv;20191213_64_H6_Channel2.csv;20191213_64_H6_Channel3.csv,114,1749.0,10522.951,794,True
23968,pC1_4a,pC1_4a_R,R,dsx_high,Traced,12,12,20191213_64_H1_Channel2.csv;20191213_64_H1_Channel3.csv;20191213_64_H3_Channel1.csv;20191213_64_H3_Channel2.csv;20191213_64_H4_Channel2.csv;20191213_64_H4_Channel3.csv;20191213_64_H5_Channel1.csv;20191213_64_H5_Channel2.csv;20191213_64_H5_Channel3.csv;20191213_64_H6_Channel1.csv;20191213_64_H6_Channel2.csv;20191213_64_H6_Channel3.csv,137,1847.0,8428.214,585,True
16719,pC1_4b,pC1_4b_R,R,dsx_high,Traced,12,12,20191213_64_H1_Channel2.csv;20191213_64_H1_Channel3.csv;20191213_64_H3_Channel1.csv;20191213_64_H3_Channel2.csv;20191213_64_H4_Channel2.csv;20191213_64_H4_Channel3.csv;20191213_64_H5_Channel1.csv;20191213_64_H5_Channel2.csv;20191213_64_H5_Channel3.csv;20191213_64_H6_Channel1.csv;20191213_64_H6_Channel2.csv;20191213_64_H6_Channel3.csv,139,1749.0,9756.734,689,True
26993,pC1_1b,pC1_1b_R,R,coexpress_high,Traced,12,12,20191213_64_H1_Channel2.csv;20191213_64_H1_Channel3.csv;20191213_64_H3_Channel1.csv;20191213_64_H3_Channel2.csv;20191213_64_H4_Channel2.csv;20191213_64_H4_Channel3.csv;20191213_64_H5_Channel1.csv;20191213_64_H5_Channel2.csv;20191213_64_H5_Channel3.csv;20191213_64_H6_Channel1.csv;20191213_64_H6_Channel2.csv;20191213_64_H6_Channel3.csv,139,2203.5,7107.269,607,True
519518,pC1_4a,pC1_4a_L,L,dsx_high,Traced,12,12,20191213_64_H1_Channel2.csv;20191213_64_H1_Channel3.csv;20191213_64_H3_Channel1.csv;20191213_64_H3_Channel2.csv;20191213_64_H4_Channel2.csv;20191213_64_H4_Channel3.csv;20191213_64_H5_Channel1.csv;20191213_64_H5_Channel2.csv;20191213_64_H5_Channel3.csv;20191213_64_H6_Channel1.csv;20191213_64_H6_Channel2.csv;20191213_64_H6_Channel3.csv,141,1798.5,7323.275,715,True
532011,pC1_18a,pC1_18a_R,R,dsx_low,Traced,9,9,20191213_64_H1_Channel2.csv;20191213_64_H3_Channel1.csv;20191213_64_H4_Channel2.csv;20191213_64_H4_Channel3.csv;20191213_64_H5_Channel1.csv;20191213_64_H5_Channel2.csv;20191213_64_H5_Channel3.csv;20191213_64_H6_Channel1.csv;20191213_64_H6_Channel2.csv,147,781.0,8395.924,351,False
518253,pC1_18b,pC1_18b_L,L,dsx_low,Traced,8,8,20191213_64_H1_Channel2.csv;20191213_64_H3_Channel1.csv;20191213_64_H4_Channel2.csv;20191213_64_H4_Channel3.csv;20191213_64_H5_Channel2.csv;20191213_64_H5_Channel3.csv;20191213_64_H6_Channel1.csv;20191213_64_H6_Channel2.csv,155,1847.0,6797.9995,466,True
18554,pC1_12b,pC1_12b_R,R,dsx_high,Traced,12,12,20191213_64_H1_Channel2.csv;20191213_64_H1_Channel3.csv;20191213_64_H3_Channel1.csv;20191213_64_H3_Channel2.csv;20191213_64_H4_Channel2.csv;20191213_64_H4_Channel3.csv;20191213_64_H5_Channel1.csv;20191213_64_H5_Channel2.csv;20191213_64_H5_Channel3.csv;20191213_64_H6_Channel1.csv;20191213_64_H6_Channel2.csv;20191213_64_H6_Channel3.csv,166,2069.0,9018.335,533,True
26833,pC1_16b,pC1_16b_L,L,coexpress_high,Traced,12,12,20191213_64_H1_Channel2.csv;20191213_64_H1_Channel3.csv;20191213_64_H3_Channel1.csv;20191213_64_H3_Channel2.csv;20191213_64_H4_Channel2.csv;20191213_64_H4_Channel3.csv;20191213_64_H5_Channel1.csv;20191213_64_H5_Channel2.csv;20191213_64_H5_Channel3.csv;20191213_64_H6_Channel1.csv;20191213_64_H6_Channel2.csv;20191213_64_H6_Channel3.csv,174,2317.5,6700.7983,422,False
25746,pC1_16b,pC1_16b_R,R,coexpress_high,Traced,12,12,20191213_64_H1_Channel2.csv;20191213_64_H1_Channel3.csv;20191213_64_H3_Channel1.csv;20191213_64_H3_Channel2.csv;20191213_64_H4_Channel2.csv;20191213_64_H4_Channel3.csv;20191213_64_H5_Channel1.csv;20191213_64_H5_Channel2.csv;20191213_64_H5_Channel3.csv;20191213_64_H6_Channel1.csv;20191213_64_H6_Channel2.csv;20191213_64_H6_Channel3.csv,176,2356.0,6235.4424,529,False
98113,pC1_19,pC1_19_L,L,dsx_high,Traced,12,12,20191213_64_H1_Channel2.csv;20191213_64_H1_Channel3.csv;20191213_64_H3_Channel1.csv;20191213_64_H3_Channel2.csv;20191213_64_H4_Channel2.csv;20191213_64_H4_Channel3.csv;20191213_64_H5_Channel1.csv;20191213_64_H5_Channel2.csv;20191213_64_H5_Channel3.csv;20191213_64_H6_Channel1.csv;20191213_64_H6_Channel2.csv;20191213_64_H6_Channel3.csv,187,2326.5,8606.435,394,True
125721,pC1_19,pC1_19_R,R,dsx_high,Traced,12,12,20191213_64_H1_Channel2.csv;20191213_64_H1_Channel3.csv;20191213_64_H3_Channel1.csv;20191213_64_H3_Channel2.csv;20191213_64_H4_Channel2.csv;20191213_64_H4_Channel3.csv;20191213_64_H5_Channel1.csv;20191213_64_H5_Channel2.csv;20191213_64_H5_Channel3.csv;20191213_64_H6_Channel1.csv;20191213_64_H6_Channel2.csv;20191213_64_H6_Channel3.csv,189,2386.0,5964.548,455,True
127881,pC1_19,pC1_19_L,L,dsx_high,Traced,12,12,20191213_64_H1_Channel2.csv;20191213_64_H1_Channel3.csv;20191213_64_H3_Channel1.csv;20191213_64_H3_Channel2.csv;20191213_64_H4_Channel2.csv;20191213_64_H4_Channel3.csv;20191213_64_H5_Channel1.csv;20191213_64_H5_Channel2.csv;20191213_64_H5_Channel3.csv;20191213_64_H6_Channel1.csv;20191213_64_H6_Channel2.csv;20191213_64_H6_Channel3.csv,193,2362.5,5881.967,431,True
13495,pC1_11a,pC1_11a_R,R,dsx_high,Traced,12,12,20191213_64_H1_Channel2.csv;20191213_64_H1_Channel3.csv;20191213_64_H3_Channel1.csv;20191213_64_H3_Channel2.csv;20191213_64_H4_Channel2.csv;20191213_64_H4_Channel3.csv;20191213_64_H5_Channel1.csv;20191213_64_H5_Channel2.csv;20191213_64_H5_Channel3.csv;20191213_64_H6_Channel1.csv;20191213_64_H6_Channel2.csv;20191213_64_H6_Channel3.csv,204,1659.5,5653.841,664,True
79642,pC1_19,pC1_19_R,R,dsx_high,Traced,12,12,20191213_64_H1_Channel2.csv;20191213_64_H1_Channel3.csv;20191213_64_H3_Channel1.csv;20191213_64_H3_Channel2.csv;20191213_64_H4_Channel2.csv;20191213_64_H4_Channel3.csv;20191213_64_H5_Channel1.csv;20191213_64_H5_Channel2.csv;20191213_64_H5_Channel3.csv;20191213_64_H6_Channel1.csv;20191213_64_H6_Channel2.csv;20191213_64_H6_Channel3.csv,243,2420.0,5044.5776,314,True
17867,pC1_4b,pC1_4b_L,L,dsx_high,Traced,12,12,20191213_64_H1_Channel2.csv;20191213_64_H1_Channel3.csv;20191213_64_H3_Channel1.csv;20191213_64_H3_Channel2.csv;20191213_64_H4_Channel2.csv;20191213_64_H4_Channel3.csv;20191213_64_H5_Channel1.csv;20191213_64_H5_Channel2.csv;20191213_64_H5_Channel3.csv;20191213_64_H6_Channel1.csv;20191213_64_H6_Channel2.csv;20191213_64_H6_Channel3.csv,249,1494.0,6029.6206,849,True
30391,pC1_8b,pC1_8b_R,R,dsx_high,Traced,10,10,20191213_64_H1_Channel2.csv;20191213_64_H1_Channel3.csv;20191213_64_H3_Channel1.csv;20191213_64_H3_Channel2.csv;20191213_64_H4_Channel2.csv;20191213_64_H5_Channel2.csv;20191213_64_H5_Channel3.csv;20191213_64_H6_Channel1.csv;20191213_64_H6_Channel2.csv;20191213_64_H6_Channel3.csv,270,2708.5,4739.3096,467,True
19136,pC1_3c,pC1_3c_L,L,coexpress_high,Traced,12,12,20191213_64_H1_Channel2.csv;20191213_64_H1_Channel3.csv;20191213_64_H3_Channel1.csv;20191213_64_H3_Channel2.csv;20191213_64_H4_Channel2.csv;20191213_64_H4_Channel3.csv;20191213_64_H5_Channel1.csv;20191213_64_H5_Channel2.csv;20191213_64_H5_Channel3.csv;20191213_64_H6_Channel1.csv;20191213_64_H6_Channel2.csv;20191213_64_H6_Channel3.csv,272,1762.5,4732.253,1106,True
512011,pC1_12a,pC1_12a_R,R,coexpress_low,Traced,12,12,20191213_64_H1_Channel2.csv;20191213_64_H1_Channel3.csv;20191213_64_H3_Channel1.csv;20191213_64_H3_Channel2.csv;20191213_64_H4_Channel2.csv;20191213_64_H4_Channel3.csv;20191213_64_H5_Channel1.csv;20191213_64_H5_Channel2.csv;20191213_64_H5_Channel3.csv;20191213_64_H6_Channel1.csv;20191213_64_H6_Channel2.csv;20191213_64_H6_Channel3.csv,279,2082.0,7200.0947,571,True
22093,pC1_2c,pC1_2c_L,L,coexpress_high,Traced,12,12,20191213_64_H1_Channel2.csv;20191213_64_H1_Channel3.csv;20191213_64_H3_Channel1.csv;20191213_64_H3_Channel2.csv;20191213_64_H4_Channel2.csv;20191213_64_H4_Channel3.csv;20191213_64_H5_Channel1.csv;20191213_64_H5_Channel2.csv;20191213_64_H5_Channel3.csv;20191213_64_H6_Channel1.csv;20191213_64_H6_Channel2.csv;20191213_64_H6_Channel3.csv,281,2034.0,4612.2803,809,True
41518,pC1_8c,pC1_8c_R,R,dsx_high,Traced,12,12,20191213_64_H1_Channel2.csv;20191213_64_H1_Channel3.csv;20191213_64_H3_Channel1.csv;20191213_64_H3_Channel2.csv;20191213_64_H4_Channel2.csv;20191213_64_H4_Channel3.csv;20191213_64_H5_Channel1.csv;20191213_64_H5_Channel2.csv;20191213_64_H5_Channel3.csv;20191213_64_H6_Channel1.csv;20191213_64_H6_Channel2.csv;20191213_64_H6_Channel3.csv,283,2983.5,4601.7056,304,True
70011,pC1_5b,pC1_5b_L,L,coexpress_high,Traced,12,12,20191213_64_H1_Channel2.csv;20191213_64_H1_Channel3.csv;20191213_64_H3_Channel1.csv;20191213_64_H3_Channel2.csv;20191213_64_H4_Channel2.csv;20191213_64_H4_Channel3.csv;20191213_64_H5_Channel1.csv;20191213_64_H5_Channel2.csv;20191213_64_H5_Channel3.csv;20191213_64_H6_Channel1.csv;20191213_64_H6_Channel2.csv;20191213_64_H6_Channel3.csv,307,1784.5,5820.2734,599,True
15329,pC1_2a,pC1_2a_R,R,coexpress_high,Traced,12,12,20191213_64_H1_Channel2.csv;20191213_64_H1_Channel3.csv;20191213_64_H3_Channel1.csv;20191213_64_H3_Channel2.csv;20191213_64_H4_Channel2.csv;20191213_64_H4_Channel3.csv;20191213_64_H5_Channel1.csv;20191213_64_H5_Channel2.csv;20191213_64_H5_Channel3.csv;20191213_64_H6_Channel1.csv;20191213_64_H6_Channel2.csv;20191213_64_H6_Channel3.csv,317,1270.0,6317.1533,743,False
17089,pC1_12b,pC1_12b_R,R,dsx_high,Traced,12,12,20191213_64_H1_Channel2.csv;20191213_64_H1_Channel3.csv;20191213_64_H3_Channel1.csv;20191213_64_H3_Channel2.csv;20191213_64_H4_Channel2.csv;20191213_64_H4_Channel3.csv;20191213_64_H5_Channel1.csv;20191213_64_H5_Channel2.csv;20191213_64_H5_Channel3.csv;20191213_64_H6_Channel1.csv;20191213_64_H6_Channel2.csv;20191213_64_H6_Channel3.csv,342,1864.0,6609.253,640,True
32950,pC1_5a,pC1_5a_R,R,coexpress_low,Traced,8,8,20191213_64_H1_Channel2.csv;20191213_64_H1_Channel3.csv;20191213_64_H3_Channel1.csv;20191213_64_H5_Channel1.csv;20191213_64_H5_Channel2.csv;20191213_64_H5_Channel3.csv;20191213_64_H6_Channel1.csv;20191213_64_H6_Channel2.csv,361,2533.5,3947.0894,321,True
25542,pC1_7a,pC1_7a_R,R,coexpress_low,Traced,11,11,20191213_64_H1_Channel2.csv;20191213_64_H1_Channel3.csv;20191213_64_H3_Channel1.csv;20191213_64_H3_Channel2.csv;20191213_64_H4_Channel2.csv;20191213_64_H4_Channel3.csv;20191213_64_H5_Channel2.csv;20191213_64_H5_Channel3.csv;20191213_64_H6_Channel1.csv;20191213_64_H6_Channel2.csv;20191213_64_H6_Channel3.csv,393,2634.0,3682.5186,439,True
32788,pC1_18b,pC1_18b_R,R,dsx_low,Traced,7,7,20191213_64_H1_Channel2.csv;20191213_64_H3_Channel1.csv;20191213_64_H3_Channel2.csv;20191213_64_H5_Channel2.csv;20191213_64_H5_Channel3.csv;20191213_64_H6_Channel1.csv;20191213_64_H6_Channel2.csv,394,1765.0,5168.0493,383,True
19085,pC1_1a,pC1_1a_R,R,coexpress_high,Traced,12,12,20191213_64_H1_Channel2.csv;20191213_64_H1_Channel3.csv;20191213_64_H3_Channel1.csv;20191213_64_H3_Channel2.csv;20191213_64_H4_Channel2.csv;20191213_64_H4_Channel3.csv;20191213_64_H5_Channel1.csv;20191213_64_H5_Channel2.csv;20191213_64_H5_Channel3.csv;20191213_64_H6_Channel1.csv;20191213_64_H6_Channel2.csv;20191213_64_H6_Channel3.csv,440,1932.5,5922.8994,500,False
59527,pC1_16a,pC1_16a_R,R,coexpress_high,Traced,10,10,20191213_64_H1_Channel2.csv;20191213_64_H3_Channel1.csv;20191213_64_H3_Channel2.csv;20191213_64_H4_Channel2.csv;20191213_64_H4_Channel3.csv;20191213_64_H5_Channel1.csv;20191213_64_H5_Channel2.csv;20191213_64_H5_Channel3.csv;20191213_64_H6_Channel1.csv;20191213_64_H6_Channel2.csv,447,2387.5,3373.43,313,False
66610,pC1_16b,pC1_16b_R,R,coexpress_high,Traced,12,12,20191213_64_H1_Channel2.csv;20191213_64_H1_Channel3.csv;20191213_64_H3_Channel1.csv;20191213_64_H3_Channel2.csv;20191213_64_H4_Channel2.csv;20191213_64_H4_Channel3.csv;20191213_64_H5_Channel1.csv;20191213_64_H5_Channel2.csv;20191213_64_H5_Channel3.csv;20191213_64_H6_Channel1.csv;20191213_64_H6_Channel2.csv;20191213_64_H6_Channel3.csv,451,2642.5,3348.4058,438,False
18990,pC1_11a,pC1_11a_L,L,dsx_high,Traced,12,12,20191213_64_H1_Channel2.csv;20191213_64_H1_Channel3.csv;20191213_64_H3_Channel1.csv;20191213_64_H3_Channel2.csv;20191213_64_H4_Channel2.csv;20191213_64_H4_Channel3.csv;20191213_64_H5_Channel1.csv;20191213_64_H5_Channel2.csv;20191213_64_H5_Channel3.csv;20191213_64_H6_Channel1.csv;20191213_64_H6_Channel2.csv;20191213_64_H6_Channel3.csv,459,2278.0,3289.3784,822,True
13655,pC1_11b,pC1_11b_R,R,dsx_high,Traced,11,11,20191213_64_H1_Channel2.csv;20191213_64_H1_Channel3.csv;20191213_64_H3_Channel1.csv;20191213_64_H3_Channel2.csv;20191213_64_H4_Channel2.csv;20191213_64_H4_Channel3.csv;20191213_64_H5_Channel2.csv;20191213_64_H5_Channel3.csv;20191213_64_H6_Channel1.csv;20191213_64_H6_Channel2.csv;20191213_64_H6_Channel3.csv,523,2066.0,2984.1714,646,True
15208,pC1_1a,pC1_1a_L,L,coexpress_high,Traced,12,12,20191213_64_H1_Channel2.csv;20191213_64_H1_Channel3.csv;20191213_64_H3_Channel1.csv;20191213_64_H3_Channel2.csv;20191213_64_H4_Channel2.csv;20191213_64_H4_Channel3.csv;20191213_64_H5_Channel1.csv;20191213_64_H5_Channel2.csv;20191213_64_H5_Channel3.csv;20191213_64_H6_Channel1.csv;20191213_64_H6_Channel2.csv;20191213_64_H6_Channel3.csv,526,1789.5,3634.6987,757,True
513129,pC1_8b,pC1_8b_L,L,dsx_high,Traced,11,11,20191213_64_H1_Channel2.csv;20191213_64_H1_Channel3.csv;20191213_64_H3_Channel1.csv;20191213_64_H3_Channel2.csv;20191213_64_H4_Channel2.csv;20191213_64_H4_Channel3.csv;20191213_64_H5_Channel2.csv;20191213_64_H5_Channel3.csv;20191213_64_H6_Channel1.csv;20191213_64_H6_Channel2.csv;20191213_64_H6_Channel3.csv,539,2591.0,2925.513,517,True
555747,pC1_13c,pC1_13c_R,R,dsx_high,Traced,11,11,20191213_64_H1_Channel2.csv;20191213_64_H1_Channel3.csv;20191213_64_H3_Channel1.csv;20191213_64_H4_Channel2.csv;20191213_64_H4_Channel3.csv;20191213_64_H5_Channel1.csv;20191213_64_H5_Channel2.csv;20191213_64_H5_Channel3.csv;20191213_64_H6_Channel1.csv;20191213_64_H6_Channel2.csv;20191213_64_H6_Channel3.csv,549,2308.0,5286.5215,708,False
526918,pC1_1a,pC1_1a_R,R,coexpress_high,Traced,11,11,20191213_64_H1_Channel2.csv;20191213_64_H1_Channel3.csv;20191213_64_H3_Channel1.csv;20191213_64_H3_Channel2.csv;20191213_64_H4_Channel2.csv;20191213_64_H4_Channel3.csv;20191213_64_H5_Channel2.csv;20191213_64_H5_Channel3.csv;20191213_64_H6_Channel1.csv;20191213_64_H6_Channel2.csv;20191213_64_H6_Channel3.csv,560,2465.0,2838.921,583,True
514077,pC1_11b,pC1_11b_L,L,dsx_high,Traced,12,12,20191213_64_H1_Channel2.csv;20191213_64_H1_Channel3.csv;20191213_64_H3_Channel1.csv;20191213_64_H3_Channel2.csv;20191213_64_H4_Channel2.csv;20191213_64_H4_Channel3.csv;20191213_64_H5_Channel1.csv;20191213_64_H5_Channel2.csv;20191213_64_H5_Channel3.csv;20191213_64_H6_Channel1.csv;20191213_64_H6_Channel2.csv;20191213_64_H6_Channel3.csv,561,2353.0,2832.8276,835,True
20751,pC1_16a,pC1_16a_L,L,coexpress_high,Traced,7,7,20191213_64_H1_Channel2.csv;20191213_64_H3_Channel1.csv;20191213_64_H4_Channel2.csv;20191213_64_H5_Channel1.csv;20191213_64_H5_Channel3.csv;20191213_64_H6_Channel1.csv;20191213_64_H6_Channel2.csv,595,2047.0,2686.517,411,True
29280,pC1_1a,pC1_1a_R,R,coexpress_high,Traced,11,11,20191213_64_H1_Channel2.csv;20191213_64_H1_Channel3.csv;20191213_64_H3_Channel1.csv;20191213_64_H3_Channel2.csv;20191213_64_H4_Channel2.csv;20191213_64_H4_Channel3.csv;20191213_64_H5_Channel2.csv;20191213_64_H5_Channel3.csv;20191213_64_H6_Channel1.csv;20191213_64_H6_Channel2.csv;20191213_64_H6_Channel3.csv,612,2143.0,2617.6135,511,False
19705,pC1_2b,pC1_2b_R,R,coexpress_high,Traced,12,12,20191213_64_H1_Channel2.csv;20191213_64_H1_Channel3.csv;20191213_64_H3_Channel1.csv;20191213_64_H3_Channel2.csv;20191213_64_H4_Channel2.csv;20191213_64_H4_Channel3.csv;20191213_64_H5_Channel1.csv;20191213_64_H5_Channel2.csv;20191213_64_H5_Channel3.csv;20191213_64_H6_Channel1.csv;20191213_64_H6_Channel2.csv;20191213_64_H6_Channel3.csv,616,1900.5,2972.4822,706,True
524747,pC1_2a,pC1_2a_L,L,coexpress_high,Traced,12,12,20191213_64_H1_Channel2.csv;20191213_64_H1_Channel3.csv;20191213_64_H3_Channel1.csv;20191213_64_H3_Channel2.csv;20191213_64_H4_Channel2.csv;20191213_64_H4_Channel3.csv;20191213_64_H5_Channel1.csv;20191213_64_H5_Channel2.csv;20191213_64_H5_Channel3.csv;20191213_64_H6_Channel1.csv;20191213_64_H6_Channel2.csv;20191213_64_H6_Channel3.csv,623,1925.5,2565.8345,734,True
24623,pC1_6b,pC1_6b_R,R,coexpress_high,Traced,10,10,20191213_64_H1_Channel2.csv;20191213_64_H1_Channel3.csv;20191213_64_H3_Channel1.csv;20191213_64_H3_Channel2.csv;20191213_64_H4_Channel2.csv;20191213_64_H5_Channel2.csv;20191213_64_H5_Channel3.csv;20191213_64_H6_Channel1.csv;20191213_64_H6_Channel2.csv;20191213_64_H6_Channel3.csv,626,2631.5,3199.56,403,True
524296,pC1_1a,pC1_1a_L,L,coexpress_high,Traced,12,12,20191213_64_H1_Channel2.csv;20191213_64_H1_Channel3.csv;20191213_64_H3_Channel1.csv;20191213_64_H3_Channel2.csv;20191213_64_H4_Channel2.csv;20191213_64_H4_Channel3.csv;20191213_64_H5_Channel1.csv;20191213_64_H5_Channel2.csv;20191213_64_H5_Channel3.csv;20191213_64_H6_Channel1.csv;20191213_64_H6_Channel2.csv;20191213_64_H6_Channel3.csv,631,2299.0,2522.8337,776,True
513654,pC1_16b,pC1_16b_L,L,coexpress_high,Traced,10,10,20191213_64_H1_Channel2.csv;20191213_64_H1_Channel3.csv;20191213_64_H3_Channel1.csv;20191213_64_H3_Channel2.csv;20191213_64_H5_Channel1.csv;20191213_64_H5_Channel2.csv;20191213_64_H5_Channel3.csv;20191213_64_H6_Channel1.csv;20191213_64_H6_Channel2.csv;20191213_64_H6_Channel3.csv,655,2795.5,2458.9404,532,False
17387,pC1_2a/2b,pC1_2a/2b_R,R,coexpress_high,Traced,12,12,20191213_64_H1_Channel2.csv;20191213_64_H1_Channel3.csv;20191213_64_H3_Channel1.csv;20191213_64_H3_Channel2.csv;20191213_64_H4_Channel2.csv;20191213_64_H4_Channel3.csv;20191213_64_H5_Channel1.csv;20191213_64_H5_Channel2.csv;20191213_64_H5_Channel3.csv;20191213_64_H6_Channel1.csv;20191213_64_H6_Channel2.csv;20191213_64_H6_Channel3.csv,682,1842.0,4730.1997,539,False
43592,pC1_7b,pC1_7b_R,R,coexpress_low,Traced,10,10,20191213_64_H1_Channel2.csv;20191213_64_H1_Channel3.csv;20191213_64_H3_Channel1.csv;20191213_64_H3_Channel2.csv;20191213_64_H4_Channel2.csv;20191213_64_H5_Channel2.csv;20191213_64_H5_Channel3.csv;20191213_64_H6_Channel1.csv;20191213_64_H6_Channel2.csv;20191213_64_H6_Channel3.csv,724,2818.5,2200.8955,370,True
32283,pC1_16b,pC1_16b_L,L,coexpress_high,Traced,9,9,20191213_64_H1_Channel2.csv;20191213_64_H3_Channel1.csv;20191213_64_H3_Channel2.csv;20191213_64_H4_Channel2.csv;20191213_64_H5_Channel1.csv;20191213_64_H5_Channel2.csv;20191213_64_H5_Channel3.csv;20191213_64_H6_Channel1.csv;20191213_64_H6_Channel2.csv,726,2697.0,2197.0864,462,False
67624,pC1_16a,pC1_16a_R,R,coexpress_high,Traced,9,9,20191213_64_H1_Channel2.csv;20191213_64_H3_Channel1.csv;20191213_64_H3_Channel2.csv;20191213_64_H4_Channel2.csv;20191213_64_H5_Channel1.csv;20191213_64_H5_Channel2.csv;20191213_64_H5_Channel3.csv;20191213_64_H6_Channel1.csv;20191213_64_H6_Channel2.csv,737,2632.0,2553.137,343,False
36545,pC1_17b,pC1_17b_R,R,coexpress_low,Traced,8,8,20191213_64_H1_Channel2.csv;20191213_64_H1_Channel3.csv;20191213_64_H3_Channel1.csv;20191213_64_H5_Channel1.csv;20191213_64_H5_Channel2.csv;20191213_64_H5_Channel3.csv;20191213_64_H6_Channel1.csv;20191213_64_H6_Channel2.csv,756,2383.0,2051.9333,384,False
26746,pC1_7b,pC1_7b_R,R,coexpress_low,Traced,9,9,20191213_64_H1_Channel2.csv;20191213_64_H1_Channel3.csv;20191213_64_H3_Channel1.csv;20191213_64_H3_Channel2.csv;20191213_64_H4_Channel2.csv;20191213_64_H5_Channel2.csv;20191213_64_H5_Channel3.csv;20191213_64_H6_Channel1.csv;20191213_64_H6_Channel2.csv,758,2844.0,2049.3008,328,True
53355,pC1_7a,pC1_7a_L,L,coexpress_low,Traced,11,11,20191213_64_H1_Channel2.csv;20191213_64_H1_Channel3.csv;20191213_64_H3_Channel1.csv;20191213_64_H3_Channel2.csv;20191213_64_H4_Channel2.csv;20191213_64_H4_Channel3.csv;20191213_64_H5_Channel2.csv;20191213_64_H5_Channel3.csv;20191213_64_H6_Channel1.csv;20191213_64_H6_Channel2.csv;20191213_64_H6_Channel3.csv,786,2667.0,1989.8743,639,True
13562,pC1_12b,pC1_12b_L,L,dsx_high,Traced,12,12,20191213_64_H1_Channel2.csv;20191213_64_H1_Channel3.csv;20191213_64_H3_Channel1.csv;20191213_64_H3_Channel2.csv;20191213_64_H4_Channel2.csv;20191213_64_H4_Channel3.csv;20191213_64_H5_Channel1.csv;20191213_64_H5_Channel2.csv;20191213_64_H5_Channel3.csv;20191213_64_H6_Channel1.csv;20191213_64_H6_Channel2.csv;20191213_64_H6_Channel3.csv,788,2092.0,3038.3254,777,True
517735,pC1_6b,pC1_6b_L,L,coexpress_high,Traced,11,11,20191213_64_H1_Channel2.csv;20191213_64_H1_Channel3.csv;20191213_64_H3_Channel1.csv;20191213_64_H3_Channel2.csv;20191213_64_H4_Channel2.csv;20191213_64_H4_Channel3.csv;20191213_64_H5_Channel1.csv;20191213_64_H5_Channel2.csv;20191213_64_H5_Channel3.csv;20191213_64_H6_Channel1.csv;20191213_64_H6_Channel3.csv,808,2467.0,3107.9421,472,True
535835,pC1_16b,pC1_16b_L,L,coexpress_high,Traced,10,10,20191213_64_H1_Channel2.csv;20191213_64_H1_Channel3.csv;20191213_64_H3_Channel1.csv;20191213_64_H3_Channel2.csv;20191213_64_H4_Channel2.csv;20191213_64_H5_Channel1.csv;20191213_64_H5_Channel2.csv;20191213_64_H5_Channel3.csv;20191213_64_H6_Channel1.csv;20191213_64_H6_Channel2.csv,811,2696.5,1896.6184,427,True
17851,pC1_12b,pC1_12b_L,L,dsx_high,Traced,12,12,20191213_64_H1_Channel2.csv;20191213_64_H1_Channel3.csv;20191213_64_H3_Channel1.csv;20191213_64_H3_Channel2.csv;20191213_64_H4_Channel2.csv;20191213_64_H4_Channel3.csv;20191213_64_H5_Channel1.csv;20191213_64_H5_Channel2.csv;20191213_64_H5_Channel3.csv;20191213_64_H6_Channel1.csv;20191213_64_H6_Channel2.csv;20191213_64_H6_Channel3.csv,813,1730.0,4259.2144,1014,True
19968,pC1_10d,pC1_10d_R,R,dsx_high,Traced,9,9,20191213_64_H1_Channel2.csv;20191213_64_H3_Channel1.csv;20191213_64_H3_Channel2.csv;20191213_64_H4_Channel2.csv;20191213_64_H5_Channel1.csv;20191213_64_H5_Channel2.csv;20191213_64_H5_Channel3.csv;20191213_64_H6_Channel1.csv;20191213_64_H6_Channel2.csv,817,2986.0,2174.2397,426,False
23952,pC1_16a,pC1_16a_R,R,coexpress_high,Traced,8,8,20191213_64_H1_Channel2.csv;20191213_64_H3_Channel1.csv;20191213_64_H3_Channel2.csv;20191213_64_H5_Channel1.csv;20191213_64_H5_Channel2.csv;20191213_64_H5_Channel3.csv;20191213_64_H6_Channel1.csv;20191213_64_H6_Channel2.csv,820,2194.0,1963.85,414,True
35202,pC1_17b,pC1_17b_R,R,coexpress_low,Traced,10,10,20191213_64_H1_Channel2.csv;20191213_64_H1_Channel3.csv;20191213_64_H3_Channel1.csv;20191213_64_H3_Channel2.csv;20191213_64_H4_Channel2.csv;20191213_64_H5_Channel1.csv;20191213_64_H5_Channel2.csv;20191213_64_H5_Channel3.csv;20191213_64_H6_Channel1.csv;20191213_64_H6_Channel2.csv,832,2561.5,1826.3553,370,False
30546,pC1_10d,pC1_10d_R,R,dsx_high,Traced,9,9,20191213_64_H1_Channel2.csv;20191213_64_H1_Channel3.csv;20191213_64_H3_Channel1.csv;20191213_64_H4_Channel2.csv;20191213_64_H5_Channel1.csv;20191213_64_H5_Channel2.csv;20191213_64_H5_Channel3.csv;20191213_64_H6_Channel1.csv;20191213_64_H6_Channel2.csv,838,2897.0,1804.8514,489,True
23789,pC1_16a,pC1_16a_L,L,coexpress_high,Traced,6,6,20191213_64_H1_Channel2.csv;20191213_64_H3_Channel1.csv;20191213_64_H5_Channel1.csv;20191213_64_H5_Channel3.csv;20191213_64_H6_Channel1.csv;20191213_64_H6_Channel2.csv,844,2052.0,1954.6812,351,True
517519,pC1_10b,pC1_10b_L,L,dsx_high,Traced,12,12,20191213_64_H1_Channel2.csv;20191213_64_H1_Channel3.csv;20191213_64_H3_Channel1.csv;20191213_64_H3_Channel2.csv;20191213_64_H4_Channel2.csv;20191213_64_H4_Channel3.csv;20191213_64_H5_Channel1.csv;20191213_64_H5_Channel2.csv;20191213_64_H5_Channel3.csv;20191213_64_H6_Channel1.csv;20191213_64_H6_Channel2.csv;20191213_64_H6_Channel3.csv,850,2660.0,1765.2292,559,False
18913,pC1_2b,pC1_2b_L,L,coexpress_high,Traced,12,12,20191213_64_H1_Channel2.csv;20191213_64_H1_Channel3.csv;20191213_64_H3_Channel1.csv;20191213_64_H3_Channel2.csv;20191213_64_H4_Channel2.csv;20191213_64_H4_Channel3.csv;20191213_64_H5_Channel1.csv;20191213_64_H5_Channel2.csv;20191213_64_H5_Channel3.csv;20191213_64_H6_Channel1.csv;20191213_64_H6_Channel2.csv;20191213_64_H6_Channel3.csv,895,1875.0,2545.105,744,True
513650,pC1_12a,pC1_12a_L,L,coexpress_low,Traced,12,12,20191213_64_H1_Channel2.csv;20191213_64_H1_Channel3.csv;20191213_64_H3_Channel1.csv;20191213_64_H3_Channel2.csv;20191213_64_H4_Channel2.csv;20191213_64_H4_Channel3.csv;20191213_64_H5_Channel1.csv;20191213_64_H5_Channel2.csv;20191213_64_H5_Channel3.csv;20191213_64_H6_Channel1.csv;20191213_64_H6_Channel2.csv;20191213_64_H6_Channel3.csv,907,2551.0,2801.4502,625,True
25521,pC1_8a,pC1_8a_R,R,dsx_high,Traced,3,3,20191213_64_H1_Channel2.csv;20191213_64_H3_Channel1.csv;20191213_64_H5_Channel3.csv,908,2621.0,1639.5668,387,True
16262,pC1_1b,pC1_1b_L,L,coexpress_high,Traced,12,12,20191213_64_H1_Channel2.csv;20191213_64_H1_Channel3.csv;20191213_64_H3_Channel1.csv;20191213_64_H3_Channel2.csv;20191213_64_H4_Channel2.csv;20191213_64_H4_Channel3.csv;20191213_64_H5_Channel1.csv;20191213_64_H5_Channel2.csv;20191213_64_H5_Channel3.csv;20191213_64_H6_Channel1.csv;20191213_64_H6_Channel2.csv;20191213_64_H6_Channel3.csv,912,2495.5,1631.0189,719,True
20255,pC1_1a,pC1_1a_L,L,coexpress_high,Traced,11,11,20191213_64_H1_Channel2.csv;20191213_64_H1_Channel3.csv;20191213_64_H3_Channel1.csv;20191213_64_H3_Channel2.csv;20191213_64_H4_Channel2.csv;20191213_64_H4_Channel3.csv;20191213_64_H5_Channel2.csv;20191213_64_H5_Channel3.csv;20191213_64_H6_Channel1.csv;20191213_64_H6_Channel2.csv;20191213_64_H6_Channel3.csv,965,2393.0,1873.7739,645,True
519914,pC1_1a,pC1_1a_L,L,coexpress_high,Traced,11,11,20191213_64_H1_Channel2.csv;20191213_64_H1_Channel3.csv;20191213_64_H3_Channel1.csv;20191213_64_H3_Channel2.csv;20191213_64_H4_Channel2.csv;20191213_64_H4_Channel3.csv;20191213_64_H5_Channel2.csv;20191213_64_H5_Channel3.csv;20191213_64_H6_Channel1.csv;20191213_64_H6_Channel2.csv;20191213_64_H6_Channel3.csv,988,2368.0,2170.7627,649,True
513652,pC1_7b,pC1_7b_L,L,coexpress_low,Traced,12,12,20191213_64_H1_Channel2.csv;20191213_64_H1_Channel3.csv;20191213_64_H3_Channel1.csv;20191213_64_H3_Channel2.csv;20191213_64_H4_Channel2.csv;20191213_64_H4_Channel3.csv;20191213_64_H5_Channel1.csv;20191213_64_H5_Channel2.csv;20191213_64_H5_Channel3.csv;20191213_64_H6_Channel1.csv;20191213_64_H6_Channel2.csv;20191213_64_H6_Channel3.csv,999,2755.5,1416.8826,573,True
26543,pC1_6a,pC1_6a_L,L,coexpress_low,Traced,9,9,20191213_64_H1_Channel2.csv;20191213_64_H1_Channel3.csv;20191213_64_H3_Channel1.csv;20191213_64_H3_Channel2.csv;20191213_64_H4_Channel2.csv;20191213_64_H4_Channel3.csv;20191213_64_H5_Channel2.csv;20191213_64_H5_Channel3.csv;20191213_64_H6_Channel1.csv,1035,2902.0,1351.3641,423,True
47325,pC1_8c,pC1_8c_L,L,dsx_high,Traced,11,11,20191213_64_H1_Channel2.csv;20191213_64_H1_Channel3.csv;20191213_64_H3_Channel1.csv;20191213_64_H3_Channel2.csv;20191213_64_H4_Channel2.csv;20191213_64_H4_Channel3.csv;20191213_64_H5_Channel2.csv;20191213_64_H5_Channel3.csv;20191213_64_H6_Channel1.csv;20191213_64_H6_Channel2.csv;20191213_64_H6_Channel3.csv,1036,2928.0,1350.797,399,True
15035,pC1_18b,pC1_18b_R,R,dsx_low,Traced,6,6,20191213_64_H1_Channel2.csv;20191213_64_H4_Channel2.csv;20191213_64_H5_Channel1.csv;20191213_64_H5_Channel2.csv;20191213_64_H5_Channel3.csv;20191213_64_H6_Channel2.csv,1047,1777.0,3624.4932,434,True
29043,pC1_7a,pC1_7a_L,L,coexpress_low,Traced,10,10,20191213_64_H1_Channel2.csv;20191213_64_H1_Channel3.csv;20191213_64_H3_Channel1.csv;20191213_64_H3_Channel2.csv;20191213_64_H4_Channel2.csv;20191213_64_H4_Channel3.csv;20191213_64_H5_Channel2.csv;20191213_64_H5_Channel3.csv;20191213_64_H6_Channel1.csv;20191213_64_H6_Channel2.csv,1070,2577.0,1392.3318,583,True
515977,pC1_10b,pC1_10b_R,R,dsx_high,Traced,9,9,20191213_64_H1_Channel2.csv;20191213_64_H1_Channel3.csv;20191213_64_H3_Channel1.csv;20191213_64_H4_Channel2.csv;20191213_64_H5_Channel1.csv;20191213_64_H5_Channel2.csv;20191213_64_H5_Channel3.csv;20191213_64_H6_Channel1.csv;20191213_64_H6_Channel2.csv,1077,2979.0,1264.2548,367,True
71385,pC1_7a,pC1_7a_R,R,coexpress_low,Traced,9,9,20191213_64_H1_Channel2.csv;20191213_64_H1_Channel3.csv;20191213_64_H3_Channel1.csv;20191213_64_H4_Channel2.csv;20191213_64_H5_Channel1.csv;20191213_64_H5_Channel2.csv;20191213_64_H5_Channel3.csv;20191213_64_H6_Channel1.csv;20191213_64_H6_Channel2.csv,1084,2807.0,1251.948,618,True
17434,pC1_10c,pC1_10c_R,R,dsx_high,Traced,6,6,20191213_64_H1_Channel2.csv;20191213_64_H3_Channel1.csv;20191213_64_H5_Channel2.csv;20191213_64_H5_Channel3.csv;20191213_64_H6_Channel1.csv;20191213_64_H6_Channel2.csv,1088,3245.5,1243.2549,388,True
528986,pC1_6a,pC1_6a_R,R,coexpress_low,Traced,11,11,20191213_64_H1_Channel2.csv;20191213_64_H1_Channel3.csv;20191213_64_H3_Channel1.csv;20191213_64_H3_Channel2.csv;20191213_64_H4_Channel2.csv;20191213_64_H4_Channel3.csv;20191213_64_H5_Channel2.csv;20191213_64_H5_Channel3.csv;20191213_64_H6_Channel1.csv;20191213_64_H6_Channel2.csv;20191213_64_H6_Channel3.csv,1153,2864.0,1160.8722,410,True
30699,pC1_10b,pC1_10b_R,R,dsx_high,Traced,7,7,20191213_64_H1_Channel2.csv;20191213_64_H1_Channel3.csv;20191213_64_H3_Channel1.csv;20191213_64_H4_Channel2.csv;20191213_64_H5_Channel2.csv;20191213_64_H5_Channel3.csv;20191213_64_H6_Channel1.csv,1157,3026.0,1256.6212,392,False
21507,pC1_6a,pC1_6a_R,R,coexpress_low,Traced,11,11,20191213_64_H1_Channel2.csv;20191213_64_H1_Channel3.csv;20191213_64_H3_Channel1.csv;20191213_64_H3_Channel2.csv;20191213_64_H4_Channel2.csv;20191213_64_H4_Channel3.csv;20191213_64_H5_Channel2.csv;20191213_64_H5_Channel3.csv;20191213_64_H6_Channel1.csv;20191213_64_H6_Channel2.csv;20191213_64_H6_Channel3.csv,1158,2669.0,1350.4956,461,True
102224,pC1_5a,pC1_5a_L,L,coexpress_low,Traced,9,9,20191213_64_H1_Channel2.csv;20191213_64_H1_Channel3.csv;20191213_64_H3_Channel1.csv;20191213_64_H3_Channel2.csv;20191213_64_H4_Channel3.csv;20191213_64_H5_Channel2.csv;20191213_64_H5_Channel3.csv;20191213_64_H6_Channel1.csv;20191213_64_H6_Channel2.csv,1218,2743.0,1138.982,402,True
513651,pC1_7b,pC1_7b_L,L,coexpress_low,Traced,8,8,20191213_64_H1_Channel2.csv;20191213_64_H1_Channel3.csv;20191213_64_H3_Channel1.csv;20191213_64_H3_Channel2.csv;20191213_64_H4_Channel3.csv;20191213_64_H5_Channel3.csv;20191213_64_H6_Channel1.csv;20191213_64_H6_Channel2.csv,1246,2876.0,1036.4227,447,True
31309,pC1_17b,pC1_17b_L,L,coexpress_low,Traced,2,2,20191213_64_H1_Channel2.csv;20191213_64_H5_Channel1.csv,1251,1861.5,1415.2406,245,False
20580,pC1_10d,pC1_10d_L,L,dsx_high,Traced,6,6,20191213_64_H1_Channel2.csv;20191213_64_H3_Channel1.csv;20191213_64_H3_Channel2.csv;20191213_64_H5_Channel2.csv;20191213_64_H5_Channel3.csv;20191213_64_H6_Channel1.csv,1275,3112.0,991.0366,250,False
87497,pC1_18b,pC1_18b_L,L,dsx_low,Traced,5,5,20191213_64_H1_Channel2.csv;20191213_64_H5_Channel2.csv;20191213_64_H5_Channel3.csv;20191213_64_H6_Channel1.csv;20191213_64_H6_Channel2.csv,1293,2106.0,2987.579,455,True
55136,pC1_10c,pC1_10c_L,L,dsx_high,Traced,5,5,20191213_64_H1_Channel2.csv;20191213_64_H3_Channel1.csv;20191213_64_H5_Channel2.csv;20191213_64_H5_Channel3.csv;20191213_64_H6_Channel1.csv,1344,3046.0,906.7761,579,False
518589,pC1_10c,pC1_10c_L,L,dsx_high,Traced,7,7,20191213_64_H1_Channel2.csv;20191213_64_H3_Channel1.csv;20191213_64_H5_Channel1.csv;20191213_64_H5_Channel2.csv;20191213_64_H5_Channel3.csv;20191213_64_H6_Channel1.csv;20191213_64_H6_Channel2.csv,1383,2673.0,1209.4933,639,True
17098,pC1_6a,pC1_6a_L,L,coexpress_low,Traced,6,6,20191213_64_H1_Channel2.csv;20191213_64_H3_Channel1.csv;20191213_64_H5_Channel2.csv;20191213_64_H5_Channel3.csv;20191213_64_H6_Channel1.csv;20191213_64_H6_Channel2.csv,1407,2816.0,895.91016,493,True
220200,pC1_13b,pC1_13b_R,R,dsx_high,Traced,10,10,20191213_64_H1_Channel2.csv;20191213_64_H1_Channel3.csv;20191213_64_H3_Channel1.csv;20191213_64_H3_Channel2.csv;20191213_64_H4_Channel2.csv;20191213_64_H4_Channel3.csv;20191213_64_H5_Channel2.csv;20191213_64_H5_Channel3.csv;20191213_64_H6_Channel1.csv;20191213_64_H6_Channel2.csv,1418,2542.0,2800.9695,439,True
26153,pC1_10b,pC1_10b_L,L,dsx_high,Traced,5,5,20191213_64_H1_Channel2.csv;20191213_64_H3_Channel1.csv;20191213_64_H5_Channel2.csv;20191213_64_H5_Channel3.csv;20191213_64_H6_Channel1.csv,1446,3163.0,786.6635,429,False
10217,pC1x_b,pC1x_b_L,L,dsx_high,Traced,3,3,20191213_64_H1_Channel2.csv;20191213_64_H4_Channel2.csv;20191213_64_H4_Channel3.csv,1466,2135.0,2729.3433,391,False
17702,pC1_10c,pC1_10c_R,R,dsx_high,Traced,6,6,20191213_64_H1_Channel2.csv;20191213_64_H3_Channel1.csv;20191213_64_H5_Channel2.csv;20191213_64_H5_Channel3.csv;20191213_64_H6_Channel1.csv;20191213_64_H6_Channel2.csv,1540,3486.5,700.79254,431,False
70815,pC1_17a,pC1_17a_L,L,coexpress_low,Traced,4,4,20191213_64_H1_Channel2.csv;20191213_64_H5_Channel1.csv;20191213_64_H5_Channel3.csv;20191213_64_H6_Channel2.csv,1547,2391.5,1203.563,387,True
20597,pC1_6a,pC1_6a_R,R,coexpress_low,Traced,11,11,20191213_64_H1_Channel2.csv;20191213_64_H1_Channel3.csv;20191213_64_H3_Channel1.csv;20191213_64_H3_Channel2.csv;20191213_64_H4_Channel2.csv;20191213_64_H4_Channel3.csv;20191213_64_H5_Channel2.csv;20191213_64_H5_Channel3.csv;20191213_64_H6_Channel1.csv;20191213_64_H6_Channel2.csv;20191213_64_H6_Channel3.csv,1552,2781.0,987.20856,439,True
25345,pC1_9b,pC1_9b_R,R,,Traced,6,6,20191213_64_H1_Channel2.csv;20191213_64_H3_Channel1.csv;20191213_64_H5_Channel2.csv;20191213_64_H5_Channel3.csv;20191213_64_H6_Channel1.csv;20191213_64_H6_Channel2.csv,1559,2332.0,2036.5157,749,False
23661,pC1_17b,pC1_17b_L,L,coexpress_low,Traced,6,6,20191213_64_H1_Channel2.csv;20191213_64_H1_Channel3.csv;20191213_64_H5_Channel1.csv;20191213_64_H5_Channel3.csv;20191213_64_H6_Channel1.csv;20191213_64_H6_Channel2.csv,1563,2558.5,1438.9855,301,False
29214,pC1_14a,pC1_14a_R,R,coexpress_low,Traced,12,12,20191213_64_H1_Channel2.csv;20191213_64_H1_Channel3.csv;20191213_64_H3_Channel1.csv;20191213_64_H3_Channel2.csv;20191213_64_H4_Channel2.csv;20191213_64_H4_Channel3.csv;20191213_64_H5_Channel1.csv;20191213_64_H5_Channel2.csv;20191213_64_H5_Channel3.csv;20191213_64_H6_Channel1.csv;20191213_64_H6_Channel2.csv;20191213_64_H6_Channel3.csv,1569,2628.0,1485.3514,469,True
22818,pC1_17a,pC1_17a_R,R,coexpress_low,Traced,6,6,20191213_64_H1_Channel2.csv;20191213_64_H5_Channel1.csv;20191213_64_H5_Channel2.csv;20191213_64_H5_Channel3.csv;20191213_64_H6_Channel1.csv;20191213_64_H6_Channel2.csv,1584,2105.5,2397.579,484,True
555751,pC1_9a,pC1_9a_R,R,,Traced,6,6,20191213_64_H1_Channel2.csv;20191213_64_H3_Channel1.csv;20191213_64_H5_Channel2.csv;20191213_64_H5_Channel3.csv;20191213_64_H6_Channel1.csv;20191213_64_H6_Channel2.csv,1622,2485.0,1827.6075,610,False
15876,pC1_9a,pC1_9a_L,L,,Traced,4,4,20191213_64_H1_Channel2.csv;20191213_64_H1_Channel3.csv;20191213_64_H3_Channel1.csv;20191213_64_H6_Channel2.csv,1638,2870.0,984.6126,490,False
25740,pC1_14b,pC1_14b_R,R,coexpress_low,Traced,11,11,20191213_64_H1_Channel2.csv;20191213_64_H1_Channel3.csv;20191213_64_H3_Channel1.csv;20191213_64_H3_Channel2.csv;20191213_64_H4_Channel2.csv;20191213_64_H5_Channel1.csv;20191213_64_H5_Channel2.csv;20191213_64_H5_Channel3.csv;20191213_64_H6_Channel1.csv;20191213_64_H6_Channel2.csv;20191213_64_H6_Channel3.csv,1649,2717.0,1747.5808,439,True
521453,pC1_6a,pC1_6a_L,L,coexpress_low,Traced,12,12,20191213_64_H1_Channel2.csv;20191213_64_H1_Channel3.csv;20191213_64_H3_Channel1.csv;20191213_64_H3_Channel2.csv;20191213_64_H4_Channel2.csv;20191213_64_H4_Channel3.csv;20191213_64_H5_Channel1.csv;20191213_64_H5_Channel2.csv;20191213_64_H5_Channel3.csv;20191213_64_H6_Channel1.csv;20191213_64_H6_Channel2.csv;20191213_64_H6_Channel3.csv,1733,2871.0,944.77435,417,True
23695,pC1_14a,pC1_14a_L,L,coexpress_low,Traced,9,9,20191213_64_H1_Channel2.csv;20191213_64_H1_Channel3.csv;20191213_64_H3_Channel1.csv;20191213_64_H3_Channel2.csv;20191213_64_H4_Channel3.csv;20191213_64_H5_Channel3.csv;20191213_64_H6_Channel1.csv;20191213_64_H6_Channel2.csv;20191213_64_H6_Channel3.csv,1734,2748.0,1128.9187,325,True
55986,pC1_14a,pC1_14a_L,L,coexpress_low,Traced,9,9,20191213_64_H1_Channel2.csv;20191213_64_H1_Channel3.csv;20191213_64_H3_Channel1.csv;20191213_64_H3_Channel2.csv;20191213_64_H5_Channel2.csv;20191213_64_H5_Channel3.csv;20191213_64_H6_Channel1.csv;20191213_64_H6_Channel2.csv;20191213_64_H6_Channel3.csv,1748,2692.0,1700.7549,279,True
156865,pC1_19,pC1_19_L,L,dsx_high,Traced,11,11,20191213_64_H1_Channel2.csv;20191213_64_H1_Channel3.csv;20191213_64_H3_Channel1.csv;20191213_64_H3_Channel2.csv;20191213_64_H4_Channel2.csv;20191213_64_H4_Channel3.csv;20191213_64_H5_Channel1.csv;20191213_64_H5_Channel2.csv;20191213_64_H5_Channel3.csv;20191213_64_H6_Channel1.csv;20191213_64_H6_Channel2.csv,1777,2833.0,1423.9099,353,True
18276,pC1_10a,pC1_10a_L,L,dsx_high,Traced,4,4,20191213_64_H1_Channel2.csv;20191213_64_H3_Channel1.csv;20191213_64_H5_Channel3.csv;20191213_64_H6_Channel2.csv,1787,2799.0,744.4738,614,False
555746,pC1_13b,pC1_13b_R,R,dsx_high,Traced,6,6,20191213_64_H1_Channel2.csv;20191213_64_H3_Channel1.csv;20191213_64_H5_Channel2.csv;20191213_64_H5_Channel3.csv;20191213_64_H6_Channel1.csv;20191213_64_H6_Channel2.csv,1799,2360.0,1941.5955,526,False
25690,pC1_15b,pC1_15b_R,R,coexpress_low,Traced,3,3,20191213_64_H1_Channel2.csv;20191213_64_H5_Channel1.csv;20191213_64_H5_Channel3.csv,1804,2158.0,1622.521,339,True
516522,pC1_14a,pC1_14a_R,R,coexpress_low,Traced,11,11,20191213_64_H1_Channel2.csv;20191213_64_H1_Channel3.csv;20191213_64_H3_Channel1.csv;20191213_64_H3_Channel2.csv;20191213_64_H4_Channel2.csv;20191213_64_H4_Channel3.csv;20191213_64_H5_Channel2.csv;20191213_64_H5_Channel3.csv;20191213_64_H6_Channel1.csv;20191213_64_H6_Channel2.csv;20191213_64_H6_Channel3.csv,1822,2986.0,1004.2808,327,True
23924,pC1_13b,pC1_13b_L,L,dsx_high,Traced,10,10,20191213_64_H1_Channel2.csv;20191213_64_H1_Channel3.csv;20191213_64_H3_Channel1.csv;20191213_64_H3_Channel2.csv;20191213_64_H4_Channel2.csv;20191213_64_H4_Channel3.csv;20191213_64_H5_Channel3.csv;20191213_64_H6_Channel1.csv;20191213_64_H6_Channel2.csv;20191213_64_H6_Channel3.csv,1861,2824.5,1059.0149,482,True
33553,pC1_14a,pC1_14a_R,R,coexpress_low,Traced,11,11,20191213_64_H1_Channel2.csv;20191213_64_H1_Channel3.csv;20191213_64_H3_Channel1.csv;20191213_64_H3_Channel2.csv;20191213_64_H4_Channel2.csv;20191213_64_H4_Channel3.csv;20191213_64_H5_Channel2.csv;20191213_64_H5_Channel3.csv;20191213_64_H6_Channel1.csv;20191213_64_H6_Channel2.csv;20191213_64_H6_Channel3.csv,1925,2576.0,1415.2378,375,True
32437,pC1_15a,pC1_15a_R,R,coexpress_high,Traced,6,6,20191213_64_H1_Channel2.csv;20191213_64_H5_Channel1.csv;20191213_64_H5_Channel2.csv;20191213_64_H5_Channel3.csv;20191213_64_H6_Channel1.csv;20191213_64_H6_Channel2.csv,1930,2556.5,1763.1328,296,True
108816,pC1_15a,pC1_15a_L,L,coexpress_high,Traced,3,3,20191213_64_H1_Channel2.csv;20191213_64_H5_Channel1.csv;20191213_64_H6_Channel2.csv,1931,2265.0,2069.9768,445,True
267996,pC1_9a,pC1_9a_R,R,,Traced,4,4,20191213_64_H1_Channel2.csv;20191213_64_H5_Channel2.csv;20191213_64_H6_Channel1.csv;20191213_64_H6_Channel2.csv,1936,2636.0,2066.456,614,False
23787,pC1_13c,pC1_13c_L,L,dsx_high,Traced,6,6,20191213_64_H1_Channel2.csv;20191213_64_H3_Channel1.csv;20191213_64_H5_Channel2.csv;20191213_64_H5_Channel3.csv;20191213_64_H6_Channel1.csv;20191213_64_H6_Channel2.csv,2020,2704.0,1959.5483,660,True
25204,pC1_13a,pC1_13a_L,L,coexpress_high,Traced,9,9,20191213_64_H1_Channel2.csv;20191213_64_H1_Channel3.csv;20191213_64_H3_Channel1.csv;20191213_64_H3_Channel2.csv;20191213_64_H4_Channel2.csv;20191213_64_H5_Channel3.csv;20191213_64_H6_Channel1.csv;20191213_64_H6_Channel2.csv;20191213_64_H6_Channel3.csv,2044,2879.0,1261.7053,546,True
41427,pC1_17b,pC1_17b_L,L,coexpress_low,Traced,2,2,20191213_64_H1_Channel2.csv;20191213_64_H5_Channel1.csv,2058,2379.5,1183.7339,232,False
180724,pC1_15c,pC1_15c_L,L,coexpress_low,Traced,2,2,20191213_64_H1_Channel2.csv;20191213_64_H5_Channel3.csv,2085,2168.0,1661.9933,431,True
19672,pC1_13a,pC1_13a_R,R,coexpress_high,Traced,6,6,20191213_64_H1_Channel2.csv;20191213_64_H1_Channel3.csv;20191213_64_H3_Channel1.csv;20191213_64_H3_Channel2.csv;20191213_64_H5_Channel3.csv;20191213_64_H6_Channel2.csv,2109,2831.0,1022.00385,430,True
16364,pC1_9b,pC1_9b_L,L,,Traced,2,2,20191213_64_H1_Channel2.csv;20191213_64_H5_Channel3.csv,2129,2233.5,1810.4456,408,True
46570,pC1_14b,pC1_14b_L,L,coexpress_low,Traced,7,7,20191213_64_H1_Channel2.csv;20191213_64_H1_Channel3.csv;20191213_64_H3_Channel1.csv;20191213_64_H5_Channel1.csv;20191213_64_H5_Channel3.csv;20191213_64_H6_Channel1.csv;20191213_64_H6_Channel2.csv,2165,2802.0,1071.9843,406,True
23651,pC1_17a,pC1_17a_R,R,coexpress_low,Traced,5,5,20191213_64_H1_Channel2.csv;20191213_64_H5_Channel1.csv;20191213_64_H5_Channel2.csv;20191213_64_H5_Channel3.csv;20191213_64_H6_Channel2.csv,2286,2811.0,1052.0085,340,False
21538,pC1_13b,pC1_13b_L,L,dsx_high,Traced,4,4,20191213_64_H1_Channel2.csv;20191213_64_H5_Channel2.csv;20191213_64_H5_Channel3.csv;20191213_64_H6_Channel2.csv,2461,2625.0,1429.5808,558,True
18934,pC1_15c,pC1_15c_L,L,coexpress_low,Traced,1,1,20191213_64_H1_Channel2.csv,2506,2506.0,1386.1099,432,True
517337,pC1_10a,pC1_10a_R,R,dsx_high,Traced,2,2,20191213_64_H1_Channel2.csv;20191213_64_H6_Channel2.csv,2513,2898.0,1378.6942,351,False
44515,pC1_14a,pC1_14a_L,L,coexpress_low,Traced,9,9,20191213_64_H1_Channel2.csv;20191213_64_H1_Channel3.csv;20191213_64_H3_Channel2.csv;20191213_64_H4_Channel3.csv;20191213_64_H5_Channel1.csv;20191213_64_H5_Channel3.csv;20191213_64_H6_Channel1.csv;20191213_64_H6_Channel2.csv;20191213_64_H6_Channel3.csv,2554,2833.0,1015.0833,295,True
29388,pC1_15c,pC1_15c_R,R,coexpress_low,Traced,3,3,20191213_64_H1_Channel2.csv;20191213_64_H5_Channel3.csv;20191213_64_H6_Channel2.csv,2577,2590.0,1316.7291,318,True
28972,pC1_15b,pC1_15b_L,L,coexpress_low,Traced,3,3,20191213_64_H1_Channel2.csv;20191213_64_H6_Channel1.csv;20191213_64_H6_Channel2.csv,2701,2801.0,1072.217,349,True
555488,pC1_9a,pC1_9a_L,L,,Traced,1,1,20191213_64_H1_Channel2.csv,3305,3305.0,661.14526,261,False
