group,ipi_ms,metric,intact,direct_cut,other_cut,both_cut,interaction
aPN1,15.0,peak_rate_hz,6.0,6.0,6.666666666666667,6.666666666666667,0.0
aPN1,15.0,evoked_spikes_per_neuron_per_pulse,0.065,0.07,0.07,0.07166666666666667,-0.003333333333333341
aPN1,25.0,peak_rate_hz,8.666666666666666,10.0,10.0,10.0,-1.333333333333334
aPN1,25.0,evoked_spikes_per_neuron_per_pulse,0.13666666666666666,0.145,0.15166666666666667,0.16333333333333333,0.003333333333333327
aPN1,35.0,peak_rate_hz,9.333333333333334,10.0,10.0,10.0,-0.6666666666666661
aPN1,35.0,evoked_spikes_per_neuron_per_pulse,0.2733333333333333,0.2816666666666667,0.245,0.29333333333333333,0.03999999999999998
aPN1,45.0,peak_rate_hz,12.0,12.0,12.0,12.0,0.0
aPN1,45.0,evoked_spikes_per_neuron_per_pulse,0.395,0.38666666666666666,0.38666666666666666,0.3983333333333333,0.020000000000000018
aPN1,55.0,peak_rate_hz,8.0,8.0,8.0,8.0,0.0
aPN1,55.0,evoked_spikes_per_neuron_per_pulse,0.4,0.39666666666666667,0.3883333333333333,0.3983333333333333,0.013333333333333364
aPN1,65.0,peak_rate_hz,8.0,8.0,8.0,8.0,0.0
aPN1,65.0,evoked_spikes_per_neuron_per_pulse,0.4,0.4,0.4,0.4,0.0
aPN1,75.0,peak_rate_hz,8.0,8.0,8.0,8.0,0.0
aPN1,75.0,evoked_spikes_per_neuron_per_pulse,0.4,0.4,0.37666666666666665,0.4,0.023333333333333373
aPN1,85.0,peak_rate_hz,8.0,8.0,8.0,8.0,0.0
aPN1,85.0,evoked_spikes_per_neuron_per_pulse,0.395,0.38666666666666666,0.385,0.395,0.018333333333333368
aPN1,95.0,peak_rate_hz,8.0,8.0,8.0,8.0,0.0
aPN1,95.0,evoked_spikes_per_neuron_per_pulse,0.4,0.3983333333333333,0.39666666666666667,0.395,5.551115123125783e-17
auditory_input,15.0,peak_rate_hz,70.0,70.0,70.0,70.0,0.0
auditory_input,15.0,evoked_spikes_per_neuron_per_pulse,1.0,1.0,1.0,1.0,0.0
auditory_input,25.0,peak_rate_hz,41.397849462365585,40.75268817204301,40.967741935483865,40.75268817204301,0.43010752688172005
auditory_input,25.0,evoked_spikes_per_neuron_per_pulse,1.0,1.0,1.0,1.0,0.0
auditory_input,35.0,peak_rate_hz,29.999999999999996,29.999999999999996,29.999999999999996,29.999999999999996,0.0
auditory_input,35.0,evoked_spikes_per_neuron_per_pulse,1.0,1.0,1.0,1.0,0.0
auditory_input,45.0,peak_rate_hz,29.999999999999996,29.999999999999996,29.999999999999996,29.999999999999996,0.0
auditory_input,45.0,evoked_spikes_per_neuron_per_pulse,1.0,1.0,1.0,1.0,0.0
auditory_input,55.0,peak_rate_hz,20.0,20.0,20.0,20.0,0.0
auditory_input,55.0,evoked_spikes_per_neuron_per_pulse,1.0,1.0,1.0,1.0,0.0
auditory_input,65.0,peak_rate_hz,20.0,20.0,20.0,20.0,0.0
auditory_input,65.0,evoked_spikes_per_neuron_per_pulse,1.0,1.0,1.0,1.0,0.0
auditory_input,75.0,peak_rate_hz,20.0,20.0,20.0,20.0,0.0
auditory_input,75.0,evoked_spikes_per_neuron_per_pulse,1.0,1.0,1.0,1.0,0.0
auditory_input,85.0,peak_rate_hz,20.0,20.0,20.0,20.0,0.0
auditory_input,85.0,evoked_spikes_per_neuron_per_pulse,1.0,1.0,1.0,1.0,0.0
auditory_input,95.0,peak_rate_hz,20.0,20.0,20.0,20.0,0.0
auditory_input,95.0,evoked_spikes_per_neuron_per_pulse,1.0,1.0,1.0,1.0,0.0
pC1,15.0,peak_rate_hz,11.160714285714285,11.428571428571427,12.857142857142856,12.94642857142857,-0.17857142857142883
pC1,15.0,evoked_spikes_per_neuron_per_pulse,0.13638392857142856,0.1299107142857143,0.11696428571428572,0.11785714285714285,0.007366071428571402
pC1,25.0,peak_rate_hz,13.035714285714285,11.964285714285714,13.303571428571427,13.660714285714285,1.4285714285714288
pC1,25.0,evoked_spikes_per_neuron_per_pulse,0.22767857142857142,0.18705357142857143,0.26160714285714287,0.26941964285714287,0.048437499999999994
pC1,35.0,peak_rate_hz,13.124999999999998,14.19642857142857,15.089285714285714,15.178571428571427,-0.9821428571428577
pC1,35.0,evoked_spikes_per_neuron_per_pulse,0.3872767857142857,0.3796875,0.3386160714285714,0.37254464285714284,0.041517857142857106
pC1,45.0,peak_rate_hz,14.107142857142856,14.642857142857142,16.25,16.517857142857142,-0.2678571428571441
pC1,45.0,evoked_spikes_per_neuron_per_pulse,0.4263392857142857,0.4167410714285714,0.4234375,0.49174107142857143,0.07790178571428569
pC1,55.0,peak_rate_hz,11.071428571428571,10.357142857142856,12.589285714285714,11.696428571428571,-0.17857142857142705
pC1,55.0,evoked_spikes_per_neuron_per_pulse,0.47433035714285715,0.4450892857142857,0.42924107142857143,0.45267857142857143,0.05267857142857146
pC1,65.0,peak_rate_hz,12.142857142857142,11.607142857142856,11.339285714285714,12.053571428571427,1.25
pC1,65.0,evoked_spikes_per_neuron_per_pulse,0.5191964285714286,0.5178571428571429,0.5140625,0.5125,-0.0002232142857143682
pC1,75.0,peak_rate_hz,11.517857142857142,12.142857142857142,11.607142857142856,12.053571428571427,-0.17857142857142883
pC1,75.0,evoked_spikes_per_neuron_per_pulse,0.5151785714285714,0.5109375,0.45,0.5339285714285714,0.08816964285714274
pC1,85.0,peak_rate_hz,11.607142857142856,11.071428571428571,10.803571428571427,11.428571428571427,1.1607142857142847
pC1,85.0,evoked_spikes_per_neuron_per_pulse,0.48660714285714285,0.47410714285714284,0.45357142857142857,0.48928571428571427,0.04821428571428571
pC1,95.0,peak_rate_hz,11.071428571428571,11.517857142857142,13.035714285714285,11.517857142857142,-1.9642857142857135
pC1,95.0,evoked_spikes_per_neuron_per_pulse,0.49955357142857143,0.5026785714285714,0.49508928571428573,0.49910714285714286,0.0008928571428571397
pC1_direct_vPN1_recipient,15.0,peak_rate_hz,13.94736842105263,15.789473684210526,15.526315789473683,14.210526315789473,-3.157894736842106
pC1_direct_vPN1_recipient,15.0,evoked_spikes_per_neuron_per_pulse,0.1631578947368421,0.16907894736842105,0.15328947368421053,0.1361842105263158,-0.023026315789473673
pC1_direct_vPN1_recipient,25.0,peak_rate_hz,21.31578947368421,16.842105263157894,20.0,21.052631578947366,5.526315789473681
pC1_direct_vPN1_recipient,25.0,evoked_spikes_per_neuron_per_pulse,0.33157894736842103,0.2980263157894737,0.3815789473684211,0.4006578947368421,0.05263157894736836
pC1_direct_vPN1_recipient,35.0,peak_rate_hz,16.052631578947366,17.105263157894736,17.89473684210526,18.421052631578945,-0.526315789473685
pC1_direct_vPN1_recipient,35.0,evoked_spikes_per_neuron_per_pulse,0.4776315789473684,0.4868421052631579,0.4243421052631579,0.5,0.06644736842105259
pC1_direct_vPN1_recipient,45.0,peak_rate_hz,16.31578947368421,18.684210526315788,17.63157894736842,18.94736842105263,-1.05263157894737
pC1_direct_vPN1_recipient,45.0,evoked_spikes_per_neuron_per_pulse,0.5006578947368421,0.5230263157894737,0.5190789473684211,0.5960526315789474,0.05460526315789471
pC1_direct_vPN1_recipient,55.0,peak_rate_hz,11.578947368421051,11.31578947368421,12.894736842105262,13.421052631578947,0.7894736842105257
pC1_direct_vPN1_recipient,55.0,evoked_spikes_per_neuron_per_pulse,0.5013157894736842,0.5,0.45394736842105265,0.5078947368421053,0.05526315789473679
pC1_direct_vPN1_recipient,65.0,peak_rate_hz,13.157894736842104,11.842105263157894,12.63157894736842,14.736842105263158,3.4210526315789487
pC1_direct_vPN1_recipient,65.0,evoked_spikes_per_neuron_per_pulse,0.5388157894736842,0.5296052631578947,0.5486842105263158,0.5657894736842105,0.026315789473684292
pC1_direct_vPN1_recipient,75.0,peak_rate_hz,12.368421052631579,13.421052631578947,12.63157894736842,13.157894736842104,-0.5263157894736832
pC1_direct_vPN1_recipient,75.0,evoked_spikes_per_neuron_per_pulse,0.5394736842105263,0.5342105263157895,0.4934210526315789,0.5875,0.09934210526315795
pC1_direct_vPN1_recipient,85.0,peak_rate_hz,11.842105263157894,12.368421052631579,11.842105263157894,13.421052631578947,1.0526315789473681
pC1_direct_vPN1_recipient,85.0,evoked_spikes_per_neuron_per_pulse,0.5177631578947368,0.5118421052631579,0.5171052631578947,0.5736842105263158,0.0625
pC1_direct_vPN1_recipient,95.0,peak_rate_hz,11.578947368421051,13.421052631578947,16.57894736842105,13.157894736842104,-5.2631578947368425
pC1_direct_vPN1_recipient,95.0,evoked_spikes_per_neuron_per_pulse,0.5203947368421052,0.5440789473684211,0.55,0.5881578947368421,0.014473684210526194
pC1_fruDsx:coexpress_high,15.0,peak_rate_hz,5.625,3.75,4.6875,4.0625,1.25
pC1_fruDsx:coexpress_high,15.0,evoked_spikes_per_neuron_per_pulse,0.04375,0.0390625,0.0359375,0.02265625,-0.008593749999999997
pC1_fruDsx:coexpress_high,25.0,peak_rate_hz,9.0625,7.1875,8.75,8.4375,1.5625
pC1_fruDsx:coexpress_high,25.0,evoked_spikes_per_neuron_per_pulse,0.12421875,0.096875,0.14921875,0.14453125,0.02265624999999999
pC1_fruDsx:coexpress_high,35.0,peak_rate_hz,6.5625,7.1875,7.1875,7.1875,-0.625
pC1_fruDsx:coexpress_high,35.0,evoked_spikes_per_neuron_per_pulse,0.19453125,0.1890625,0.16953125,0.1859375,0.021875000000000006
pC1_fruDsx:coexpress_high,45.0,peak_rate_hz,7.8125,8.4375,8.75,9.0625,-0.3125
pC1_fruDsx:coexpress_high,45.0,evoked_spikes_per_neuron_per_pulse,0.21015625,0.22421875,0.225,0.2609375,0.021874999999999978
pC1_fruDsx:coexpress_high,55.0,peak_rate_hz,6.5625,5.9375,6.875,9.6875,3.4375
pC1_fruDsx:coexpress_high,55.0,evoked_spikes_per_neuron_per_pulse,0.25859375,0.23984375,0.22890625,0.25546875,0.04531250000000003
pC1_fruDsx:coexpress_high,65.0,peak_rate_hz,6.5625,6.5625,7.1875,7.1875,0.0
pC1_fruDsx:coexpress_high,65.0,evoked_spikes_per_neuron_per_pulse,0.29296875,0.29765625,0.30546875,0.2953125,-0.014843750000000044
pC1_fruDsx:coexpress_high,75.0,peak_rate_hz,6.25,5.9375,6.5625,7.5,1.25
pC1_fruDsx:coexpress_high,75.0,evoked_spikes_per_neuron_per_pulse,0.28671875,0.28359375,0.259375,0.28828125,0.03203125000000001
pC1_fruDsx:coexpress_high,85.0,peak_rate_hz,7.5,6.875,6.25,6.25,0.625
pC1_fruDsx:coexpress_high,85.0,evoked_spikes_per_neuron_per_pulse,0.2765625,0.28125,0.2640625,0.2671875,-0.0015624999999999667
pC1_fruDsx:coexpress_high,95.0,peak_rate_hz,6.5625,8.125,7.5,7.8125,-1.25
pC1_fruDsx:coexpress_high,95.0,evoked_spikes_per_neuron_per_pulse,0.30625,0.31015625,0.3015625,0.29921875,-0.006250000000000033
pC1_fruDsx:coexpress_low,15.0,peak_rate_hz,14.848484848484848,14.545454545454545,14.545454545454545,16.96969696969697,2.7272727272727266
pC1_fruDsx:coexpress_low,15.0,evoked_spikes_per_neuron_per_pulse,0.1765151515151515,0.1621212121212121,0.1431818181818182,0.17424242424242425,0.04545454545454547
pC1_fruDsx:coexpress_low,25.0,peak_rate_hz,12.727272727272727,11.212121212121211,12.727272727272727,12.727272727272727,1.5151515151515156
pC1_fruDsx:coexpress_low,25.0,evoked_spikes_per_neuron_per_pulse,0.19545454545454546,0.1318181818181818,0.23712121212121212,0.21818181818181817,0.04469696969696971
pC1_fruDsx:coexpress_low,35.0,peak_rate_hz,10.606060606060606,12.424242424242424,11.818181818181817,12.121212121212121,-1.5151515151515138
pC1_fruDsx:coexpress_low,35.0,evoked_spikes_per_neuron_per_pulse,0.29545454545454547,0.2871212121212121,0.26590909090909093,0.2681818181818182,0.010606060606060619
pC1_fruDsx:coexpress_low,45.0,peak_rate_hz,11.515151515151514,10.909090909090908,13.636363636363635,13.03030303030303,0.0
pC1_fruDsx:coexpress_low,45.0,evoked_spikes_per_neuron_per_pulse,0.32954545454545453,0.28939393939393937,0.3151515151515151,0.35833333333333334,0.08333333333333337
pC1_fruDsx:coexpress_low,55.0,peak_rate_hz,9.09090909090909,9.393939393939393,11.818181818181817,9.696969696969695,-2.424242424242424
pC1_fruDsx:coexpress_low,55.0,evoked_spikes_per_neuron_per_pulse,0.396969696969697,0.37803030303030305,0.37196969696969695,0.38106060606060604,0.028030303030303017
pC1_fruDsx:coexpress_low,65.0,peak_rate_hz,10.909090909090908,10.909090909090908,10.0,9.696969696969695,-0.30303030303030454
pC1_fruDsx:coexpress_low,65.0,evoked_spikes_per_neuron_per_pulse,0.43257575757575756,0.44166666666666665,0.4166666666666667,0.4,-0.025757575757575757
pC1_fruDsx:coexpress_low,75.0,peak_rate_hz,10.303030303030303,11.515151515151514,9.696969696969695,10.606060606060606,-0.303030303030301
pC1_fruDsx:coexpress_low,75.0,evoked_spikes_per_neuron_per_pulse,0.4303030303030303,0.4356060606060606,0.3712121212121212,0.4462121212121212,0.0696969696969697
pC1_fruDsx:coexpress_low,85.0,peak_rate_hz,10.0,10.606060606060606,9.09090909090909,9.09090909090909,-0.6060606060606055
pC1_fruDsx:coexpress_low,85.0,evoked_spikes_per_neuron_per_pulse,0.4053030303030303,0.4,0.3522727272727273,0.3712121212121212,0.024242424242424176
pC1_fruDsx:coexpress_low,95.0,peak_rate_hz,10.303030303030303,12.424242424242424,11.515151515151514,9.696969696969695,-3.9393939393939394
pC1_fruDsx:coexpress_low,95.0,evoked_spikes_per_neuron_per_pulse,0.43106060606060603,0.42727272727272725,0.4053030303030303,0.36818181818181817,-0.033333333333333326
pC1_fruDsx:dsx_high,15.0,peak_rate_hz,14.390243902439027,14.390243902439027,18.29268292682927,16.585365853658537,-1.7073170731707332
pC1_fruDsx:dsx_high,15.0,evoked_spikes_per_neuron_per_pulse,0.174390243902439,0.16585365853658537,0.15609756097560976,0.1469512195121951,-0.0006097560975610039
pC1_fruDsx:dsx_high,25.0,peak_rate_hz,15.853658536585368,14.878048780487806,15.853658536585368,17.073170731707318,2.1951219512195124
pC1_fruDsx:dsx_high,25.0,evoked_spikes_per_neuron_per_pulse,0.2926829268292683,0.27439024390243905,0.31402439024390244,0.35365853658536583,0.05792682926829262
pC1_fruDsx:dsx_high,35.0,peak_rate_hz,20.243902439024392,20.731707317073173,22.926829268292686,23.170731707317074,-0.24390243902439224
pC1_fruDsx:dsx_high,35.0,evoked_spikes_per_neuron_per_pulse,0.5646341463414634,0.5451219512195122,0.49085365853658536,0.5536585365853659,0.08231707317073167
pC1_fruDsx:dsx_high,45.0,peak_rate_hz,21.219512195121954,21.707317073170735,23.170731707317074,23.414634146341466,-0.24390243902438868
pC1_fruDsx:dsx_high,45.0,evoked_spikes_per_neuron_per_pulse,0.6298780487804878,0.6201219512195122,0.6213414634146341,0.7128048780487805,0.10121951219512193
pC1_fruDsx:dsx_high,55.0,peak_rate_hz,15.121951219512196,14.878048780487806,16.34146341463415,16.097560975609756,-1.7763568394002505e-15
pC1_fruDsx:dsx_high,55.0,evoked_spikes_per_neuron_per_pulse,0.6548780487804878,0.6140243902439024,0.5908536585365853,0.623780487804878,0.07378048780487811
pC1_fruDsx:dsx_high,65.0,peak_rate_hz,16.585365853658537,15.609756097560977,15.609756097560977,17.5609756097561,2.926829268292682
pC1_fruDsx:dsx_high,65.0,evoked_spikes_per_neuron_per_pulse,0.7164634146341463,0.7115853658536585,0.7109756097560975,0.725,0.01890243902439026
pC1_fruDsx:dsx_high,75.0,peak_rate_hz,15.853658536585368,17.31707317073171,15.121951219512196,17.31707317073171,0.7317073170731714
pC1_fruDsx:dsx_high,75.0,evoked_spikes_per_neuron_per_pulse,0.7091463414634146,0.7109756097560975,0.6231707317073171,0.7432926829268293,0.11829268292682926
pC1_fruDsx:dsx_high,85.0,peak_rate_hz,15.121951219512196,14.878048780487806,14.878048780487806,16.097560975609756,1.463414634146341
pC1_fruDsx:dsx_high,85.0,evoked_spikes_per_neuron_per_pulse,0.6658536585365854,0.6426829268292683,0.6402439024390244,0.6951219512195121,0.07804878048780484
pC1_fruDsx:dsx_high,95.0,peak_rate_hz,13.658536585365855,14.634146341463415,17.5609756097561,16.097560975609756,-2.4390243902439046
pC1_fruDsx:dsx_high,95.0,evoked_spikes_per_neuron_per_pulse,0.6621951219512195,0.675,0.6731707317073171,0.7030487804878048,0.01707317073170722
pC1_fruDsx:dsx_low,15.0,peak_rate_hz,22.0,32.0,22.0,24.0,-8.0
pC1_fruDsx:dsx_low,15.0,evoked_spikes_per_neuron_per_pulse,0.18,0.23,0.165,0.14,-0.07500000000000001
pC1_fruDsx:dsx_low,25.0,peak_rate_hz,44.0,34.0,54.0,48.0,4.0
pC1_fruDsx:dsx_low,25.0,evoked_spikes_per_neuron_per_pulse,0.615,0.445,0.765,0.77,0.175
pC1_fruDsx:dsx_low,35.0,peak_rate_hz,32.0,34.0,30.0,30.0,-2.0
pC1_fruDsx:dsx_low,35.0,evoked_spikes_per_neuron_per_pulse,0.85,0.93,0.72,0.845,0.04499999999999993
pC1_fruDsx:dsx_low,45.0,peak_rate_hz,32.0,34.0,36.0,40.0,2.0
pC1_fruDsx:dsx_low,45.0,evoked_spikes_per_neuron_per_pulse,0.865,0.905,0.87,1.135,0.22499999999999998
pC1_fruDsx:dsx_low,55.0,peak_rate_hz,28.0,24.0,28.0,28.0,4.0
pC1_fruDsx:dsx_low,55.0,evoked_spikes_per_neuron_per_pulse,0.98,0.905,0.85,0.875,0.09999999999999998
pC1_fruDsx:dsx_low,65.0,peak_rate_hz,36.0,26.0,34.0,32.0,8.0
pC1_fruDsx:dsx_low,65.0,evoked_spikes_per_neuron_per_pulse,1.025,0.945,0.98,1.005,0.10499999999999987
pC1_fruDsx:dsx_low,75.0,peak_rate_hz,34.0,28.0,34.0,32.0,4.0
pC1_fruDsx:dsx_low,75.0,evoked_spikes_per_neuron_per_pulse,1.05,0.925,0.86,1.075,0.33999999999999997
pC1_fruDsx:dsx_low,85.0,peak_rate_hz,28.0,30.0,28.0,30.0,0.0
pC1_fruDsx:dsx_low,85.0,evoked_spikes_per_neuron_per_pulse,0.995,0.91,0.895,1.1,0.29000000000000004
pC1_fruDsx:dsx_low,95.0,peak_rate_hz,30.0,28.0,42.0,30.0,-10.0
pC1_fruDsx:dsx_low,95.0,evoked_spikes_per_neuron_per_pulse,0.955,0.92,0.965,1.07,0.14
pC1_fruDsx:nan,15.0,peak_rate_hz,0.0,0.0,0.0,0.0,0.0
pC1_fruDsx:nan,15.0,evoked_spikes_per_neuron_per_pulse,0.0,0.0,0.0,0.0,0.0
pC1_fruDsx:nan,25.0,peak_rate_hz,0.0,10.0,0.0,0.0,-10.0
pC1_fruDsx:nan,25.0,evoked_spikes_per_neuron_per_pulse,0.0,0.025,0.0,0.0,-0.025
pC1_fruDsx:nan,35.0,peak_rate_hz,0.0,0.0,0.0,0.0,0.0
pC1_fruDsx:nan,35.0,evoked_spikes_per_neuron_per_pulse,0.0,0.0,0.0,0.0,0.0
pC1_fruDsx:nan,45.0,peak_rate_hz,0.0,0.0,0.0,0.0,0.0
pC1_fruDsx:nan,45.0,evoked_spikes_per_neuron_per_pulse,0.0,0.0,0.0,0.0,0.0
pC1_fruDsx:nan,55.0,peak_rate_hz,0.0,0.0,0.0,0.0,0.0
pC1_fruDsx:nan,55.0,evoked_spikes_per_neuron_per_pulse,0.0,0.0,0.0,0.0,0.0
pC1_fruDsx:nan,65.0,peak_rate_hz,0.0,0.0,0.0,0.0,0.0
pC1_fruDsx:nan,65.0,evoked_spikes_per_neuron_per_pulse,0.0,0.0,0.0,0.0,0.0
pC1_fruDsx:nan,75.0,peak_rate_hz,0.0,0.0,0.0,0.0,0.0
pC1_fruDsx:nan,75.0,evoked_spikes_per_neuron_per_pulse,0.0,0.0,0.0,0.0,0.0
pC1_fruDsx:nan,85.0,peak_rate_hz,0.0,0.0,0.0,0.0,0.0
pC1_fruDsx:nan,85.0,evoked_spikes_per_neuron_per_pulse,0.0,0.0,0.0,0.0,0.0
pC1_fruDsx:nan,95.0,peak_rate_hz,0.0,0.0,0.0,0.0,0.0
pC1_fruDsx:nan,95.0,evoked_spikes_per_neuron_per_pulse,0.0,0.0,0.0,0.0,0.0
pC1_no_direct_vPN1,15.0,peak_rate_hz,9.72972972972973,9.72972972972973,11.486486486486486,12.297297297297296,0.8108108108108105
pC1_no_direct_vPN1,15.0,evoked_spikes_per_neuron_per_pulse,0.12263513513513513,0.1097972972972973,0.0983108108108108,0.10844594594594595,0.022972972972972974
pC1_no_direct_vPN1,25.0,peak_rate_hz,9.594594594594595,9.45945945945946,10.81081081081081,11.08108108108108,0.40540540540540526
pC1_no_direct_vPN1,25.0,evoked_spikes_per_neuron_per_pulse,0.17432432432432432,0.13006756756756757,0.2,0.20202702702702702,0.046283783783783755
pC1_no_direct_vPN1,35.0,peak_rate_hz,11.891891891891891,12.837837837837837,13.648648648648647,13.513513513513512,-1.0810810810810807
pC1_no_direct_vPN1,35.0,evoked_spikes_per_neuron_per_pulse,0.34087837837837837,0.32466216216216215,0.2945945945945946,0.3070945945945946,0.028716216216216228
pC1_no_direct_vPN1,45.0,peak_rate_hz,13.243243243243242,13.648648648648647,15.675675675675675,15.675675675675675,-0.40540540540540526
pC1_no_direct_vPN1,45.0,evoked_spikes_per_neuron_per_pulse,0.3881756756756757,0.3621621621621622,0.37432432432432433,0.43817567567567567,0.08986486486486484
pC1_no_direct_vPN1,55.0,peak_rate_hz,10.81081081081081,10.27027027027027,12.432432432432432,11.216216216216216,-0.6756756756756754
pC1_no_direct_vPN1,55.0,evoked_spikes_per_neuron_per_pulse,0.46047297297297296,0.4168918918918919,0.41655405405405405,0.4243243243243243,0.051351351351351326
pC1_no_direct_vPN1,65.0,peak_rate_hz,11.891891891891891,11.891891891891891,11.216216216216216,11.08108108108108,-0.1351351351351351
pC1_no_direct_vPN1,65.0,evoked_spikes_per_neuron_per_pulse,0.5091216216216217,0.5118243243243243,0.4962837837837838,0.4851351351351351,-0.013851351351351404
pC1_no_direct_vPN1,75.0,peak_rate_hz,11.621621621621621,12.027027027027026,11.08108108108108,11.756756756756756,0.2702702702702702
pC1_no_direct_vPN1,75.0,evoked_spikes_per_neuron_per_pulse,0.5027027027027027,0.49898648648648647,0.4277027027027027,0.5064189189189189,0.08243243243243237
pC1_no_direct_vPN1,85.0,peak_rate_hz,11.621621621621621,11.08108108108108,10.54054054054054,10.54054054054054,0.5405405405405403
pC1_no_direct_vPN1,85.0,evoked_spikes_per_neuron_per_pulse,0.4706081081081081,0.45472972972972975,0.4209459459459459,0.44594594594594594,0.04087837837837838
pC1_no_direct_vPN1,95.0,peak_rate_hz,10.81081081081081,10.81081081081081,11.216216216216216,10.945945945945946,-0.2702702702702702
pC1_no_direct_vPN1,95.0,evoked_spikes_per_neuron_per_pulse,0.4888513513513513,0.4814189189189189,0.4668918918918919,0.45337837837837835,-0.00608108108108113
pC1_type:pC1_10b,15.0,peak_rate_hz,0.0,0.0,0.0,0.0,0.0
pC1_type:pC1_10b,15.0,evoked_spikes_per_neuron_per_pulse,0.0,0.0,0.0,0.0,0.0
pC1_type:pC1_10b,25.0,peak_rate_hz,0.0,0.0,0.0,0.0,0.0
pC1_type:pC1_10b,25.0,evoked_spikes_per_neuron_per_pulse,0.0,0.0,0.0,0.0,0.0
pC1_type:pC1_10b,35.0,peak_rate_hz,0.0,0.0,0.0,0.0,0.0
pC1_type:pC1_10b,35.0,evoked_spikes_per_neuron_per_pulse,0.0,0.0,0.0,0.0,0.0
pC1_type:pC1_10b,45.0,peak_rate_hz,0.0,0.0,0.0,0.0,0.0
pC1_type:pC1_10b,45.0,evoked_spikes_per_neuron_per_pulse,0.0,0.0,0.0,0.0,0.0
pC1_type:pC1_10b,55.0,peak_rate_hz,0.0,0.0,0.0,0.0,0.0
pC1_type:pC1_10b,55.0,evoked_spikes_per_neuron_per_pulse,0.0,0.0,0.0,0.0,0.0
pC1_type:pC1_10b,65.0,peak_rate_hz,0.0,0.0,0.0,0.0,0.0
pC1_type:pC1_10b,65.0,evoked_spikes_per_neuron_per_pulse,0.0,0.0,0.0,0.0,0.0
pC1_type:pC1_10b,75.0,peak_rate_hz,0.0,0.0,0.0,0.0,0.0
pC1_type:pC1_10b,75.0,evoked_spikes_per_neuron_per_pulse,0.0,0.0,0.0,0.0,0.0
pC1_type:pC1_10b,85.0,peak_rate_hz,0.0,0.0,0.0,0.0,0.0
pC1_type:pC1_10b,85.0,evoked_spikes_per_neuron_per_pulse,0.0,0.0,0.0,0.0,0.0
pC1_type:pC1_10b,95.0,peak_rate_hz,0.0,0.0,0.0,0.0,0.0
pC1_type:pC1_10b,95.0,evoked_spikes_per_neuron_per_pulse,0.0,0.0,0.0,0.0,0.0
pC1_type:pC1_10c,15.0,peak_rate_hz,0.0,0.0,0.0,5.0,5.0
pC1_type:pC1_10c,15.0,evoked_spikes_per_neuron_per_pulse,0.0,0.0,0.0,0.0125,0.0125
pC1_type:pC1_10c,25.0,peak_rate_hz,0.0,0.0,0.0,5.0,5.0
pC1_type:pC1_10c,25.0,evoked_spikes_per_neuron_per_pulse,0.0,0.0,0.0,0.0125,0.0125
pC1_type:pC1_10c,35.0,peak_rate_hz,15.0,5.0,10.0,15.0,15.0
pC1_type:pC1_10c,35.0,evoked_spikes_per_neuron_per_pulse,0.1625,0.025,0.05,0.1,0.1875
pC1_type:pC1_10c,45.0,peak_rate_hz,15.0,15.0,15.0,15.0,0.0
pC1_type:pC1_10c,45.0,evoked_spikes_per_neuron_per_pulse,0.25,0.175,0.2125,0.2625,0.12500000000000003
pC1_type:pC1_10c,55.0,peak_rate_hz,10.0,10.0,10.0,10.0,0.0
pC1_type:pC1_10c,55.0,evoked_spikes_per_neuron_per_pulse,0.3875,0.3375,0.2625,0.375,0.16249999999999998
pC1_type:pC1_10c,65.0,peak_rate_hz,10.0,10.0,15.0,10.0,-5.0
pC1_type:pC1_10c,65.0,evoked_spikes_per_neuron_per_pulse,0.2375,0.2125,0.3625,0.3375,2.7755575615628914e-17
pC1_type:pC1_10c,75.0,peak_rate_hz,10.0,15.0,15.0,15.0,-5.0
pC1_type:pC1_10c,75.0,evoked_spikes_per_neuron_per_pulse,0.325,0.3875,0.3125,0.4,0.025000000000000022
pC1_type:pC1_10c,85.0,peak_rate_hz,10.0,10.0,10.0,10.0,0.0
pC1_type:pC1_10c,85.0,evoked_spikes_per_neuron_per_pulse,0.2875,0.25,0.25,0.3,0.08749999999999997
pC1_type:pC1_10c,95.0,peak_rate_hz,10.0,10.0,10.0,10.0,0.0
pC1_type:pC1_10c,95.0,evoked_spikes_per_neuron_per_pulse,0.2625,0.25,0.275,0.325,0.0625
pC1_type:pC1_10d,15.0,peak_rate_hz,10.0,10.0,10.0,10.0,0.0
pC1_type:pC1_10d,15.0,evoked_spikes_per_neuron_per_pulse,0.025,0.025,0.025,0.025,0.0
pC1_type:pC1_10d,25.0,peak_rate_hz,10.0,10.0,10.0,10.0,0.0
pC1_type:pC1_10d,25.0,evoked_spikes_per_neuron_per_pulse,0.025,0.025,0.025,0.025,0.0
pC1_type:pC1_10d,35.0,peak_rate_hz,30.0,20.0,20.0,30.0,20.0
pC1_type:pC1_10d,35.0,evoked_spikes_per_neuron_per_pulse,0.45,0.175,0.275,0.2,0.2
pC1_type:pC1_10d,45.0,peak_rate_hz,30.0,30.0,30.0,30.0,0.0
pC1_type:pC1_10d,45.0,evoked_spikes_per_neuron_per_pulse,0.5,0.625,0.475,0.575,-0.025000000000000022
pC1_type:pC1_10d,55.0,peak_rate_hz,20.0,20.0,20.0,20.0,0.0
pC1_type:pC1_10d,55.0,evoked_spikes_per_neuron_per_pulse,0.375,0.225,0.6,0.55,0.10000000000000009
pC1_type:pC1_10d,65.0,peak_rate_hz,20.0,20.0,20.0,20.0,0.0
pC1_type:pC1_10d,65.0,evoked_spikes_per_neuron_per_pulse,0.7,0.65,0.825,0.775,0.0
pC1_type:pC1_10d,75.0,peak_rate_hz,20.0,20.0,20.0,20.0,0.0
pC1_type:pC1_10d,75.0,evoked_spikes_per_neuron_per_pulse,0.8,0.825,0.8,0.925,0.10000000000000009
pC1_type:pC1_10d,85.0,peak_rate_hz,20.0,20.0,20.0,20.0,0.0
pC1_type:pC1_10d,85.0,evoked_spikes_per_neuron_per_pulse,0.675,0.7,0.7,0.725,1.1102230246251565e-16
pC1_type:pC1_10d,95.0,peak_rate_hz,20.0,20.0,20.0,20.0,0.0
pC1_type:pC1_10d,95.0,evoked_spikes_per_neuron_per_pulse,0.775,0.725,0.8,0.75,0.0
pC1_type:pC1_11a,15.0,peak_rate_hz,15.0,10.0,10.0,10.0,5.0
pC1_type:pC1_11a,15.0,evoked_spikes_per_neuron_per_pulse,0.0625,0.025,0.025,0.025,0.0375
pC1_type:pC1_11a,25.0,peak_rate_hz,40.0,25.0,35.0,45.0,25.0
pC1_type:pC1_11a,25.0,evoked_spikes_per_neuron_per_pulse,0.3875,0.2125,0.4625,0.4875,0.2
pC1_type:pC1_11a,35.0,peak_rate_hz,35.0,35.0,40.0,30.0,-10.0
pC1_type:pC1_11a,35.0,evoked_spikes_per_neuron_per_pulse,1.0,0.975,0.875,0.95,0.09999999999999998
pC1_type:pC1_11a,45.0,peak_rate_hz,35.0,30.0,50.0,50.0,5.0
pC1_type:pC1_11a,45.0,evoked_spikes_per_neuron_per_pulse,1.0125,0.975,1.175,1.35,0.21250000000000002
pC1_type:pC1_11a,55.0,peak_rate_hz,25.0,25.0,40.0,20.0,-20.0
pC1_type:pC1_11a,55.0,evoked_spikes_per_neuron_per_pulse,1.0125,1.0125,1.0,1.0,0.0
pC1_type:pC1_11a,65.0,peak_rate_hz,30.0,20.0,30.0,25.0,5.0
pC1_type:pC1_11a,65.0,evoked_spikes_per_neuron_per_pulse,1.0375,1.0,1.0625,1.025,0.0
pC1_type:pC1_11a,75.0,peak_rate_hz,25.0,25.0,20.0,30.0,10.0
pC1_type:pC1_11a,75.0,evoked_spikes_per_neuron_per_pulse,1.0125,1.0125,0.925,1.025,0.09999999999999987
pC1_type:pC1_11a,85.0,peak_rate_hz,25.0,20.0,20.0,20.0,5.0
pC1_type:pC1_11a,85.0,evoked_spikes_per_neuron_per_pulse,0.9875,0.95,1.0,0.975,0.012500000000000067
pC1_type:pC1_11a,95.0,peak_rate_hz,20.0,55.0,40.0,25.0,-50.0
pC1_type:pC1_11a,95.0,evoked_spikes_per_neuron_per_pulse,1.0,1.0875,1.05,1.025,-0.11250000000000004
pC1_type:pC1_11b,15.0,peak_rate_hz,15.0,15.0,15.0,15.0,0.0
pC1_type:pC1_11b,15.0,evoked_spikes_per_neuron_per_pulse,0.0625,0.0625,0.05,0.05,0.0
pC1_type:pC1_11b,25.0,peak_rate_hz,15.0,15.0,15.0,20.0,5.0
pC1_type:pC1_11b,25.0,evoked_spikes_per_neuron_per_pulse,0.0625,0.0625,0.1,0.1375,0.037500000000000006
pC1_type:pC1_11b,35.0,peak_rate_hz,40.0,35.0,40.0,40.0,5.0
pC1_type:pC1_11b,35.0,evoked_spikes_per_neuron_per_pulse,0.925,0.725,0.6125,0.7375,0.32500000000000007
pC1_type:pC1_11b,45.0,peak_rate_hz,40.0,40.0,40.0,50.0,10.0
pC1_type:pC1_11b,45.0,evoked_spikes_per_neuron_per_pulse,1.05,0.925,0.9625,1.1625,0.32500000000000007
pC1_type:pC1_11b,55.0,peak_rate_hz,25.0,30.0,25.0,25.0,-5.0
pC1_type:pC1_11b,55.0,evoked_spikes_per_neuron_per_pulse,1.025,1.0375,0.95,1.0625,0.09999999999999987
pC1_type:pC1_11b,65.0,peak_rate_hz,30.0,25.0,30.0,40.0,15.0
pC1_type:pC1_11b,65.0,evoked_spikes_per_neuron_per_pulse,1.1125,1.05,1.0625,1.1,0.10000000000000009
pC1_type:pC1_11b,75.0,peak_rate_hz,30.0,35.0,25.0,25.0,-5.0
pC1_type:pC1_11b,75.0,evoked_spikes_per_neuron_per_pulse,1.05,1.1125,0.9,1.0375,0.07500000000000007
pC1_type:pC1_11b,85.0,peak_rate_hz,25.0,25.0,25.0,25.0,0.0
pC1_type:pC1_11b,85.0,evoked_spikes_per_neuron_per_pulse,1.05,0.9625,0.975,0.975,0.08750000000000002
pC1_type:pC1_11b,95.0,peak_rate_hz,25.0,25.0,25.0,25.0,0.0
pC1_type:pC1_11b,95.0,evoked_spikes_per_neuron_per_pulse,1.0125,1.0125,1.025,1.075,0.050000000000000044
pC1_type:pC1_12a,15.0,peak_rate_hz,35.0,40.0,30.0,45.0,10.0
pC1_type:pC1_12a,15.0,evoked_spikes_per_neuron_per_pulse,0.3125,0.325,0.3,0.4,0.08750000000000002
pC1_type:pC1_12a,25.0,peak_rate_hz,30.0,25.0,40.0,30.0,-5.0
pC1_type:pC1_12a,25.0,evoked_spikes_per_neuron_per_pulse,0.425,0.3125,0.5375,0.5125,0.08749999999999997
pC1_type:pC1_12a,35.0,peak_rate_hz,30.0,30.0,30.0,30.0,0.0
pC1_type:pC1_12a,35.0,evoked_spikes_per_neuron_per_pulse,0.825,0.7625,0.7125,0.75,0.09999999999999998
pC1_type:pC1_12a,45.0,peak_rate_hz,30.0,30.0,30.0,30.0,0.0
pC1_type:pC1_12a,45.0,evoked_spikes_per_neuron_per_pulse,0.975,0.85,0.925,0.9875,0.1875
pC1_type:pC1_12a,55.0,peak_rate_hz,20.0,20.0,20.0,20.0,0.0
pC1_type:pC1_12a,55.0,evoked_spikes_per_neuron_per_pulse,1.0,0.9875,0.9,1.0,0.11249999999999993
pC1_type:pC1_12a,65.0,peak_rate_hz,20.0,20.0,20.0,25.0,5.0
pC1_type:pC1_12a,65.0,evoked_spikes_per_neuron_per_pulse,1.0,1.0,1.0,1.0125,0.012499999999999956
pC1_type:pC1_12a,75.0,peak_rate_hz,20.0,20.0,20.0,20.0,0.0
pC1_type:pC1_12a,75.0,evoked_spikes_per_neuron_per_pulse,1.0,1.0,0.875,1.0,0.125
pC1_type:pC1_12a,85.0,peak_rate_hz,20.0,20.0,20.0,20.0,0.0
pC1_type:pC1_12a,85.0,evoked_spikes_per_neuron_per_pulse,0.975,0.95,0.9,0.925,0.050000000000000044
pC1_type:pC1_12a,95.0,peak_rate_hz,20.0,20.0,25.0,20.0,-5.0
pC1_type:pC1_12a,95.0,evoked_spikes_per_neuron_per_pulse,1.0,0.9625,0.95,0.875,-0.03750000000000009
pC1_type:pC1_12b,15.0,peak_rate_hz,47.5,50.0,57.5,45.0,-15.0
pC1_type:pC1_12b,15.0,evoked_spikes_per_neuron_per_pulse,0.51875,0.56875,0.53125,0.48125,-0.09999999999999987
pC1_type:pC1_12b,25.0,peak_rate_hz,50.0,50.0,45.0,42.5,-2.5
pC1_type:pC1_12b,25.0,evoked_spikes_per_neuron_per_pulse,0.775,0.75625,0.7875,0.8625,0.09375000000000011
pC1_type:pC1_12b,35.0,peak_rate_hz,35.0,32.5,37.5,35.0,0.0
pC1_type:pC1_12b,35.0,evoked_spikes_per_neuron_per_pulse,0.9875,0.9625,0.95625,1.025,0.09374999999999989
pC1_type:pC1_12b,45.0,peak_rate_hz,35.0,35.0,32.5,30.0,-2.5
pC1_type:pC1_12b,45.0,evoked_spikes_per_neuron_per_pulse,1.0125,1.0,1.0125,1.0,0.0
pC1_type:pC1_12b,55.0,peak_rate_hz,20.0,20.0,20.0,20.0,0.0
pC1_type:pC1_12b,55.0,evoked_spikes_per_neuron_per_pulse,1.0,1.0,0.9125,1.0,0.08750000000000002
pC1_type:pC1_12b,65.0,peak_rate_hz,20.0,20.0,20.0,25.0,5.0
pC1_type:pC1_12b,65.0,evoked_spikes_per_neuron_per_pulse,1.0,1.0,1.0,1.0125,0.012499999999999956
pC1_type:pC1_12b,75.0,peak_rate_hz,20.0,20.0,20.0,20.0,0.0
pC1_type:pC1_12b,75.0,evoked_spikes_per_neuron_per_pulse,1.0,1.0,0.9125,1.0,0.08750000000000002
pC1_type:pC1_12b,85.0,peak_rate_hz,20.0,20.0,20.0,20.0,0.0
pC1_type:pC1_12b,85.0,evoked_spikes_per_neuron_per_pulse,0.975,0.95,0.95625,0.9625,0.03125
pC1_type:pC1_12b,95.0,peak_rate_hz,20.0,20.0,27.5,20.0,-7.5
pC1_type:pC1_12b,95.0,evoked_spikes_per_neuron_per_pulse,1.0,1.0,1.0125,0.9875,-0.02499999999999991
pC1_type:pC1_13a,15.0,peak_rate_hz,25.0,20.0,15.0,15.0,5.0
pC1_type:pC1_13a,15.0,evoked_spikes_per_neuron_per_pulse,0.2,0.1125,0.0875,0.075,0.07500000000000001
pC1_type:pC1_13a,25.0,peak_rate_hz,20.0,20.0,30.0,20.0,-10.0
pC1_type:pC1_13a,25.0,evoked_spikes_per_neuron_per_pulse,0.1875,0.175,0.275,0.275,0.012500000000000011
pC1_type:pC1_13a,35.0,peak_rate_hz,30.0,30.0,30.0,25.0,-5.0
pC1_type:pC1_13a,35.0,evoked_spikes_per_neuron_per_pulse,0.625,0.5625,0.625,0.575,0.012499999999999956
pC1_type:pC1_13a,45.0,peak_rate_hz,25.0,30.0,30.0,30.0,-5.0
pC1_type:pC1_13a,45.0,evoked_spikes_per_neuron_per_pulse,0.65,0.5875,0.7,0.75,0.11250000000000004
pC1_type:pC1_13a,55.0,peak_rate_hz,20.0,20.0,25.0,20.0,-5.0
pC1_type:pC1_13a,55.0,evoked_spikes_per_neuron_per_pulse,0.675,0.6125,0.6375,0.65,0.07500000000000007
pC1_type:pC1_13a,65.0,peak_rate_hz,20.0,20.0,20.0,20.0,0.0
pC1_type:pC1_13a,65.0,evoked_spikes_per_neuron_per_pulse,0.9625,0.975,1.0,0.9625,-0.04999999999999993
pC1_type:pC1_13a,75.0,peak_rate_hz,20.0,20.0,20.0,20.0,0.0
pC1_type:pC1_13a,75.0,evoked_spikes_per_neuron_per_pulse,0.9875,0.975,0.85,1.0,0.1625000000000001
pC1_type:pC1_13a,85.0,peak_rate_hz,25.0,25.0,20.0,20.0,0.0
pC1_type:pC1_13a,85.0,evoked_spikes_per_neuron_per_pulse,0.9,0.9,0.8625,0.875,0.012499999999999956
pC1_type:pC1_13a,95.0,peak_rate_hz,20.0,20.0,20.0,20.0,0.0
pC1_type:pC1_13a,95.0,evoked_spikes_per_neuron_per_pulse,0.9875,0.9375,0.9125,0.8375,-0.02499999999999991
pC1_type:pC1_13b,15.0,peak_rate_hz,26.666666666666668,16.666666666666668,20.0,23.333333333333336,13.333333333333336
pC1_type:pC1_13b,15.0,evoked_spikes_per_neuron_per_pulse,0.25,0.15,0.15833333333333333,0.16666666666666666,0.10833333333333334
pC1_type:pC1_13b,25.0,peak_rate_hz,16.666666666666668,20.0,23.333333333333336,26.666666666666668,0.0
pC1_type:pC1_13b,25.0,evoked_spikes_per_neuron_per_pulse,0.19166666666666668,0.16666666666666666,0.25833333333333336,0.325,0.09166666666666667
pC1_type:pC1_13b,35.0,peak_rate_hz,26.666666666666668,30.0,30.0,30.0,-3.333333333333332
pC1_type:pC1_13b,35.0,evoked_spikes_per_neuron_per_pulse,0.5416666666666666,0.5166666666666667,0.5416666666666666,0.6166666666666667,0.09999999999999998
pC1_type:pC1_13b,45.0,peak_rate_hz,30.0,30.0,30.0,30.0,0.0
pC1_type:pC1_13b,45.0,evoked_spikes_per_neuron_per_pulse,0.6916666666666667,0.7166666666666667,0.675,0.725,0.02499999999999991
pC1_type:pC1_13b,55.0,peak_rate_hz,20.0,20.0,20.0,20.0,0.0
pC1_type:pC1_13b,55.0,evoked_spikes_per_neuron_per_pulse,0.6166666666666667,0.35,0.475,0.45,0.24166666666666675
pC1_type:pC1_13b,65.0,peak_rate_hz,20.0,20.0,20.0,20.0,0.0
pC1_type:pC1_13b,65.0,evoked_spikes_per_neuron_per_pulse,0.975,0.975,1.0,0.95,-0.04999999999999993
pC1_type:pC1_13b,75.0,peak_rate_hz,20.0,20.0,20.0,20.0,0.0
pC1_type:pC1_13b,75.0,evoked_spikes_per_neuron_per_pulse,1.0,0.9666666666666667,0.8666666666666667,1.0,0.16666666666666663
pC1_type:pC1_13b,85.0,peak_rate_hz,20.0,20.0,20.0,20.0,0.0
pC1_type:pC1_13b,85.0,evoked_spikes_per_neuron_per_pulse,0.8833333333333333,0.875,0.85,0.8833333333333333,0.04166666666666663
pC1_type:pC1_13b,95.0,peak_rate_hz,20.0,20.0,20.0,20.0,0.0
pC1_type:pC1_13b,95.0,evoked_spikes_per_neuron_per_pulse,0.9916666666666667,0.9083333333333333,0.925,0.85,0.008333333333333304
pC1_type:pC1_13c,15.0,peak_rate_hz,0.0,0.0,0.0,0.0,0.0
pC1_type:pC1_13c,15.0,evoked_spikes_per_neuron_per_pulse,0.0,0.0,0.0,0.0,0.0
pC1_type:pC1_13c,25.0,peak_rate_hz,0.0,10.0,0.0,0.0,-10.0
pC1_type:pC1_13c,25.0,evoked_spikes_per_neuron_per_pulse,0.0,0.025,0.0,0.0,-0.025
pC1_type:pC1_13c,35.0,peak_rate_hz,0.0,0.0,0.0,0.0,0.0
pC1_type:pC1_13c,35.0,evoked_spikes_per_neuron_per_pulse,0.0,0.0,0.0,0.0,0.0
pC1_type:pC1_13c,45.0,peak_rate_hz,0.0,0.0,0.0,0.0,0.0
pC1_type:pC1_13c,45.0,evoked_spikes_per_neuron_per_pulse,0.0,0.0,0.0,0.0,0.0
pC1_type:pC1_13c,55.0,peak_rate_hz,0.0,0.0,0.0,0.0,0.0
pC1_type:pC1_13c,55.0,evoked_spikes_per_neuron_per_pulse,0.0,0.0,0.0,0.0,0.0
pC1_type:pC1_13c,65.0,peak_rate_hz,0.0,0.0,0.0,0.0,0.0
pC1_type:pC1_13c,65.0,evoked_spikes_per_neuron_per_pulse,0.0,0.0,0.0,0.0,0.0
pC1_type:pC1_13c,75.0,peak_rate_hz,0.0,0.0,0.0,0.0,0.0
pC1_type:pC1_13c,75.0,evoked_spikes_per_neuron_per_pulse,0.0,0.0,0.0,0.0,0.0
pC1_type:pC1_13c,85.0,peak_rate_hz,0.0,0.0,0.0,0.0,0.0
pC1_type:pC1_13c,85.0,evoked_spikes_per_neuron_per_pulse,0.0,0.0,0.0,0.0,0.0
pC1_type:pC1_13c,95.0,peak_rate_hz,0.0,0.0,0.0,0.0,0.0
pC1_type:pC1_13c,95.0,evoked_spikes_per_neuron_per_pulse,0.0,0.0,0.0,0.0,0.0
pC1_type:pC1_14a,15.0,peak_rate_hz,35.0,16.666666666666668,10.0,18.333333333333336,26.666666666666668
pC1_type:pC1_14a,15.0,evoked_spikes_per_neuron_per_pulse,0.1875,0.0625,0.04583333333333333,0.075,0.15416666666666667
pC1_type:pC1_14a,25.0,peak_rate_hz,25.0,11.666666666666668,23.333333333333336,16.666666666666668,6.666666666666664
pC1_type:pC1_14a,25.0,evoked_spikes_per_neuron_per_pulse,0.15416666666666667,0.08333333333333333,0.19166666666666668,0.15833333333333333,0.03749999999999999
pC1_type:pC1_14a,35.0,peak_rate_hz,10.0,11.666666666666668,13.333333333333334,15.0,-1.7763568394002505e-15
pC1_type:pC1_14a,35.0,evoked_spikes_per_neuron_per_pulse,0.10833333333333334,0.13333333333333333,0.16666666666666666,0.16666666666666666,-0.024999999999999994
pC1_type:pC1_14a,45.0,peak_rate_hz,11.666666666666668,8.333333333333334,16.666666666666668,15.0,1.666666666666666
pC1_type:pC1_14a,45.0,evoked_spikes_per_neuron_per_pulse,0.17916666666666667,0.13333333333333333,0.22916666666666666,0.26666666666666666,0.08333333333333334
pC1_type:pC1_14a,55.0,peak_rate_hz,11.666666666666668,13.333333333333334,28.333333333333336,13.333333333333334,-16.666666666666668
pC1_type:pC1_14a,55.0,evoked_spikes_per_neuron_per_pulse,0.325,0.3375,0.3875,0.36666666666666664,-0.03333333333333338
pC1_type:pC1_14a,65.0,peak_rate_hz,13.333333333333334,13.333333333333334,15.0,15.0,0.0
pC1_type:pC1_14a,65.0,evoked_spikes_per_neuron_per_pulse,0.425,0.45416666666666666,0.45,0.3958333333333333,-0.08333333333333331
pC1_type:pC1_14a,75.0,peak_rate_hz,11.666666666666668,13.333333333333334,13.333333333333334,13.333333333333334,-1.666666666666666
pC1_type:pC1_14a,75.0,evoked_spikes_per_neuron_per_pulse,0.37083333333333335,0.4125,0.3625,0.5083333333333333,0.10416666666666669
pC1_type:pC1_14a,85.0,peak_rate_hz,13.333333333333334,13.333333333333334,11.666666666666668,10.0,-1.6666666666666679
pC1_type:pC1_14a,85.0,evoked_spikes_per_neuron_per_pulse,0.3416666666666667,0.4,0.30416666666666664,0.3333333333333333,-0.029166666666666674
pC1_type:pC1_14a,95.0,peak_rate_hz,16.666666666666668,41.66666666666667,25.0,15.0,-35.0
pC1_type:pC1_14a,95.0,evoked_spikes_per_neuron_per_pulse,0.45,0.4791666666666667,0.45,0.35,-0.1291666666666667
pC1_type:pC1_14b,15.0,peak_rate_hz,10.0,5.0,10.0,10.0,5.0
pC1_type:pC1_14b,15.0,evoked_spikes_per_neuron_per_pulse,0.05,0.025,0.025,0.025,0.025
pC1_type:pC1_14b,25.0,peak_rate_hz,5.0,10.0,10.0,10.0,-5.0
pC1_type:pC1_14b,25.0,evoked_spikes_per_neuron_per_pulse,0.0375,0.0375,0.0375,0.05,0.012500000000000004
pC1_type:pC1_14b,35.0,peak_rate_hz,10.0,5.0,10.0,10.0,5.0
pC1_type:pC1_14b,35.0,evoked_spikes_per_neuron_per_pulse,0.0625,0.025,0.1,0.075,0.01249999999999999
pC1_type:pC1_14b,45.0,peak_rate_hz,5.0,5.0,15.0,10.0,-5.0
pC1_type:pC1_14b,45.0,evoked_spikes_per_neuron_per_pulse,0.05,0.0125,0.0875,0.0875,0.037500000000000006
pC1_type:pC1_14b,55.0,peak_rate_hz,10.0,10.0,20.0,15.0,-5.0
pC1_type:pC1_14b,55.0,evoked_spikes_per_neuron_per_pulse,0.0875,0.1125,0.2,0.2,-0.02500000000000001
pC1_type:pC1_14b,65.0,peak_rate_hz,20.0,20.0,15.0,15.0,0.0
pC1_type:pC1_14b,65.0,evoked_spikes_per_neuron_per_pulse,0.35,0.3375,0.15,0.2625,0.12499999999999997
pC1_type:pC1_14b,75.0,peak_rate_hz,15.0,20.0,15.0,20.0,0.0
pC1_type:pC1_14b,75.0,evoked_spikes_per_neuron_per_pulse,0.525,0.6375,0.4625,0.625,0.050000000000000044
pC1_type:pC1_14b,85.0,peak_rate_hz,20.0,20.0,15.0,20.0,5.0
pC1_type:pC1_14b,85.0,evoked_spikes_per_neuron_per_pulse,0.5875,0.6,0.4375,0.4875,0.03749999999999998
pC1_type:pC1_14b,95.0,peak_rate_hz,20.0,20.0,20.0,20.0,0.0
pC1_type:pC1_14b,95.0,evoked_spikes_per_neuron_per_pulse,0.7125,0.6375,0.525,0.475,0.025000000000000022
pC1_type:pC1_15a,15.0,peak_rate_hz,0.0,5.0,0.0,0.0,-5.0
pC1_type:pC1_15a,15.0,evoked_spikes_per_neuron_per_pulse,0.0,0.0125,0.0,0.0,-0.0125
pC1_type:pC1_15a,25.0,peak_rate_hz,5.0,0.0,10.0,5.0,0.0
pC1_type:pC1_15a,25.0,evoked_spikes_per_neuron_per_pulse,0.0125,0.0,0.075,0.0375,-0.024999999999999998
pC1_type:pC1_15a,35.0,peak_rate_hz,15.0,10.0,5.0,5.0,5.0
pC1_type:pC1_15a,35.0,evoked_spikes_per_neuron_per_pulse,0.075,0.1125,0.0375,0.025,-0.05
pC1_type:pC1_15a,45.0,peak_rate_hz,10.0,10.0,10.0,10.0,0.0
pC1_type:pC1_15a,45.0,evoked_spikes_per_neuron_per_pulse,0.0875,0.05,0.05,0.1,0.0875
pC1_type:pC1_15a,55.0,peak_rate_hz,10.0,5.0,10.0,5.0,0.0
pC1_type:pC1_15a,55.0,evoked_spikes_per_neuron_per_pulse,0.1625,0.0625,0.0625,0.025,0.0625
pC1_type:pC1_15a,65.0,peak_rate_hz,10.0,10.0,5.0,10.0,5.0
pC1_type:pC1_15a,65.0,evoked_spikes_per_neuron_per_pulse,0.1375,0.2125,0.05,0.05,-0.07499999999999996
pC1_type:pC1_15a,75.0,peak_rate_hz,10.0,5.0,5.0,5.0,5.0
pC1_type:pC1_15a,75.0,evoked_spikes_per_neuron_per_pulse,0.125,0.1,0.0375,0.025,0.012499999999999983
pC1_type:pC1_15a,85.0,peak_rate_hz,5.0,5.0,5.0,5.0,0.0
pC1_type:pC1_15a,85.0,evoked_spikes_per_neuron_per_pulse,0.0625,0.1,0.025,0.025,-0.037500000000000006
pC1_type:pC1_15a,95.0,peak_rate_hz,5.0,5.0,5.0,5.0,0.0
pC1_type:pC1_15a,95.0,evoked_spikes_per_neuron_per_pulse,0.0125,0.05,0.0375,0.0625,-0.0125
pC1_type:pC1_15b,15.0,peak_rate_hz,0.0,0.0,0.0,0.0,0.0
pC1_type:pC1_15b,15.0,evoked_spikes_per_neuron_per_pulse,0.0,0.0,0.0,0.0,0.0
pC1_type:pC1_15b,25.0,peak_rate_hz,0.0,0.0,0.0,0.0,0.0
pC1_type:pC1_15b,25.0,evoked_spikes_per_neuron_per_pulse,0.0,0.0,0.0,0.0,0.0
pC1_type:pC1_15b,35.0,peak_rate_hz,0.0,0.0,0.0,0.0,0.0
pC1_type:pC1_15b,35.0,evoked_spikes_per_neuron_per_pulse,0.0,0.0,0.0,0.0,0.0
pC1_type:pC1_15b,45.0,peak_rate_hz,0.0,0.0,0.0,5.0,5.0
pC1_type:pC1_15b,45.0,evoked_spikes_per_neuron_per_pulse,0.0,0.0,0.0,0.0125,0.0125
pC1_type:pC1_15b,55.0,peak_rate_hz,5.0,5.0,0.0,0.0,0.0
pC1_type:pC1_15b,55.0,evoked_spikes_per_neuron_per_pulse,0.0125,0.0125,0.0,0.0,0.0
pC1_type:pC1_15b,65.0,peak_rate_hz,5.0,0.0,5.0,0.0,0.0
pC1_type:pC1_15b,65.0,evoked_spikes_per_neuron_per_pulse,0.0125,0.0,0.025,0.0,-0.0125
pC1_type:pC1_15b,75.0,peak_rate_hz,0.0,0.0,0.0,0.0,0.0
pC1_type:pC1_15b,75.0,evoked_spikes_per_neuron_per_pulse,0.0,0.0,0.0,0.0,0.0
pC1_type:pC1_15b,85.0,peak_rate_hz,0.0,0.0,0.0,0.0,0.0
pC1_type:pC1_15b,85.0,evoked_spikes_per_neuron_per_pulse,0.0,0.0,0.0,0.0,0.0
pC1_type:pC1_15b,95.0,peak_rate_hz,0.0,0.0,0.0,0.0,0.0
pC1_type:pC1_15b,95.0,evoked_spikes_per_neuron_per_pulse,0.0,0.0,0.0,0.0,0.0
pC1_type:pC1_15c,15.0,peak_rate_hz,0.0,0.0,0.0,0.0,0.0
pC1_type:pC1_15c,15.0,evoked_spikes_per_neuron_per_pulse,0.0,0.0,0.0,0.0,0.0
pC1_type:pC1_15c,25.0,peak_rate_hz,0.0,0.0,0.0,0.0,0.0
pC1_type:pC1_15c,25.0,evoked_spikes_per_neuron_per_pulse,0.0,0.0,0.0,0.0,0.0
pC1_type:pC1_15c,35.0,peak_rate_hz,0.0,0.0,0.0,3.3333333333333335,3.3333333333333335
pC1_type:pC1_15c,35.0,evoked_spikes_per_neuron_per_pulse,0.0,0.0,0.0,0.008333333333333333,0.008333333333333333
pC1_type:pC1_15c,45.0,peak_rate_hz,6.666666666666667,10.0,13.333333333333334,3.3333333333333335,-13.333333333333332
pC1_type:pC1_15c,45.0,evoked_spikes_per_neuron_per_pulse,0.03333333333333333,0.041666666666666664,0.05,0.008333333333333333,-0.05000000000000001
pC1_type:pC1_15c,55.0,peak_rate_hz,6.666666666666667,6.666666666666667,10.0,6.666666666666667,-3.333333333333333
pC1_type:pC1_15c,55.0,evoked_spikes_per_neuron_per_pulse,0.075,0.03333333333333333,0.03333333333333333,0.05,0.058333333333333334
pC1_type:pC1_15c,65.0,peak_rate_hz,6.666666666666667,3.3333333333333335,6.666666666666667,6.666666666666667,3.3333333333333335
pC1_type:pC1_15c,65.0,evoked_spikes_per_neuron_per_pulse,0.05,0.03333333333333333,0.075,0.03333333333333333,-0.024999999999999994
pC1_type:pC1_15c,75.0,peak_rate_hz,0.0,0.0,6.666666666666667,3.3333333333333335,-3.3333333333333335
pC1_type:pC1_15c,75.0,evoked_spikes_per_neuron_per_pulse,0.0,0.0,0.016666666666666666,0.008333333333333333,-0.008333333333333333
pC1_type:pC1_15c,85.0,peak_rate_hz,3.3333333333333335,0.0,0.0,0.0,3.3333333333333335
pC1_type:pC1_15c,85.0,evoked_spikes_per_neuron_per_pulse,0.025,0.0,0.0,0.0,0.025
pC1_type:pC1_15c,95.0,peak_rate_hz,0.0,3.3333333333333335,3.3333333333333335,3.3333333333333335,-3.3333333333333335
pC1_type:pC1_15c,95.0,evoked_spikes_per_neuron_per_pulse,0.0,0.025,0.016666666666666666,0.016666666666666666,-0.025
pC1_type:pC1_16a,15.0,peak_rate_hz,0.0,0.0,0.0,0.0,0.0
pC1_type:pC1_16a,15.0,evoked_spikes_per_neuron_per_pulse,0.0,0.0,0.0,0.0,0.0
pC1_type:pC1_16a,25.0,peak_rate_hz,0.0,0.0,0.0,3.3333333333333335,3.3333333333333335
pC1_type:pC1_16a,25.0,evoked_spikes_per_neuron_per_pulse,0.0,0.0,0.0,0.016666666666666666,0.016666666666666666
pC1_type:pC1_16a,35.0,peak_rate_hz,0.0,0.0,0.0,3.3333333333333335,3.3333333333333335
pC1_type:pC1_16a,35.0,evoked_spikes_per_neuron_per_pulse,0.0,0.0,0.0,0.008333333333333333,0.008333333333333333
pC1_type:pC1_16a,45.0,peak_rate_hz,0.0,3.3333333333333335,0.0,0.0,-3.3333333333333335
pC1_type:pC1_16a,45.0,evoked_spikes_per_neuron_per_pulse,0.0,0.008333333333333333,0.0,0.0,-0.008333333333333333
pC1_type:pC1_16a,55.0,peak_rate_hz,0.0,0.0,3.3333333333333335,0.0,-3.3333333333333335
pC1_type:pC1_16a,55.0,evoked_spikes_per_neuron_per_pulse,0.0,0.0,0.016666666666666666,0.0,-0.016666666666666666
pC1_type:pC1_16a,65.0,peak_rate_hz,3.3333333333333335,0.0,6.666666666666667,6.666666666666667,3.3333333333333335
pC1_type:pC1_16a,65.0,evoked_spikes_per_neuron_per_pulse,0.008333333333333333,0.0,0.1,0.075,-0.016666666666666677
pC1_type:pC1_16a,75.0,peak_rate_hz,0.0,0.0,3.3333333333333335,3.3333333333333335,0.0
pC1_type:pC1_16a,75.0,evoked_spikes_per_neuron_per_pulse,0.0,0.0,0.025,0.05,0.025
pC1_type:pC1_16a,85.0,peak_rate_hz,0.0,0.0,3.3333333333333335,3.3333333333333335,0.0
pC1_type:pC1_16a,85.0,evoked_spikes_per_neuron_per_pulse,0.0,0.0,0.03333333333333333,0.016666666666666666,-0.016666666666666666
pC1_type:pC1_16a,95.0,peak_rate_hz,0.0,0.0,3.3333333333333335,3.3333333333333335,0.0
pC1_type:pC1_16a,95.0,evoked_spikes_per_neuron_per_pulse,0.0,0.0,0.03333333333333333,0.03333333333333333,0.0
pC1_type:pC1_16b,15.0,peak_rate_hz,0.0,0.0,0.0,0.0,0.0
pC1_type:pC1_16b,15.0,evoked_spikes_per_neuron_per_pulse,0.0,0.0,0.0,0.0,0.0
pC1_type:pC1_16b,25.0,peak_rate_hz,0.0,0.0,0.0,0.0,0.0
pC1_type:pC1_16b,25.0,evoked_spikes_per_neuron_per_pulse,0.0,0.0,0.0,0.0,0.0
pC1_type:pC1_16b,35.0,peak_rate_hz,0.0,0.0,0.0,0.0,0.0
pC1_type:pC1_16b,35.0,evoked_spikes_per_neuron_per_pulse,0.0,0.0,0.0,0.0,0.0
pC1_type:pC1_16b,45.0,peak_rate_hz,0.0,0.0,0.0,0.0,0.0
pC1_type:pC1_16b,45.0,evoked_spikes_per_neuron_per_pulse,0.0,0.0,0.0,0.0,0.0
pC1_type:pC1_16b,55.0,peak_rate_hz,0.0,0.0,0.0,0.0,0.0
pC1_type:pC1_16b,55.0,evoked_spikes_per_neuron_per_pulse,0.0,0.0,0.0,0.0,0.0
pC1_type:pC1_16b,65.0,peak_rate_hz,0.0,0.0,0.0,0.0,0.0
pC1_type:pC1_16b,65.0,evoked_spikes_per_neuron_per_pulse,0.0,0.0,0.0,0.0,0.0
pC1_type:pC1_16b,75.0,peak_rate_hz,0.0,0.0,0.0,0.0,0.0
pC1_type:pC1_16b,75.0,evoked_spikes_per_neuron_per_pulse,0.0,0.0,0.0,0.0,0.0
pC1_type:pC1_16b,85.0,peak_rate_hz,0.0,0.0,0.0,0.0,0.0
pC1_type:pC1_16b,85.0,evoked_spikes_per_neuron_per_pulse,0.0,0.0,0.0,0.0,0.0
pC1_type:pC1_16b,95.0,peak_rate_hz,0.0,0.0,0.0,0.0,0.0
pC1_type:pC1_16b,95.0,evoked_spikes_per_neuron_per_pulse,0.0,0.0,0.0,0.0,0.0
pC1_type:pC1_17a,15.0,peak_rate_hz,5.0,0.0,5.0,0.0,0.0
pC1_type:pC1_17a,15.0,evoked_spikes_per_neuron_per_pulse,0.0375,0.0,0.025,0.0,0.012499999999999997
pC1_type:pC1_17a,25.0,peak_rate_hz,20.0,5.0,30.0,20.0,5.0
pC1_type:pC1_17a,25.0,evoked_spikes_per_neuron_per_pulse,0.1,0.025,0.2125,0.1625,0.025000000000000022
pC1_type:pC1_17a,35.0,peak_rate_hz,25.0,20.0,15.0,15.0,5.0
pC1_type:pC1_17a,35.0,evoked_spikes_per_neuron_per_pulse,0.275,0.2625,0.2,0.1625,-0.025000000000000022
pC1_type:pC1_17a,45.0,peak_rate_hz,15.0,15.0,15.0,25.0,10.0
pC1_type:pC1_17a,45.0,evoked_spikes_per_neuron_per_pulse,0.1875,0.1375,0.1375,0.2,0.11249999999999999
pC1_type:pC1_17a,55.0,peak_rate_hz,20.0,15.0,25.0,10.0,-10.0
pC1_type:pC1_17a,55.0,evoked_spikes_per_neuron_per_pulse,0.4125,0.15,0.1875,0.0625,0.13749999999999996
pC1_type:pC1_17a,65.0,peak_rate_hz,30.0,20.0,20.0,20.0,10.0
pC1_type:pC1_17a,65.0,evoked_spikes_per_neuron_per_pulse,0.3625,0.4625,0.175,0.15,-0.125
pC1_type:pC1_17a,75.0,peak_rate_hz,25.0,20.0,20.0,25.0,10.0
pC1_type:pC1_17a,75.0,evoked_spikes_per_neuron_per_pulse,0.425,0.275,0.175,0.175,0.14999999999999997
pC1_type:pC1_17a,85.0,peak_rate_hz,15.0,10.0,10.0,10.0,5.0
pC1_type:pC1_17a,85.0,evoked_spikes_per_neuron_per_pulse,0.1625,0.1875,0.05,0.075,0.0
pC1_type:pC1_17a,95.0,peak_rate_hz,10.0,15.0,20.0,10.0,-15.0
pC1_type:pC1_17a,95.0,evoked_spikes_per_neuron_per_pulse,0.0375,0.1375,0.1,0.15,-0.050000000000000024
pC1_type:pC1_18a,15.0,peak_rate_hz,20.0,30.0,30.0,20.0,-20.0
pC1_type:pC1_18a,15.0,evoked_spikes_per_neuron_per_pulse,0.15,0.225,0.225,0.125,-0.17500000000000002
pC1_type:pC1_18a,25.0,peak_rate_hz,50.0,50.0,50.0,50.0,0.0
pC1_type:pC1_18a,25.0,evoked_spikes_per_neuron_per_pulse,0.55,0.625,0.65,0.775,0.050000000000000044
pC1_type:pC1_18a,35.0,peak_rate_hz,20.0,30.0,30.0,30.0,-10.0
pC1_type:pC1_18a,35.0,evoked_spikes_per_neuron_per_pulse,0.2,0.8,0.25,0.775,-0.07500000000000001
pC1_type:pC1_18a,45.0,peak_rate_hz,30.0,40.0,20.0,40.0,10.0
pC1_type:pC1_18a,45.0,evoked_spikes_per_neuron_per_pulse,0.3,0.85,0.3,0.95,0.09999999999999998
pC1_type:pC1_18a,55.0,peak_rate_hz,20.0,20.0,20.0,20.0,0.0
pC1_type:pC1_18a,55.0,evoked_spikes_per_neuron_per_pulse,0.425,0.325,0.175,0.275,0.2
pC1_type:pC1_18a,65.0,peak_rate_hz,20.0,20.0,20.0,20.0,0.0
pC1_type:pC1_18a,65.0,evoked_spikes_per_neuron_per_pulse,0.375,0.55,0.15,0.45,0.125
pC1_type:pC1_18a,75.0,peak_rate_hz,20.0,20.0,20.0,20.0,0.0
pC1_type:pC1_18a,75.0,evoked_spikes_per_neuron_per_pulse,0.375,0.4,0.1,0.6,0.475
pC1_type:pC1_18a,85.0,peak_rate_hz,10.0,10.0,10.0,20.0,10.0
pC1_type:pC1_18a,85.0,evoked_spikes_per_neuron_per_pulse,0.2,0.275,0.075,0.675,0.525
pC1_type:pC1_18a,95.0,peak_rate_hz,10.0,20.0,30.0,20.0,-20.0
pC1_type:pC1_18a,95.0,evoked_spikes_per_neuron_per_pulse,0.025,0.25,0.1,0.7,0.375
pC1_type:pC1_18b,15.0,peak_rate_hz,22.5,32.5,20.0,27.5,-2.5
pC1_type:pC1_18b,15.0,evoked_spikes_per_neuron_per_pulse,0.1875,0.23125,0.15,0.14375,-0.05000000000000002
pC1_type:pC1_18b,25.0,peak_rate_hz,47.5,32.5,57.5,50.0,7.5
pC1_type:pC1_18b,25.0,evoked_spikes_per_neuron_per_pulse,0.63125,0.4,0.79375,0.76875,0.20625000000000004
pC1_type:pC1_18b,35.0,peak_rate_hz,37.5,35.0,35.0,32.5,0.0
pC1_type:pC1_18b,35.0,evoked_spikes_per_neuron_per_pulse,1.0125,0.9625,0.8375,0.8625,0.07499999999999996
pC1_type:pC1_18b,45.0,peak_rate_hz,32.5,32.5,42.5,42.5,0.0
pC1_type:pC1_18b,45.0,evoked_spikes_per_neuron_per_pulse,1.00625,0.91875,1.0125,1.18125,0.2562500000000001
pC1_type:pC1_18b,55.0,peak_rate_hz,32.5,27.5,35.0,30.0,0.0
pC1_type:pC1_18b,55.0,evoked_spikes_per_neuron_per_pulse,1.11875,1.05,1.01875,1.025,0.07499999999999973
pC1_type:pC1_18b,65.0,peak_rate_hz,40.0,27.5,40.0,37.5,10.0
pC1_type:pC1_18b,65.0,evoked_spikes_per_neuron_per_pulse,1.1875,1.04375,1.1875,1.14375,0.10000000000000009
pC1_type:pC1_18b,75.0,peak_rate_hz,40.0,30.0,40.0,35.0,5.0
pC1_type:pC1_18b,75.0,evoked_spikes_per_neuron_per_pulse,1.21875,1.05625,1.05,1.19375,0.30625000000000013
pC1_type:pC1_18b,85.0,peak_rate_hz,35.0,35.0,32.5,32.5,0.0
pC1_type:pC1_18b,85.0,evoked_spikes_per_neuron_per_pulse,1.19375,1.06875,1.1,1.20625,0.23124999999999996
pC1_type:pC1_18b,95.0,peak_rate_hz,35.0,30.0,45.0,32.5,-7.5
pC1_type:pC1_18b,95.0,evoked_spikes_per_neuron_per_pulse,1.1875,1.0875,1.18125,1.1625,0.08125000000000027
pC1_type:pC1_19,15.0,peak_rate_hz,0.0,0.0,0.0,0.0,0.0
pC1_type:pC1_19,15.0,evoked_spikes_per_neuron_per_pulse,0.0,0.0,0.0,0.0,0.0
pC1_type:pC1_19,25.0,peak_rate_hz,0.0,0.0,0.0,0.0,0.0
pC1_type:pC1_19,25.0,evoked_spikes_per_neuron_per_pulse,0.0,0.0,0.0,0.0,0.0
pC1_type:pC1_19,35.0,peak_rate_hz,0.0,0.0,0.0,0.0,0.0
pC1_type:pC1_19,35.0,evoked_spikes_per_neuron_per_pulse,0.0,0.0,0.0,0.0,0.0
pC1_type:pC1_19,45.0,peak_rate_hz,0.0,0.0,0.0,0.0,0.0
pC1_type:pC1_19,45.0,evoked_spikes_per_neuron_per_pulse,0.0,0.0,0.0,0.0,0.0
pC1_type:pC1_19,55.0,peak_rate_hz,0.0,0.0,0.0,0.0,0.0
pC1_type:pC1_19,55.0,evoked_spikes_per_neuron_per_pulse,0.0,0.0,0.0,0.0,0.0
pC1_type:pC1_19,65.0,peak_rate_hz,0.0,0.0,0.0,0.0,0.0
pC1_type:pC1_19,65.0,evoked_spikes_per_neuron_per_pulse,0.0,0.0,0.0,0.0,0.0
pC1_type:pC1_19,75.0,peak_rate_hz,0.0,0.0,0.0,0.0,0.0
pC1_type:pC1_19,75.0,evoked_spikes_per_neuron_per_pulse,0.0,0.0,0.0,0.0,0.0
pC1_type:pC1_19,85.0,peak_rate_hz,0.0,0.0,0.0,0.0,0.0
pC1_type:pC1_19,85.0,evoked_spikes_per_neuron_per_pulse,0.0,0.0,0.0,0.0,0.0
pC1_type:pC1_19,95.0,peak_rate_hz,0.0,0.0,0.0,0.0,0.0
pC1_type:pC1_19,95.0,evoked_spikes_per_neuron_per_pulse,0.0,0.0,0.0,0.0,0.0
pC1_type:pC1_1a,15.0,peak_rate_hz,2.0,4.0,0.0,0.0,-2.0
pC1_type:pC1_1a,15.0,evoked_spikes_per_neuron_per_pulse,0.005,0.01,0.0,0.0,-0.005
pC1_type:pC1_1a,25.0,peak_rate_hz,4.0,6.0,0.0,0.0,-2.0
pC1_type:pC1_1a,25.0,evoked_spikes_per_neuron_per_pulse,0.015,0.015,0.0,0.0,0.0
pC1_type:pC1_1a,35.0,peak_rate_hz,0.0,0.0,0.0,0.0,0.0
pC1_type:pC1_1a,35.0,evoked_spikes_per_neuron_per_pulse,0.0,0.0,0.0,0.0,0.0
pC1_type:pC1_1a,45.0,peak_rate_hz,0.0,0.0,0.0,0.0,0.0
pC1_type:pC1_1a,45.0,evoked_spikes_per_neuron_per_pulse,0.0,0.0,0.0,0.0,0.0
pC1_type:pC1_1a,55.0,peak_rate_hz,0.0,0.0,0.0,0.0,0.0
pC1_type:pC1_1a,55.0,evoked_spikes_per_neuron_per_pulse,0.0,0.0,0.0,0.0,0.0
pC1_type:pC1_1a,65.0,peak_rate_hz,0.0,0.0,0.0,0.0,0.0
pC1_type:pC1_1a,65.0,evoked_spikes_per_neuron_per_pulse,0.0,0.0,0.0,0.0,0.0
pC1_type:pC1_1a,75.0,peak_rate_hz,0.0,0.0,0.0,0.0,0.0
pC1_type:pC1_1a,75.0,evoked_spikes_per_neuron_per_pulse,0.0,0.0,0.0,0.0,0.0
pC1_type:pC1_1a,85.0,peak_rate_hz,0.0,0.0,0.0,0.0,0.0
pC1_type:pC1_1a,85.0,evoked_spikes_per_neuron_per_pulse,0.0,0.0,0.0,0.0,0.0
pC1_type:pC1_1a,95.0,peak_rate_hz,0.0,0.0,0.0,0.0,0.0
pC1_type:pC1_1a,95.0,evoked_spikes_per_neuron_per_pulse,0.0,0.0,0.0,0.0,0.0
pC1_type:pC1_1b,15.0,peak_rate_hz,20.0,20.0,25.0,15.0,-10.0
pC1_type:pC1_1b,15.0,evoked_spikes_per_neuron_per_pulse,0.15,0.1125,0.1375,0.0625,-0.037500000000000006
pC1_type:pC1_1b,25.0,peak_rate_hz,40.0,30.0,40.0,45.0,15.0
pC1_type:pC1_1b,25.0,evoked_spikes_per_neuron_per_pulse,0.6375,0.4,0.75,0.7,0.1874999999999999
pC1_type:pC1_1b,35.0,peak_rate_hz,30.0,30.0,30.0,30.0,0.0
pC1_type:pC1_1b,35.0,evoked_spikes_per_neuron_per_pulse,0.9875,0.925,0.825,0.9,0.13750000000000007
pC1_type:pC1_1b,45.0,peak_rate_hz,30.0,30.0,30.0,30.0,0.0
pC1_type:pC1_1b,45.0,evoked_spikes_per_neuron_per_pulse,0.975,0.975,0.9375,1.0,0.0625
pC1_type:pC1_1b,55.0,peak_rate_hz,20.0,20.0,20.0,20.0,0.0
pC1_type:pC1_1b,55.0,evoked_spikes_per_neuron_per_pulse,1.0,1.0,0.9125,1.0,0.08750000000000002
pC1_type:pC1_1b,65.0,peak_rate_hz,20.0,20.0,20.0,20.0,0.0
pC1_type:pC1_1b,65.0,evoked_spikes_per_neuron_per_pulse,1.0,1.0,1.0,1.0,0.0
pC1_type:pC1_1b,75.0,peak_rate_hz,20.0,20.0,20.0,20.0,0.0
pC1_type:pC1_1b,75.0,evoked_spikes_per_neuron_per_pulse,1.0,1.0,0.925,1.0,0.07499999999999996
pC1_type:pC1_1b,85.0,peak_rate_hz,20.0,20.0,20.0,20.0,0.0
pC1_type:pC1_1b,85.0,evoked_spikes_per_neuron_per_pulse,0.975,0.95,1.0,0.975,0.0
pC1_type:pC1_1b,95.0,peak_rate_hz,20.0,25.0,25.0,20.0,-10.0
pC1_type:pC1_1b,95.0,evoked_spikes_per_neuron_per_pulse,1.0,1.0125,1.0125,1.0,-0.02499999999999991
pC1_type:pC1_2a,15.0,peak_rate_hz,0.0,0.0,0.0,0.0,0.0
pC1_type:pC1_2a,15.0,evoked_spikes_per_neuron_per_pulse,0.0,0.0,0.0,0.0,0.0
pC1_type:pC1_2a,25.0,peak_rate_hz,0.0,0.0,0.0,0.0,0.0
pC1_type:pC1_2a,25.0,evoked_spikes_per_neuron_per_pulse,0.0,0.0,0.0,0.0,0.0
pC1_type:pC1_2a,35.0,peak_rate_hz,0.0,0.0,0.0,0.0,0.0
pC1_type:pC1_2a,35.0,evoked_spikes_per_neuron_per_pulse,0.0,0.0,0.0,0.0,0.0
pC1_type:pC1_2a,45.0,peak_rate_hz,0.0,0.0,0.0,0.0,0.0
pC1_type:pC1_2a,45.0,evoked_spikes_per_neuron_per_pulse,0.0,0.0,0.0,0.0,0.0
pC1_type:pC1_2a,55.0,peak_rate_hz,0.0,0.0,0.0,0.0,0.0
pC1_type:pC1_2a,55.0,evoked_spikes_per_neuron_per_pulse,0.0,0.0,0.0,0.0,0.0
pC1_type:pC1_2a,65.0,peak_rate_hz,0.0,0.0,0.0,0.0,0.0
pC1_type:pC1_2a,65.0,evoked_spikes_per_neuron_per_pulse,0.0,0.0,0.0,0.0,0.0
pC1_type:pC1_2a,75.0,peak_rate_hz,0.0,0.0,0.0,0.0,0.0
pC1_type:pC1_2a,75.0,evoked_spikes_per_neuron_per_pulse,0.0,0.0,0.0,0.0,0.0
pC1_type:pC1_2a,85.0,peak_rate_hz,0.0,0.0,0.0,0.0,0.0
pC1_type:pC1_2a,85.0,evoked_spikes_per_neuron_per_pulse,0.0,0.0,0.0,0.0,0.0
pC1_type:pC1_2a,95.0,peak_rate_hz,0.0,0.0,0.0,0.0,0.0
pC1_type:pC1_2a,95.0,evoked_spikes_per_neuron_per_pulse,0.0,0.0,0.0,0.0,0.0
pC1_type:pC1_2b,15.0,peak_rate_hz,0.0,0.0,0.0,0.0,0.0
pC1_type:pC1_2b,15.0,evoked_spikes_per_neuron_per_pulse,0.0,0.0,0.0,0.0,0.0
pC1_type:pC1_2b,25.0,peak_rate_hz,0.0,0.0,0.0,0.0,0.0
pC1_type:pC1_2b,25.0,evoked_spikes_per_neuron_per_pulse,0.0,0.0,0.0,0.0,0.0
pC1_type:pC1_2b,35.0,peak_rate_hz,0.0,0.0,0.0,0.0,0.0
pC1_type:pC1_2b,35.0,evoked_spikes_per_neuron_per_pulse,0.0,0.0,0.0,0.0,0.0
pC1_type:pC1_2b,45.0,peak_rate_hz,0.0,5.0,0.0,5.0,0.0
pC1_type:pC1_2b,45.0,evoked_spikes_per_neuron_per_pulse,0.0,0.0125,0.0,0.025,0.0125
pC1_type:pC1_2b,55.0,peak_rate_hz,0.0,0.0,5.0,20.0,15.0
pC1_type:pC1_2b,55.0,evoked_spikes_per_neuron_per_pulse,0.0,0.0,0.0125,0.0625,0.05
pC1_type:pC1_2b,65.0,peak_rate_hz,0.0,0.0,0.0,5.0,5.0
pC1_type:pC1_2b,65.0,evoked_spikes_per_neuron_per_pulse,0.0,0.0,0.0,0.0125,0.0125
pC1_type:pC1_2b,75.0,peak_rate_hz,0.0,0.0,0.0,10.0,10.0
pC1_type:pC1_2b,75.0,evoked_spikes_per_neuron_per_pulse,0.0,0.0,0.0,0.025,0.025
pC1_type:pC1_2b,85.0,peak_rate_hz,0.0,0.0,0.0,0.0,0.0
pC1_type:pC1_2b,85.0,evoked_spikes_per_neuron_per_pulse,0.0,0.0,0.0,0.0,0.0
pC1_type:pC1_2b,95.0,peak_rate_hz,0.0,10.0,5.0,10.0,-5.0
pC1_type:pC1_2b,95.0,evoked_spikes_per_neuron_per_pulse,0.0,0.0375,0.025,0.025,-0.0375
pC1_type:pC1_2c,15.0,peak_rate_hz,10.0,0.0,0.0,0.0,10.0
pC1_type:pC1_2c,15.0,evoked_spikes_per_neuron_per_pulse,0.025,0.0,0.0,0.0,0.025
pC1_type:pC1_2c,25.0,peak_rate_hz,0.0,0.0,0.0,0.0,0.0
pC1_type:pC1_2c,25.0,evoked_spikes_per_neuron_per_pulse,0.0,0.0,0.0,0.0,0.0
pC1_type:pC1_2c,35.0,peak_rate_hz,0.0,0.0,0.0,0.0,0.0
pC1_type:pC1_2c,35.0,evoked_spikes_per_neuron_per_pulse,0.0,0.0,0.0,0.0,0.0
pC1_type:pC1_2c,45.0,peak_rate_hz,0.0,0.0,0.0,10.0,10.0
pC1_type:pC1_2c,45.0,evoked_spikes_per_neuron_per_pulse,0.0,0.0,0.0,0.025,0.025
pC1_type:pC1_2c,55.0,peak_rate_hz,0.0,0.0,10.0,20.0,10.0
pC1_type:pC1_2c,55.0,evoked_spikes_per_neuron_per_pulse,0.0,0.0,0.025,0.05,0.025
pC1_type:pC1_2c,65.0,peak_rate_hz,0.0,0.0,0.0,0.0,0.0
pC1_type:pC1_2c,65.0,evoked_spikes_per_neuron_per_pulse,0.0,0.0,0.0,0.0,0.0
pC1_type:pC1_2c,75.0,peak_rate_hz,0.0,0.0,0.0,5.0,5.0
pC1_type:pC1_2c,75.0,evoked_spikes_per_neuron_per_pulse,0.0,0.0,0.0,0.0125,0.0125
pC1_type:pC1_2c,85.0,peak_rate_hz,0.0,0.0,0.0,0.0,0.0
pC1_type:pC1_2c,85.0,evoked_spikes_per_neuron_per_pulse,0.0,0.0,0.0,0.0,0.0
pC1_type:pC1_2c,95.0,peak_rate_hz,0.0,30.0,0.0,5.0,-25.0
pC1_type:pC1_2c,95.0,evoked_spikes_per_neuron_per_pulse,0.0,0.0875,0.0,0.0125,-0.075
pC1_type:pC1_3a,15.0,peak_rate_hz,5.0,0.0,5.0,0.0,0.0
pC1_type:pC1_3a,15.0,evoked_spikes_per_neuron_per_pulse,0.025,0.0,0.0125,0.0,0.0125
pC1_type:pC1_3a,25.0,peak_rate_hz,5.0,5.0,5.0,10.0,5.0
pC1_type:pC1_3a,25.0,evoked_spikes_per_neuron_per_pulse,0.025,0.05,0.0125,0.025,-0.012500000000000004
pC1_type:pC1_3a,35.0,peak_rate_hz,0.0,0.0,0.0,0.0,0.0
pC1_type:pC1_3a,35.0,evoked_spikes_per_neuron_per_pulse,0.0,0.0,0.0,0.0,0.0
pC1_type:pC1_3a,45.0,peak_rate_hz,15.0,15.0,20.0,15.0,-5.0
pC1_type:pC1_3a,45.0,evoked_spikes_per_neuron_per_pulse,0.0375,0.2375,0.225,0.4375,0.012500000000000004
pC1_type:pC1_3a,55.0,peak_rate_hz,10.0,10.0,15.0,20.0,5.0
pC1_type:pC1_3a,55.0,evoked_spikes_per_neuron_per_pulse,0.0375,0.05,0.0875,0.175,0.07499999999999998
pC1_type:pC1_3a,65.0,peak_rate_hz,5.0,5.0,10.0,10.0,0.0
pC1_type:pC1_3a,65.0,evoked_spikes_per_neuron_per_pulse,0.075,0.0375,0.15,0.1,-0.012499999999999997
pC1_type:pC1_3a,75.0,peak_rate_hz,0.0,5.0,5.0,10.0,0.0
pC1_type:pC1_3a,75.0,evoked_spikes_per_neuron_per_pulse,0.0,0.0125,0.025,0.025,-0.0125
pC1_type:pC1_3a,85.0,peak_rate_hz,10.0,5.0,0.0,10.0,15.0
pC1_type:pC1_3a,85.0,evoked_spikes_per_neuron_per_pulse,0.05,0.025,0.0,0.0375,0.0625
pC1_type:pC1_3a,95.0,peak_rate_hz,0.0,10.0,10.0,10.0,-10.0
pC1_type:pC1_3a,95.0,evoked_spikes_per_neuron_per_pulse,0.0,0.0875,0.05,0.0875,-0.05
pC1_type:pC1_3b,15.0,peak_rate_hz,10.0,10.0,0.0,10.0,10.0
pC1_type:pC1_3b,15.0,evoked_spikes_per_neuron_per_pulse,0.025,0.025,0.0,0.025,0.025
pC1_type:pC1_3b,25.0,peak_rate_hz,20.0,10.0,20.0,20.0,10.0
pC1_type:pC1_3b,25.0,evoked_spikes_per_neuron_per_pulse,0.125,0.05,0.175,0.175,0.075
pC1_type:pC1_3b,35.0,peak_rate_hz,0.0,10.0,0.0,10.0,0.0
pC1_type:pC1_3b,35.0,evoked_spikes_per_neuron_per_pulse,0.0,0.025,0.0,0.025,0.0
pC1_type:pC1_3b,45.0,peak_rate_hz,20.0,20.0,30.0,30.0,0.0
pC1_type:pC1_3b,45.0,evoked_spikes_per_neuron_per_pulse,0.2,0.35,0.375,0.5,-0.024999999999999967
pC1_type:pC1_3b,55.0,peak_rate_hz,10.0,10.0,10.0,20.0,10.0
pC1_type:pC1_3b,55.0,evoked_spikes_per_neuron_per_pulse,0.05,0.075,0.025,0.05,6.938893903907228e-18
pC1_type:pC1_3b,65.0,peak_rate_hz,10.0,10.0,10.0,10.0,0.0
pC1_type:pC1_3b,65.0,evoked_spikes_per_neuron_per_pulse,0.125,0.075,0.1,0.05,0.0
pC1_type:pC1_3b,75.0,peak_rate_hz,0.0,0.0,0.0,0.0,0.0
pC1_type:pC1_3b,75.0,evoked_spikes_per_neuron_per_pulse,0.0,0.0,0.0,0.0,0.0
pC1_type:pC1_3b,85.0,peak_rate_hz,10.0,0.0,0.0,10.0,20.0
pC1_type:pC1_3b,85.0,evoked_spikes_per_neuron_per_pulse,0.025,0.0,0.0,0.025,0.05
pC1_type:pC1_3b,95.0,peak_rate_hz,0.0,10.0,10.0,10.0,-10.0
pC1_type:pC1_3b,95.0,evoked_spikes_per_neuron_per_pulse,0.0,0.025,0.025,0.075,0.024999999999999994
pC1_type:pC1_3c,15.0,peak_rate_hz,6.666666666666667,6.666666666666667,6.666666666666667,6.666666666666667,0.0
pC1_type:pC1_3c,15.0,evoked_spikes_per_neuron_per_pulse,0.025,0.03333333333333333,0.016666666666666666,0.016666666666666666,-0.008333333333333331
pC1_type:pC1_3c,25.0,peak_rate_hz,10.0,6.666666666666667,6.666666666666667,6.666666666666667,3.333333333333333
pC1_type:pC1_3c,25.0,evoked_spikes_per_neuron_per_pulse,0.058333333333333334,0.025,0.08333333333333333,0.016666666666666666,-0.033333333333333326
pC1_type:pC1_3c,35.0,peak_rate_hz,6.666666666666667,6.666666666666667,6.666666666666667,10.0,3.333333333333333
pC1_type:pC1_3c,35.0,evoked_spikes_per_neuron_per_pulse,0.041666666666666664,0.03333333333333333,0.016666666666666666,0.058333333333333334,0.05
pC1_type:pC1_3c,45.0,peak_rate_hz,13.333333333333334,13.333333333333334,13.333333333333334,13.333333333333334,0.0
pC1_type:pC1_3c,45.0,evoked_spikes_per_neuron_per_pulse,0.05,0.08333333333333333,0.03333333333333333,0.05,-0.01666666666666665
pC1_type:pC1_3c,55.0,peak_rate_hz,16.666666666666668,13.333333333333334,13.333333333333334,13.333333333333334,3.333333333333334
pC1_type:pC1_3c,55.0,evoked_spikes_per_neuron_per_pulse,0.49166666666666664,0.39166666666666666,0.36666666666666664,0.4,0.13333333333333336
pC1_type:pC1_3c,65.0,peak_rate_hz,16.666666666666668,13.333333333333334,13.333333333333334,13.333333333333334,3.333333333333334
pC1_type:pC1_3c,65.0,evoked_spikes_per_neuron_per_pulse,0.625,0.6666666666666666,0.65,0.6416666666666667,-0.04999999999999993
pC1_type:pC1_3c,75.0,peak_rate_hz,13.333333333333334,13.333333333333334,20.0,13.333333333333334,-6.666666666666666
pC1_type:pC1_3c,75.0,evoked_spikes_per_neuron_per_pulse,0.65,0.6333333333333333,0.6166666666666667,0.6333333333333333,0.033333333333333326
pC1_type:pC1_3c,85.0,peak_rate_hz,20.0,20.0,16.666666666666668,20.0,3.333333333333332
pC1_type:pC1_3c,85.0,evoked_spikes_per_neuron_per_pulse,0.6416666666666667,0.7333333333333333,0.5416666666666666,0.575,-0.05833333333333324
pC1_type:pC1_3c,95.0,peak_rate_hz,20.0,20.0,20.0,20.0,0.0
pC1_type:pC1_3c,95.0,evoked_spikes_per_neuron_per_pulse,0.9333333333333333,0.825,0.8166666666666667,0.775,0.06666666666666676
pC1_type:pC1_4a,15.0,peak_rate_hz,25.0,30.0,28.333333333333336,20.0,-13.333333333333336
pC1_type:pC1_4a,15.0,evoked_spikes_per_neuron_per_pulse,0.225,0.22916666666666666,0.23333333333333334,0.17916666666666667,-0.05833333333333332
pC1_type:pC1_4a,25.0,peak_rate_hz,31.666666666666668,38.333333333333336,35.0,35.0,-6.666666666666668
pC1_type:pC1_4a,25.0,evoked_spikes_per_neuron_per_pulse,0.4875,0.5583333333333333,0.5416666666666666,0.6375,0.024999999999999967
pC1_type:pC1_4a,35.0,peak_rate_hz,16.666666666666668,21.666666666666668,20.0,26.666666666666668,1.6666666666666679
pC1_type:pC1_4a,35.0,evoked_spikes_per_neuron_per_pulse,0.42083333333333334,0.625,0.4166666666666667,0.7125,0.09166666666666667
pC1_type:pC1_4a,45.0,peak_rate_hz,20.0,26.666666666666668,23.333333333333336,25.0,-5.0000000000000036
pC1_type:pC1_4a,45.0,evoked_spikes_per_neuron_per_pulse,0.4708333333333333,0.6625,0.5541666666666667,0.7083333333333334,-0.03749999999999998
pC1_type:pC1_4a,55.0,peak_rate_hz,13.333333333333334,13.333333333333334,13.333333333333334,16.666666666666668,3.333333333333334
pC1_type:pC1_4a,55.0,evoked_spikes_per_neuron_per_pulse,0.4,0.44166666666666665,0.2791666666666667,0.42916666666666664,0.10833333333333334
pC1_type:pC1_4a,65.0,peak_rate_hz,13.333333333333334,16.666666666666668,13.333333333333334,20.0,3.333333333333332
pC1_type:pC1_4a,65.0,evoked_spikes_per_neuron_per_pulse,0.5541666666666667,0.625,0.6083333333333333,0.7416666666666667,0.06250000000000011
pC1_type:pC1_4a,75.0,peak_rate_hz,13.333333333333334,18.333333333333336,13.333333333333334,21.666666666666668,3.333333333333332
pC1_type:pC1_4a,75.0,evoked_spikes_per_neuron_per_pulse,0.5791666666666667,0.625,0.5875,0.8833333333333333,0.25
pC1_type:pC1_4a,85.0,peak_rate_hz,13.333333333333334,15.0,13.333333333333334,23.333333333333336,8.333333333333336
pC1_type:pC1_4a,85.0,evoked_spikes_per_neuron_per_pulse,0.49583333333333335,0.6041666666666666,0.5916666666666667,0.8833333333333333,0.18333333333333335
pC1_type:pC1_4a,95.0,peak_rate_hz,10.0,16.666666666666668,23.333333333333336,23.333333333333336,-6.666666666666668
pC1_type:pC1_4a,95.0,evoked_spikes_per_neuron_per_pulse,0.48333333333333334,0.6375,0.6416666666666667,0.9083333333333333,0.11249999999999999
pC1_type:pC1_4b,15.0,peak_rate_hz,50.0,45.0,55.0,40.0,-10.0
pC1_type:pC1_4b,15.0,evoked_spikes_per_neuron_per_pulse,0.5125,0.525,0.475,0.425,-0.0625
pC1_type:pC1_4b,25.0,peak_rate_hz,50.0,50.0,50.0,55.0,5.0
pC1_type:pC1_4b,25.0,evoked_spikes_per_neuron_per_pulse,0.8125,0.8375,0.9,0.95,0.02499999999999991
pC1_type:pC1_4b,35.0,peak_rate_hz,35.0,35.0,40.0,40.0,0.0
pC1_type:pC1_4b,35.0,evoked_spikes_per_neuron_per_pulse,1.0125,1.0,0.9875,1.0625,0.08749999999999991
pC1_type:pC1_4b,45.0,peak_rate_hz,35.0,40.0,35.0,40.0,0.0
pC1_type:pC1_4b,45.0,evoked_spikes_per_neuron_per_pulse,1.0125,1.025,1.0125,1.05,0.025000000000000133
pC1_type:pC1_4b,55.0,peak_rate_hz,20.0,20.0,20.0,25.0,5.0
pC1_type:pC1_4b,55.0,evoked_spikes_per_neuron_per_pulse,1.0,1.0,0.9125,1.025,0.11249999999999993
pC1_type:pC1_4b,65.0,peak_rate_hz,20.0,20.0,20.0,25.0,5.0
pC1_type:pC1_4b,65.0,evoked_spikes_per_neuron_per_pulse,1.0,1.0,1.0,1.0125,0.012499999999999956
pC1_type:pC1_4b,75.0,peak_rate_hz,20.0,25.0,30.0,20.0,-15.0
pC1_type:pC1_4b,75.0,evoked_spikes_per_neuron_per_pulse,1.0,1.0125,0.95,1.0,0.03750000000000009
pC1_type:pC1_4b,85.0,peak_rate_hz,20.0,25.0,20.0,20.0,-5.0
pC1_type:pC1_4b,85.0,evoked_spikes_per_neuron_per_pulse,0.975,0.9625,1.0,0.975,-0.012500000000000067
pC1_type:pC1_4b,95.0,peak_rate_hz,20.0,20.0,20.0,20.0,0.0
pC1_type:pC1_4b,95.0,evoked_spikes_per_neuron_per_pulse,1.0,1.0,1.0,1.0,0.0
pC1_type:pC1_5a,15.0,peak_rate_hz,5.0,5.0,5.0,5.0,0.0
pC1_type:pC1_5a,15.0,evoked_spikes_per_neuron_per_pulse,0.0125,0.0125,0.0125,0.0125,0.0
pC1_type:pC1_5a,25.0,peak_rate_hz,5.0,5.0,5.0,10.0,5.0
pC1_type:pC1_5a,25.0,evoked_spikes_per_neuron_per_pulse,0.0125,0.0125,0.0125,0.025,0.0125
pC1_type:pC1_5a,35.0,peak_rate_hz,5.0,5.0,10.0,5.0,-5.0
pC1_type:pC1_5a,35.0,evoked_spikes_per_neuron_per_pulse,0.05,0.075,0.05,0.05,-0.024999999999999994
pC1_type:pC1_5a,45.0,peak_rate_hz,5.0,10.0,5.0,5.0,-5.0
pC1_type:pC1_5a,45.0,evoked_spikes_per_neuron_per_pulse,0.0125,0.05,0.025,0.0375,-0.025000000000000005
pC1_type:pC1_5a,55.0,peak_rate_hz,5.0,5.0,25.0,5.0,-20.0
pC1_type:pC1_5a,55.0,evoked_spikes_per_neuron_per_pulse,0.05,0.0375,0.1125,0.025,-0.075
pC1_type:pC1_5a,65.0,peak_rate_hz,15.0,10.0,15.0,5.0,-5.0
pC1_type:pC1_5a,65.0,evoked_spikes_per_neuron_per_pulse,0.075,0.1,0.0875,0.025,-0.08750000000000001
pC1_type:pC1_5a,75.0,peak_rate_hz,5.0,5.0,5.0,5.0,0.0
pC1_type:pC1_5a,75.0,evoked_spikes_per_neuron_per_pulse,0.05,0.05,0.0125,0.0375,0.024999999999999998
pC1_type:pC1_5a,85.0,peak_rate_hz,5.0,5.0,5.0,5.0,0.0
pC1_type:pC1_5a,85.0,evoked_spikes_per_neuron_per_pulse,0.0125,0.025,0.0125,0.025,0.0
pC1_type:pC1_5a,95.0,peak_rate_hz,5.0,5.0,10.0,10.0,0.0
pC1_type:pC1_5a,95.0,evoked_spikes_per_neuron_per_pulse,0.05,0.0375,0.0375,0.025,6.938893903907228e-18
pC1_type:pC1_5b,15.0,peak_rate_hz,17.5,22.5,20.0,17.5,-7.5
pC1_type:pC1_5b,15.0,evoked_spikes_per_neuron_per_pulse,0.11875,0.1375,0.15,0.0875,-0.08125000000000002
pC1_type:pC1_5b,25.0,peak_rate_hz,30.0,27.5,30.0,32.5,5.0
pC1_type:pC1_5b,25.0,evoked_spikes_per_neuron_per_pulse,0.46875,0.4125,0.51875,0.56875,0.10624999999999996
pC1_type:pC1_5b,35.0,peak_rate_hz,22.5,22.5,22.5,22.5,0.0
pC1_type:pC1_5b,35.0,evoked_spikes_per_neuron_per_pulse,0.68125,0.68125,0.6,0.68125,0.08125000000000004
pC1_type:pC1_5b,45.0,peak_rate_hz,22.5,22.5,22.5,22.5,0.0
pC1_type:pC1_5b,45.0,evoked_spikes_per_neuron_per_pulse,0.71875,0.70625,0.725,0.75,0.03749999999999998
pC1_type:pC1_5b,55.0,peak_rate_hz,15.0,15.0,15.0,15.0,0.0
pC1_type:pC1_5b,55.0,evoked_spikes_per_neuron_per_pulse,0.75,0.74375,0.66875,0.75,0.08750000000000002
pC1_type:pC1_5b,65.0,peak_rate_hz,15.0,15.0,15.0,15.0,0.0
pC1_type:pC1_5b,65.0,evoked_spikes_per_neuron_per_pulse,0.75,0.75,0.75,0.75,0.0
pC1_type:pC1_5b,75.0,peak_rate_hz,15.0,15.0,15.0,15.0,0.0
pC1_type:pC1_5b,75.0,evoked_spikes_per_neuron_per_pulse,0.75,0.75,0.675,0.75,0.07499999999999996
pC1_type:pC1_5b,85.0,peak_rate_hz,15.0,15.0,15.0,15.0,0.0
pC1_type:pC1_5b,85.0,evoked_spikes_per_neuron_per_pulse,0.73125,0.7125,0.7375,0.73125,0.012499999999999845
pC1_type:pC1_5b,95.0,peak_rate_hz,15.0,15.0,15.0,15.0,0.0
pC1_type:pC1_5b,95.0,evoked_spikes_per_neuron_per_pulse,0.75,0.75,0.75,0.75,0.0
pC1_type:pC1_6a,15.0,peak_rate_hz,0.0,0.0,0.0,0.0,0.0
pC1_type:pC1_6a,15.0,evoked_spikes_per_neuron_per_pulse,0.0,0.0,0.0,0.0,0.0
pC1_type:pC1_6a,25.0,peak_rate_hz,0.0,0.0,0.0,0.0,0.0
pC1_type:pC1_6a,25.0,evoked_spikes_per_neuron_per_pulse,0.0,0.0,0.0,0.0,0.0
pC1_type:pC1_6a,35.0,peak_rate_hz,0.0,0.0,0.0,0.0,0.0
pC1_type:pC1_6a,35.0,evoked_spikes_per_neuron_per_pulse,0.0,0.0,0.0,0.0,0.0
pC1_type:pC1_6a,45.0,peak_rate_hz,0.0,0.0,0.0,0.0,0.0
pC1_type:pC1_6a,45.0,evoked_spikes_per_neuron_per_pulse,0.0,0.0,0.0,0.0,0.0
pC1_type:pC1_6a,55.0,peak_rate_hz,0.0,0.0,5.0,0.0,-5.0
pC1_type:pC1_6a,55.0,evoked_spikes_per_neuron_per_pulse,0.0,0.0,0.0125,0.0,-0.0125
pC1_type:pC1_6a,65.0,peak_rate_hz,0.0,0.0,0.0,0.0,0.0
pC1_type:pC1_6a,65.0,evoked_spikes_per_neuron_per_pulse,0.0,0.0,0.0,0.0,0.0
pC1_type:pC1_6a,75.0,peak_rate_hz,0.0,0.0,0.0,0.0,0.0
pC1_type:pC1_6a,75.0,evoked_spikes_per_neuron_per_pulse,0.0,0.0,0.0,0.0,0.0
pC1_type:pC1_6a,85.0,peak_rate_hz,0.0,0.0,0.0,0.0,0.0
pC1_type:pC1_6a,85.0,evoked_spikes_per_neuron_per_pulse,0.0,0.0,0.0,0.0,0.0
pC1_type:pC1_6a,95.0,peak_rate_hz,0.0,0.0,0.0,0.0,0.0
pC1_type:pC1_6a,95.0,evoked_spikes_per_neuron_per_pulse,0.0,0.0,0.0,0.0,0.0
pC1_type:pC1_6b,15.0,peak_rate_hz,0.0,5.0,5.0,5.0,-5.0
pC1_type:pC1_6b,15.0,evoked_spikes_per_neuron_per_pulse,0.0,0.025,0.0125,0.0125,-0.025
pC1_type:pC1_6b,25.0,peak_rate_hz,0.0,0.0,5.0,0.0,-5.0
pC1_type:pC1_6b,25.0,evoked_spikes_per_neuron_per_pulse,0.0,0.0,0.025,0.0,-0.025
pC1_type:pC1_6b,35.0,peak_rate_hz,0.0,0.0,0.0,0.0,0.0
pC1_type:pC1_6b,35.0,evoked_spikes_per_neuron_per_pulse,0.0,0.0,0.0,0.0,0.0
pC1_type:pC1_6b,45.0,peak_rate_hz,0.0,0.0,0.0,5.0,5.0
pC1_type:pC1_6b,45.0,evoked_spikes_per_neuron_per_pulse,0.0,0.0,0.0,0.0125,0.0125
pC1_type:pC1_6b,55.0,peak_rate_hz,0.0,0.0,0.0,0.0,0.0
pC1_type:pC1_6b,55.0,evoked_spikes_per_neuron_per_pulse,0.0,0.0,0.0,0.0,0.0
pC1_type:pC1_6b,65.0,peak_rate_hz,0.0,0.0,5.0,0.0,-5.0
pC1_type:pC1_6b,65.0,evoked_spikes_per_neuron_per_pulse,0.0,0.0,0.0125,0.0,-0.0125
pC1_type:pC1_6b,75.0,peak_rate_hz,0.0,0.0,0.0,0.0,0.0
pC1_type:pC1_6b,75.0,evoked_spikes_per_neuron_per_pulse,0.0,0.0,0.0,0.0,0.0
pC1_type:pC1_6b,85.0,peak_rate_hz,0.0,0.0,0.0,0.0,0.0
pC1_type:pC1_6b,85.0,evoked_spikes_per_neuron_per_pulse,0.0,0.0,0.0,0.0,0.0
pC1_type:pC1_6b,95.0,peak_rate_hz,0.0,0.0,0.0,5.0,5.0
pC1_type:pC1_6b,95.0,evoked_spikes_per_neuron_per_pulse,0.0,0.0,0.0,0.0125,0.0125
pC1_type:pC1_7a,15.0,peak_rate_hz,52.5,55.0,52.5,57.5,2.5
pC1_type:pC1_7a,15.0,evoked_spikes_per_neuron_per_pulse,0.525,0.59375,0.51875,0.6,0.012499999999999956
pC1_type:pC1_7a,25.0,peak_rate_hz,37.5,35.0,37.5,40.0,5.0
pC1_type:pC1_7a,25.0,evoked_spikes_per_neuron_per_pulse,0.6,0.44375,0.675,0.65,0.13124999999999998
pC1_type:pC1_7a,35.0,peak_rate_hz,27.5,35.0,27.5,25.0,-10.0
pC1_type:pC1_7a,35.0,evoked_spikes_per_neuron_per_pulse,0.76875,0.76875,0.64375,0.63125,-0.012500000000000067
pC1_type:pC1_7a,45.0,peak_rate_hz,30.0,27.5,30.0,30.0,2.5
pC1_type:pC1_7a,45.0,evoked_spikes_per_neuron_per_pulse,0.85,0.75,0.75,0.8875,0.23749999999999993
pC1_type:pC1_7a,55.0,peak_rate_hz,20.0,20.0,20.0,20.0,0.0
pC1_type:pC1_7a,55.0,evoked_spikes_per_neuron_per_pulse,0.95,0.95,0.8375,0.925,0.08750000000000002
pC1_type:pC1_7a,65.0,peak_rate_hz,20.0,20.0,20.0,20.0,0.0
pC1_type:pC1_7a,65.0,evoked_spikes_per_neuron_per_pulse,0.99375,0.98125,0.9875,0.95625,-0.018749999999999933
pC1_type:pC1_7a,75.0,peak_rate_hz,20.0,20.0,20.0,20.0,0.0
pC1_type:pC1_7a,75.0,evoked_spikes_per_neuron_per_pulse,0.99375,0.9875,0.86875,0.99375,0.13124999999999998
pC1_type:pC1_7a,85.0,peak_rate_hz,20.0,20.0,20.0,20.0,0.0
pC1_type:pC1_7a,85.0,evoked_spikes_per_neuron_per_pulse,0.96875,0.9,0.86875,0.89375,0.09375
pC1_type:pC1_7a,95.0,peak_rate_hz,20.0,20.0,20.0,20.0,0.0
pC1_type:pC1_7a,95.0,evoked_spikes_per_neuron_per_pulse,0.98125,0.94375,0.91875,0.88125,0.0
pC1_type:pC1_7b,15.0,peak_rate_hz,37.5,50.0,40.0,50.0,-2.5
pC1_type:pC1_7b,15.0,evoked_spikes_per_neuron_per_pulse,0.44375,0.46875,0.4125,0.50625,0.06874999999999998
pC1_type:pC1_7b,25.0,peak_rate_hz,32.5,30.0,32.5,35.0,5.0
pC1_type:pC1_7b,25.0,evoked_spikes_per_neuron_per_pulse,0.49375,0.325,0.59375,0.5375,0.11249999999999999
pC1_type:pC1_7b,35.0,peak_rate_hz,30.0,32.5,30.0,30.0,-2.5
pC1_type:pC1_7b,35.0,evoked_spikes_per_neuron_per_pulse,0.9,0.8375,0.76875,0.80625,0.09999999999999998
pC1_type:pC1_7b,45.0,peak_rate_hz,30.0,30.0,30.0,30.0,0.0
pC1_type:pC1_7b,45.0,evoked_spikes_per_neuron_per_pulse,0.9625,0.88125,0.88125,1.0,0.20000000000000007
pC1_type:pC1_7b,55.0,peak_rate_hz,20.0,20.0,22.5,20.0,-2.5
pC1_type:pC1_7b,55.0,evoked_spikes_per_neuron_per_pulse,1.0,0.9875,0.90625,0.9875,0.09375
pC1_type:pC1_7b,65.0,peak_rate_hz,20.0,22.5,20.0,20.0,-2.5
pC1_type:pC1_7b,65.0,evoked_spikes_per_neuron_per_pulse,1.0,1.00625,1.0,1.0,-0.006250000000000089
pC1_type:pC1_7b,75.0,peak_rate_hz,20.0,22.5,20.0,20.0,-2.5
pC1_type:pC1_7b,75.0,evoked_spikes_per_neuron_per_pulse,1.0,1.00625,0.875,1.0,0.11874999999999991
pC1_type:pC1_7b,85.0,peak_rate_hz,20.0,20.0,20.0,20.0,0.0
pC1_type:pC1_7b,85.0,evoked_spikes_per_neuron_per_pulse,0.975,0.91875,0.88125,0.9125,0.08750000000000002
pC1_type:pC1_7b,95.0,peak_rate_hz,20.0,20.0,22.5,20.0,-2.5
pC1_type:pC1_7b,95.0,evoked_spikes_per_neuron_per_pulse,1.0,0.95625,0.93125,0.85625,-0.03125
pC1_type:pC1_8a,15.0,peak_rate_hz,15.0,15.0,20.0,25.0,5.0
pC1_type:pC1_8a,15.0,evoked_spikes_per_neuron_per_pulse,0.0375,0.0625,0.05,0.0625,-0.012500000000000004
pC1_type:pC1_8a,25.0,peak_rate_hz,15.0,10.0,15.0,15.0,5.0
pC1_type:pC1_8a,25.0,evoked_spikes_per_neuron_per_pulse,0.1375,0.075,0.075,0.0875,0.07500000000000001
pC1_type:pC1_8a,35.0,peak_rate_hz,30.0,30.0,30.0,30.0,0.0
pC1_type:pC1_8a,35.0,evoked_spikes_per_neuron_per_pulse,0.6375,0.6375,0.5875,0.575,-0.012500000000000067
pC1_type:pC1_8a,45.0,peak_rate_hz,30.0,30.0,30.0,30.0,0.0
pC1_type:pC1_8a,45.0,evoked_spikes_per_neuron_per_pulse,0.975,0.8625,0.8625,1.0,0.2499999999999999
pC1_type:pC1_8a,55.0,peak_rate_hz,20.0,20.0,20.0,20.0,0.0
pC1_type:pC1_8a,55.0,evoked_spikes_per_neuron_per_pulse,1.0,1.0,0.9,0.9875,0.08750000000000002
pC1_type:pC1_8a,65.0,peak_rate_hz,20.0,20.0,20.0,20.0,0.0
pC1_type:pC1_8a,65.0,evoked_spikes_per_neuron_per_pulse,1.0,1.0,1.0,1.0,0.0
pC1_type:pC1_8a,75.0,peak_rate_hz,20.0,20.0,20.0,20.0,0.0
pC1_type:pC1_8a,75.0,evoked_spikes_per_neuron_per_pulse,1.0,1.0,0.8875,1.0,0.11250000000000004
pC1_type:pC1_8a,85.0,peak_rate_hz,20.0,20.0,20.0,20.0,0.0
pC1_type:pC1_8a,85.0,evoked_spikes_per_neuron_per_pulse,0.975,0.95,0.9625,0.9625,0.025000000000000022
pC1_type:pC1_8a,95.0,peak_rate_hz,20.0,20.0,20.0,20.0,0.0
pC1_type:pC1_8a,95.0,evoked_spikes_per_neuron_per_pulse,1.0,1.0,0.9625,0.975,0.012499999999999956
pC1_type:pC1_8b,15.0,peak_rate_hz,35.0,35.0,40.0,45.0,5.0
pC1_type:pC1_8b,15.0,evoked_spikes_per_neuron_per_pulse,0.35,0.375,0.35,0.5125,0.13749999999999996
pC1_type:pC1_8b,25.0,peak_rate_hz,30.0,25.0,30.0,35.0,10.0
pC1_type:pC1_8b,25.0,evoked_spikes_per_neuron_per_pulse,0.475,0.3,0.4,0.5,0.27499999999999997
pC1_type:pC1_8b,35.0,peak_rate_hz,30.0,35.0,30.0,30.0,-5.0
pC1_type:pC1_8b,35.0,evoked_spikes_per_neuron_per_pulse,0.8625,0.8,0.65,0.7,0.11249999999999993
pC1_type:pC1_8b,45.0,peak_rate_hz,30.0,30.0,30.0,30.0,0.0
pC1_type:pC1_8b,45.0,evoked_spikes_per_neuron_per_pulse,0.975,0.7375,0.8125,1.0,0.42499999999999993
pC1_type:pC1_8b,55.0,peak_rate_hz,20.0,20.0,90.0,20.0,-70.0
pC1_type:pC1_8b,55.0,evoked_spikes_per_neuron_per_pulse,1.0,1.0,1.2125,0.9875,-0.22499999999999987
pC1_type:pC1_8b,65.0,peak_rate_hz,20.0,20.0,20.0,20.0,0.0
pC1_type:pC1_8b,65.0,evoked_spikes_per_neuron_per_pulse,1.0,1.0,1.0,0.975,-0.02499999999999991
pC1_type:pC1_8b,75.0,peak_rate_hz,20.0,20.0,20.0,20.0,0.0
pC1_type:pC1_8b,75.0,evoked_spikes_per_neuron_per_pulse,1.0,1.0,0.875,0.9875,0.11250000000000004
pC1_type:pC1_8b,85.0,peak_rate_hz,20.0,20.0,20.0,20.0,0.0
pC1_type:pC1_8b,85.0,evoked_spikes_per_neuron_per_pulse,0.975,0.9375,0.9125,0.925,0.050000000000000044
pC1_type:pC1_8b,95.0,peak_rate_hz,20.0,20.0,20.0,20.0,0.0
pC1_type:pC1_8b,95.0,evoked_spikes_per_neuron_per_pulse,1.0,0.9625,0.9375,0.925,0.025000000000000022
pC1_type:pC1_8c,15.0,peak_rate_hz,5.0,5.0,5.0,10.0,5.0
pC1_type:pC1_8c,15.0,evoked_spikes_per_neuron_per_pulse,0.0125,0.0125,0.0125,0.025,0.0125
pC1_type:pC1_8c,25.0,peak_rate_hz,5.0,5.0,5.0,5.0,0.0
pC1_type:pC1_8c,25.0,evoked_spikes_per_neuron_per_pulse,0.0125,0.0125,0.0125,0.0125,0.0
pC1_type:pC1_8c,35.0,peak_rate_hz,20.0,25.0,15.0,10.0,-10.0
pC1_type:pC1_8c,35.0,evoked_spikes_per_neuron_per_pulse,0.2875,0.2375,0.1625,0.1375,0.025000000000000022
pC1_type:pC1_8c,45.0,peak_rate_hz,25.0,30.0,25.0,30.0,0.0
pC1_type:pC1_8c,45.0,evoked_spikes_per_neuron_per_pulse,0.475,0.475,0.475,0.575,0.09999999999999998
pC1_type:pC1_8c,55.0,peak_rate_hz,20.0,20.0,20.0,20.0,0.0
pC1_type:pC1_8c,55.0,evoked_spikes_per_neuron_per_pulse,0.9375,0.9125,0.875,0.9125,0.0625
pC1_type:pC1_8c,65.0,peak_rate_hz,20.0,20.0,20.0,20.0,0.0
pC1_type:pC1_8c,65.0,evoked_spikes_per_neuron_per_pulse,0.9375,0.9625,0.9,0.85,-0.07500000000000018
pC1_type:pC1_8c,75.0,peak_rate_hz,20.0,20.0,20.0,20.0,0.0
pC1_type:pC1_8c,75.0,evoked_spikes_per_neuron_per_pulse,0.7125,0.725,0.5375,0.65,0.10000000000000009
pC1_type:pC1_8c,85.0,peak_rate_hz,20.0,20.0,20.0,20.0,0.0
pC1_type:pC1_8c,85.0,evoked_spikes_per_neuron_per_pulse,0.7375,0.675,0.575,0.575,0.0625
pC1_type:pC1_8c,95.0,peak_rate_hz,20.0,20.0,20.0,20.0,0.0
pC1_type:pC1_8c,95.0,evoked_spikes_per_neuron_per_pulse,0.725,0.675,0.625,0.6125,0.03749999999999998
pC1_type:pC1_9b,15.0,peak_rate_hz,0.0,0.0,0.0,0.0,0.0
pC1_type:pC1_9b,15.0,evoked_spikes_per_neuron_per_pulse,0.0,0.0,0.0,0.0,0.0
pC1_type:pC1_9b,25.0,peak_rate_hz,0.0,10.0,0.0,0.0,-10.0
pC1_type:pC1_9b,25.0,evoked_spikes_per_neuron_per_pulse,0.0,0.025,0.0,0.0,-0.025
pC1_type:pC1_9b,35.0,peak_rate_hz,0.0,0.0,0.0,0.0,0.0
pC1_type:pC1_9b,35.0,evoked_spikes_per_neuron_per_pulse,0.0,0.0,0.0,0.0,0.0
pC1_type:pC1_9b,45.0,peak_rate_hz,0.0,0.0,0.0,0.0,0.0
pC1_type:pC1_9b,45.0,evoked_spikes_per_neuron_per_pulse,0.0,0.0,0.0,0.0,0.0
pC1_type:pC1_9b,55.0,peak_rate_hz,0.0,0.0,0.0,0.0,0.0
pC1_type:pC1_9b,55.0,evoked_spikes_per_neuron_per_pulse,0.0,0.0,0.0,0.0,0.0
pC1_type:pC1_9b,65.0,peak_rate_hz,0.0,0.0,0.0,0.0,0.0
pC1_type:pC1_9b,65.0,evoked_spikes_per_neuron_per_pulse,0.0,0.0,0.0,0.0,0.0
pC1_type:pC1_9b,75.0,peak_rate_hz,0.0,0.0,0.0,0.0,0.0
pC1_type:pC1_9b,75.0,evoked_spikes_per_neuron_per_pulse,0.0,0.0,0.0,0.0,0.0
pC1_type:pC1_9b,85.0,peak_rate_hz,0.0,0.0,0.0,0.0,0.0
pC1_type:pC1_9b,85.0,evoked_spikes_per_neuron_per_pulse,0.0,0.0,0.0,0.0,0.0
pC1_type:pC1_9b,95.0,peak_rate_hz,0.0,0.0,0.0,0.0,0.0
pC1_type:pC1_9b,95.0,evoked_spikes_per_neuron_per_pulse,0.0,0.0,0.0,0.0,0.0
pC1_type:pC1x_c,15.0,peak_rate_hz,50.0,20.0,20.0,20.0,30.0
pC1_type:pC1x_c,15.0,evoked_spikes_per_neuron_per_pulse,0.25,0.05,0.075,0.05,0.175
pC1_type:pC1x_c,25.0,peak_rate_hz,55.0,55.0,20.0,35.0,15.0
pC1_type:pC1x_c,25.0,evoked_spikes_per_neuron_per_pulse,0.2,0.3,0.0625,0.15,-0.012499999999999983
pC1_type:pC1x_c,35.0,peak_rate_hz,60.0,70.0,75.0,65.0,-20.0
pC1_type:pC1x_c,35.0,evoked_spikes_per_neuron_per_pulse,1.4375,1.2,1.2875,0.9625,-0.08749999999999991
pC1_type:pC1x_c,45.0,peak_rate_hz,60.0,65.0,65.0,60.0,-10.0
pC1_type:pC1x_c,45.0,evoked_spikes_per_neuron_per_pulse,1.35,1.2875,1.3125,1.35,0.10000000000000009
pC1_type:pC1x_c,55.0,peak_rate_hz,35.0,35.0,45.0,30.0,-15.0
pC1_type:pC1x_c,55.0,evoked_spikes_per_neuron_per_pulse,1.2875,1.175,1.2125,1.1125,0.012500000000000178
pC1_type:pC1x_c,65.0,peak_rate_hz,45.0,40.0,35.0,45.0,15.0
pC1_type:pC1x_c,65.0,evoked_spikes_per_neuron_per_pulse,1.425,1.2,1.175,1.2,0.25
pC1_type:pC1x_c,75.0,peak_rate_hz,30.0,45.0,30.0,35.0,-10.0
pC1_type:pC1x_c,75.0,evoked_spikes_per_neuron_per_pulse,1.1875,1.1875,0.95,1.1125,0.1625000000000001
pC1_type:pC1x_c,85.0,peak_rate_hz,45.0,30.0,40.0,30.0,5.0
pC1_type:pC1x_c,85.0,evoked_spikes_per_neuron_per_pulse,1.2375,0.9625,1.0,1.0,0.275
pC1_type:pC1x_c,95.0,peak_rate_hz,30.0,30.0,30.0,30.0,0.0
pC1_type:pC1x_c,95.0,evoked_spikes_per_neuron_per_pulse,1.075,1.025,1.025,0.9375,-0.03749999999999987
pC1_type:pC1x_d,15.0,peak_rate_hz,25.0,40.0,30.0,25.0,-20.0
pC1_type:pC1x_d,15.0,evoked_spikes_per_neuron_per_pulse,0.1875,0.225,0.15,0.0875,-0.09999999999999998
pC1_type:pC1x_d,25.0,peak_rate_hz,50.0,30.0,70.0,60.0,10.0
pC1_type:pC1x_d,25.0,evoked_spikes_per_neuron_per_pulse,0.6,0.3625,0.825,0.775,0.18750000000000006
pC1_type:pC1x_d,35.0,peak_rate_hz,40.0,40.0,40.0,45.0,5.0
pC1_type:pC1x_d,35.0,evoked_spikes_per_neuron_per_pulse,0.975,0.9125,0.7375,0.9125,0.23749999999999993
pC1_type:pC1x_d,45.0,peak_rate_hz,45.0,35.0,50.0,60.0,20.0
pC1_type:pC1x_d,45.0,evoked_spikes_per_neuron_per_pulse,1.0875,0.875,0.975,1.3625,0.6
pC1_type:pC1x_d,55.0,peak_rate_hz,50.0,35.0,40.0,40.0,15.0
pC1_type:pC1x_d,55.0,evoked_spikes_per_neuron_per_pulse,1.4625,1.15,1.1125,1.0875,0.28749999999999987
pC1_type:pC1x_d,65.0,peak_rate_hz,60.0,40.0,40.0,40.0,20.0
pC1_type:pC1x_d,65.0,evoked_spikes_per_neuron_per_pulse,1.4625,1.5,1.275,1.3,-0.012499999999999956
pC1_type:pC1x_d,75.0,peak_rate_hz,50.0,50.0,50.0,50.0,0.0
pC1_type:pC1x_d,75.0,evoked_spikes_per_neuron_per_pulse,1.6125,1.4,1.15,1.4125,0.4750000000000003
pC1_type:pC1x_d,85.0,peak_rate_hz,40.0,40.0,40.0,40.0,0.0
pC1_type:pC1x_d,85.0,evoked_spikes_per_neuron_per_pulse,1.325,1.15,1.1375,1.3,0.33750000000000013
pC1_type:pC1x_d,95.0,peak_rate_hz,45.0,35.0,50.0,40.0,0.0
pC1_type:pC1x_d,95.0,evoked_spikes_per_neuron_per_pulse,1.175,1.1875,1.1625,1.1875,0.012499999999999956
pIP10,15.0,peak_rate_hz,45.0,65.0,50.0,70.0,0.0
pIP10,15.0,evoked_spikes_per_neuron_per_pulse,0.45,0.575,0.4125,0.625,0.08750000000000008
pIP10,25.0,peak_rate_hz,65.0,60.0,65.0,60.0,0.0
pIP10,25.0,evoked_spikes_per_neuron_per_pulse,0.775,0.5625,1.125,0.9625,0.050000000000000044
pIP10,35.0,peak_rate_hz,55.0,70.0,70.0,60.0,-25.0
pIP10,35.0,evoked_spikes_per_neuron_per_pulse,1.3625,1.1875,1.0125,1.2,0.36250000000000004
pIP10,45.0,peak_rate_hz,65.0,70.0,60.0,70.0,5.0
pIP10,45.0,evoked_spikes_per_neuron_per_pulse,1.5125,1.45,1.375,1.675,0.36250000000000004
pIP10,55.0,peak_rate_hz,40.0,40.0,30.0,35.0,5.0
pIP10,55.0,evoked_spikes_per_neuron_per_pulse,1.1875,1.1625,1.0,1.1,0.125
pIP10,65.0,peak_rate_hz,30.0,50.0,35.0,30.0,-25.0
pIP10,65.0,evoked_spikes_per_neuron_per_pulse,1.0375,1.1,1.075,1.0625,-0.07499999999999996
pIP10,75.0,peak_rate_hz,30.0,25.0,35.0,50.0,20.0
pIP10,75.0,evoked_spikes_per_neuron_per_pulse,1.05,1.05,0.9375,1.1875,0.25
pIP10,85.0,peak_rate_hz,35.0,30.0,25.0,30.0,10.0
pIP10,85.0,evoked_spikes_per_neuron_per_pulse,1.2625,1.0875,0.9125,1.025,0.2875
pIP10,95.0,peak_rate_hz,30.0,30.0,65.0,30.0,-35.0
pIP10,95.0,evoked_spikes_per_neuron_per_pulse,1.0625,1.075,1.125,0.9875,-0.1499999999999999
pMP2,15.0,peak_rate_hz,20.0,20.0,15.0,15.0,0.0
pMP2,15.0,evoked_spikes_per_neuron_per_pulse,0.05,0.05,0.0375,0.0375,0.0
pMP2,25.0,peak_rate_hz,20.0,20.0,15.0,15.0,0.0
pMP2,25.0,evoked_spikes_per_neuron_per_pulse,0.05,0.05,0.05,0.0375,-0.012499999999999997
pMP2,35.0,peak_rate_hz,20.0,20.0,15.0,25.0,10.0
pMP2,35.0,evoked_spikes_per_neuron_per_pulse,0.1125,0.1,0.075,0.125,0.0625
pMP2,45.0,peak_rate_hz,30.0,20.0,25.0,35.0,20.0
pMP2,45.0,evoked_spikes_per_neuron_per_pulse,0.1375,0.175,0.1625,0.25,0.05000000000000002
pMP2,55.0,peak_rate_hz,30.0,30.0,30.0,25.0,-5.0
pMP2,55.0,evoked_spikes_per_neuron_per_pulse,0.6375,0.6875,0.6,0.7375,0.08750000000000002
pMP2,65.0,peak_rate_hz,30.0,30.0,25.0,25.0,0.0
pMP2,65.0,evoked_spikes_per_neuron_per_pulse,0.7125,0.775,0.5,0.425,-0.13750000000000007
pMP2,75.0,peak_rate_hz,30.0,25.0,25.0,25.0,5.0
pMP2,75.0,evoked_spikes_per_neuron_per_pulse,0.7875,0.775,0.425,0.5375,0.12499999999999989
pMP2,85.0,peak_rate_hz,30.0,35.0,20.0,20.0,-5.0
pMP2,85.0,evoked_spikes_per_neuron_per_pulse,0.6625,0.625,0.4125,0.425,0.04999999999999993
pMP2,95.0,peak_rate_hz,35.0,30.0,25.0,25.0,5.0
pMP2,95.0,evoked_spikes_per_neuron_per_pulse,0.8375,0.7625,0.4875,0.3625,-0.04999999999999993
vPN1,15.0,peak_rate_hz,10.0,10.0,9.09090909090909,9.09090909090909,0.0
vPN1,15.0,evoked_spikes_per_neuron_per_pulse,0.056818181818181816,0.07727272727272727,0.08636363636363636,0.08636363636363636,-0.020454545454545454
vPN1,25.0,peak_rate_hz,12.727272727272727,15.454545454545453,8.181818181818182,8.181818181818182,-2.7272727272727266
vPN1,25.0,evoked_spikes_per_neuron_per_pulse,0.1409090909090909,0.09090909090909091,0.06363636363636363,0.08181818181818182,0.06818181818181818
vPN1,35.0,peak_rate_hz,20.0,20.0,20.0,20.909090909090907,0.9090909090909065
vPN1,35.0,evoked_spikes_per_neuron_per_pulse,0.5045454545454545,0.48863636363636365,0.4431818181818182,0.49772727272727274,0.07045454545454544
vPN1,45.0,peak_rate_hz,21.818181818181817,21.818181818181817,21.818181818181817,19.09090909090909,-2.7272727272727266
vPN1,45.0,evoked_spikes_per_neuron_per_pulse,0.5795454545454546,0.5977272727272728,0.5840909090909091,0.5863636363636363,-0.015909090909090984
vPN1,55.0,peak_rate_hz,12.727272727272727,12.727272727272727,12.727272727272727,12.727272727272727,0.0
vPN1,55.0,evoked_spikes_per_neuron_per_pulse,0.5363636363636364,0.5522727272727272,0.4954545454545455,0.5522727272727272,0.040909090909090895
vPN1,65.0,peak_rate_hz,12.727272727272727,12.727272727272727,12.727272727272727,12.727272727272727,0.0
vPN1,65.0,evoked_spikes_per_neuron_per_pulse,0.5545454545454546,0.5568181818181818,0.55,0.5340909090909091,-0.018181818181818188
vPN1,75.0,peak_rate_hz,12.727272727272727,12.727272727272727,12.727272727272727,12.727272727272727,0.0
vPN1,75.0,evoked_spikes_per_neuron_per_pulse,0.5545454545454546,0.55,0.48409090909090907,0.5477272727272727,0.06818181818181818
vPN1,85.0,peak_rate_hz,12.727272727272727,12.727272727272727,12.727272727272727,12.727272727272727,0.0
vPN1,85.0,evoked_spikes_per_neuron_per_pulse,0.5272727272727272,0.5295454545454545,0.5409090909090909,0.5159090909090909,-0.027272727272727337
vPN1,95.0,peak_rate_hz,12.727272727272727,12.727272727272727,14.545454545454545,14.545454545454545,0.0
vPN1,95.0,evoked_spikes_per_neuron_per_pulse,0.5681818181818182,0.5477272727272727,0.5295454545454545,0.5295454545454545,0.020454545454545503
