neuron_index,bodyId,type,fruDsx,group
2835,25108,JO-A2,,auditory_input
3123,29561,JO-A2,,auditory_input
3322,35351,JO-A1,,auditory_input
3526,42619,JO-B1_a,,auditory_input
3579,46071,JO-A2,,auditory_input
3675,54078,JO-A2,,auditory_input
3688,56087,JO-B1_c,,auditory_input
3858,79498,JO-B1_c,,auditory_input
3861,79679,JO-B1_a,,auditory_input
3863,79855,JO-B3,,auditory_input
3869,80565,JO-A1,,auditory_input
3883,82361,JO-B1_a,,auditory_input
3939,91617,JO-B4_a,,auditory_input
3965,97027,JO-B1_c,,auditory_input
4007,106702,JO-B1_a,,auditory_input
4021,111277,JO-B3,,auditory_input
4023,112105,JO-B3,,auditory_input
4034,114598,JO-B4_b,,auditory_input
4042,117756,JO-B1_c,,auditory_input
4052,121617,JO-B1_c,,auditory_input
4058,123650,JO-B3,,auditory_input
4065,126498,JO-A1,,auditory_input
4072,129290,JO-B4_a,,auditory_input
4093,141560,JO-B3,,auditory_input
4096,144112,JO-B4_a,,auditory_input
4106,149854,JO-B2,,auditory_input
4107,149913,JO-B4_b,,auditory_input
4109,150421,JO-B1_b,,auditory_input
4117,153859,JO-B1_b,,auditory_input
4128,158576,JO-B1_b,,auditory_input
4139,168652,JO-B2,,auditory_input
4164,190894,JO-B4_b,,auditory_input
4167,195446,JO-B2,,auditory_input
4175,205974,JO-B1_b,,auditory_input
4177,207663,JO-B4_b,,auditory_input
4181,210416,JO-B1_c,,auditory_input
4182,213985,JO-B1_a,,auditory_input
4200,232880,JO-A1,,auditory_input
4201,233170,JO-B3,,auditory_input
4204,241016,JO-B3,,auditory_input
4209,248488,JO-B2,,auditory_input
4213,258426,JO-B2,,auditory_input
4217,274169,JO-B1_b,,auditory_input
4220,283806,JO-B4_b,,auditory_input
4224,308087,JO-A1,,auditory_input
4229,381870,JO-B1_b,,auditory_input
4231,387990,JO-A1,,auditory_input
4233,397749,JO-B4_b,,auditory_input
4234,398883,JO-A1,,auditory_input
4235,403791,JO-B1_c,,auditory_input
4238,427762,JO-A2,,auditory_input
4244,478230,JO-B1_c,,auditory_input
4245,491190,JO-A2,,auditory_input
4326,512975,JO-A3,,auditory_input
4522,516499,JO-B4_b,,auditory_input
4641,519458,JO-B1_a,,auditory_input
4666,519875,JO-B1_a,,auditory_input
4710,520189,JO-A3,,auditory_input
4746,520657,JO-B4_b,,auditory_input
4810,521628,JO-A2,,auditory_input
4843,522305,JO-B1_a,,auditory_input
4844,522306,JO-B1_a,,auditory_input
5051,526066,JO-B2,,auditory_input
5215,534437,JO-B1_b,,auditory_input
5223,535965,JO-B2,,auditory_input
5230,536998,JO-B1_c,,auditory_input
5250,547920,JO-B1_a,,auditory_input
5251,549014,JO-B2,,auditory_input
5253,552035,JO-A2,,auditory_input
5313,559386,JO-B1_c,,auditory_input
5327,565953,JO-B3,,auditory_input
6210,919061,JO-A2,,auditory_input
6213,920914,JO-B4_b,,auditory_input
6215,922950,JO-B1_a,,auditory_input
6222,928361,JO-B1_a,,auditory_input
6225,928855,JO-A2,,auditory_input
6226,928916,JO-B3,,auditory_input
6231,930760,JO-A2,,auditory_input
6235,932780,JO-B1_a,,auditory_input
6240,934247,JO-A1,,auditory_input
6252,943463,JO-B1_b,,auditory_input
6253,944907,JO-B2,,auditory_input
6256,957696,JO-B1_a,,auditory_input
6257,130272750,JO-A2,,auditory_input
6258,137801097,JO-B3,,auditory_input
6263,367193015,JO-A4,,auditory_input
6264,369423058,JO-A4,,auditory_input
6267,469098413,JO-A4,,auditory_input
6268,610917351,JO-B4_b,,auditory_input
6271,727132040,JO-B4_b,,auditory_input
6273,750369552,JO-B3,,auditory_input
6274,846271510,JO-A2,,auditory_input
6275,974267957,JO-B4_b,,auditory_input
65,10153,SAD051_b,fru_high,aPN1
336,10784,SAD051_b,fru_high,aPN1
516,11275,CB1078,fru_high,aPN1
518,11285,CB1078,fru_high,aPN1
526,11301,SAD051_b,fru_high,aPN1
784,12040,SAD051_a,fru_high,aPN1
791,12066,SAD051_a,fru_high,aPN1
819,12150,CB1542,fru_high,aPN1
855,12246,SAD051_b,fru_high,aPN1
878,12329,CB1078,fru_high,aPN1
1024,12820,SAD051_b,fru_high,aPN1
1213,13522,SAD051_b,fru_high,aPN1
1216,13546,SAD051_a,fru_high,aPN1
1755,16231,CB1078,fru_high,aPN1
4842,522302,SAD051_a,fru_high,aPN1
1281,13790,AVLP761m,fru_high,vPN1
1851,16805,AVLP761m,fru_high,vPN1
1937,17337,AVLP761m,fru_high,vPN1
1994,17618,AVLP761m,fru_high,vPN1
2227,19236,AVLP762m,fru_high,vPN1
2271,19600,AVLP763m,fru_high,vPN1
2302,19818,AVLP762m,fru_high,vPN1
2512,21586,AVLP762m,fru_high,vPN1
4976,524297,AVLP763m,fru_high,vPN1
5105,529875,AVLP762m,fru_high,vPN1
5277,555811,AVLP762m,fru_high,vPN1
277,10666,pC1x_c,dsx_high,pC1
860,12257,pC1x_c,dsx_high,pC1
913,12442,pC1_4a,dsx_high,pC1
916,12448,pC1_18a,dsx_low,pC1
1047,12893,pC1x_d,dsx_high,pC1
1152,13266,pC1_3b,coexpress_high,pC1
1199,13449,pC1x_d,dsx_high,pC1
1207,13495,pC1_11a,dsx_high,pC1
1219,13562,pC1_12b,dsx_high,pC1
1247,13655,pC1_11b,dsx_high,pC1
1535,15035,pC1_18b,dsx_low,pC1
1565,15208,pC1_1a,coexpress_high,pC1
1760,16262,pC1_1b,coexpress_high,pC1
1772,16364,pC1_9b,,pC1
1836,16719,pC1_4b,dsx_high,pC1
1900,17089,pC1_12b,dsx_high,pC1
1904,17098,pC1_6a,coexpress_low,pC1
1958,17434,pC1_10c,dsx_high,pC1
2027,17851,pC1_12b,dsx_high,pC1
2029,17867,pC1_4b,dsx_high,pC1
2055,18017,pC1_3c,coexpress_high,pC1
2125,18554,pC1_12b,dsx_high,pC1
2174,18913,pC1_2b,coexpress_high,pC1
2176,18934,pC1_15c,coexpress_low,pC1
2182,18974,pC1_3a,coexpress_high,pC1
2186,18990,pC1_11a,dsx_high,pC1
2210,19136,pC1_3c,coexpress_high,pC1
2279,19650,pC1_3a,coexpress_high,pC1
2282,19672,pC1_13a,coexpress_high,pC1
2287,19705,pC1_2b,coexpress_high,pC1
2318,19948,pC1_3c,coexpress_high,pC1
2341,20117,pC1_4a,dsx_high,pC1
2357,20255,pC1_1a,coexpress_high,pC1
2364,20392,pC1_2c,coexpress_high,pC1
2397,20597,pC1_6a,coexpress_low,pC1
2422,20751,pC1_16a,coexpress_high,pC1
2427,20803,pC1_4a,dsx_high,pC1
2499,21507,pC1_6a,coexpress_low,pC1
2504,21538,pC1_13b,dsx_high,pC1
2558,22093,pC1_2c,coexpress_high,pC1
2626,22818,pC1_17a,coexpress_low,pC1
2690,23695,pC1_14a,coexpress_low,pC1
2700,23787,pC1_13c,dsx_high,pC1
2701,23789,pC1_16a,coexpress_high,pC1
2714,23924,pC1_13b,dsx_high,pC1
2717,23952,pC1_16a,coexpress_high,pC1
2720,23968,pC1_4a,dsx_high,pC1
2786,24623,pC1_6b,coexpress_high,pC1
2797,24727,pC1_8a,dsx_high,pC1
2844,25204,pC1_13a,coexpress_high,pC1
2866,25521,pC1_8a,dsx_high,pC1
2869,25542,pC1_7a,coexpress_low,pC1
2885,25690,pC1_15b,coexpress_low,pC1
2888,25740,pC1_14b,coexpress_low,pC1
2934,26543,pC1_6a,coexpress_low,pC1
2947,26746,pC1_7b,coexpress_low,pC1
2963,26993,pC1_1b,coexpress_high,pC1
3082,28972,pC1_15b,coexpress_low,pC1
3085,29043,pC1_7a,coexpress_low,pC1
3091,29143,pC1_5b,coexpress_high,pC1
3097,29214,pC1_14a,coexpress_low,pC1
3107,29388,pC1_15c,coexpress_low,pC1
3118,29483,pC1_5b,coexpress_high,pC1
3163,30391,pC1_8b,dsx_high,pC1
3170,30546,pC1_10d,dsx_high,pC1
3241,32437,pC1_15a,coexpress_high,pC1
3248,32788,pC1_18b,dsx_low,pC1
3254,32950,pC1_5a,coexpress_low,pC1
3279,33553,pC1_14a,coexpress_low,pC1
3499,41518,pC1_8c,dsx_high,pC1
3537,43592,pC1_7b,coexpress_low,pC1
3549,44515,pC1_14a,coexpress_low,pC1
3587,46570,pC1_14b,coexpress_low,pC1
3596,47325,pC1_8c,dsx_high,pC1
3664,53355,pC1_7a,coexpress_low,pC1
3687,55986,pC1_14a,coexpress_low,pC1
3783,68624,pC1_19,dsx_high,pC1
3792,70011,pC1_5b,coexpress_high,pC1
3797,70815,pC1_17a,coexpress_low,pC1
3801,71385,pC1_7a,coexpress_low,pC1
3860,79642,pC1_19,dsx_high,pC1
3912,87497,pC1_18b,dsx_low,pC1
3971,98113,pC1_19,dsx_high,pC1
3990,102224,pC1_5a,coexpress_low,pC1
4014,108816,pC1_15a,coexpress_high,pC1
4063,125721,pC1_19,dsx_high,pC1
4068,127881,pC1_19,dsx_high,pC1
4123,156865,pC1_19,dsx_high,pC1
4142,170209,pC1_19,dsx_high,pC1
4151,180724,pC1_15c,coexpress_low,pC1
4190,220200,pC1_13b,dsx_high,pC1
4267,512011,pC1_12a,coexpress_low,pC1
4341,513129,pC1_8b,dsx_high,pC1
4374,513650,pC1_12a,coexpress_low,pC1
4375,513651,pC1_7b,coexpress_low,pC1
4376,513652,pC1_7b,coexpress_low,pC1
4406,514077,pC1_11b,dsx_high,pC1
4500,515977,pC1_10b,dsx_high,pC1
4525,516522,pC1_14a,coexpress_low,pC1
4575,517735,pC1_6b,coexpress_high,pC1
4592,518253,pC1_18b,dsx_low,pC1
4601,518589,pC1_10c,dsx_high,pC1
4646,519518,pC1_4a,dsx_high,pC1
4678,519914,pC1_1a,coexpress_high,pC1
4798,521453,pC1_6a,coexpress_low,pC1
4859,522419,pC1_4a,dsx_high,pC1
4975,524296,pC1_1a,coexpress_high,pC1
5000,524747,pC1_2a,coexpress_high,pC1
5064,526918,pC1_1a,coexpress_high,pC1
5081,528986,pC1_6a,coexpress_low,pC1
5222,535835,pC1_16b,coexpress_high,pC1
5296,557035,pC1_5b,coexpress_high,pC1
464,11116,pIP10,fru_high,pIP10
4947,523998,pIP10,fru_high,pIP10
325,10765,pMP2,fru_high,pMP2
396,10930,pMP2,fru_high,pMP2
913,12442,pC1_4a,dsx_high,pC1_direct_vPN1_recipient
1219,13562,pC1_12b,dsx_high,pC1_direct_vPN1_recipient
1247,13655,pC1_11b,dsx_high,pC1_direct_vPN1_recipient
1535,15035,pC1_18b,dsx_low,pC1_direct_vPN1_recipient
1565,15208,pC1_1a,coexpress_high,pC1_direct_vPN1_recipient
1760,16262,pC1_1b,coexpress_high,pC1_direct_vPN1_recipient
1836,16719,pC1_4b,dsx_high,pC1_direct_vPN1_recipient
1900,17089,pC1_12b,dsx_high,pC1_direct_vPN1_recipient
2027,17851,pC1_12b,dsx_high,pC1_direct_vPN1_recipient
2029,17867,pC1_4b,dsx_high,pC1_direct_vPN1_recipient
2125,18554,pC1_12b,dsx_high,pC1_direct_vPN1_recipient
2174,18913,pC1_2b,coexpress_high,pC1_direct_vPN1_recipient
2186,18990,pC1_11a,dsx_high,pC1_direct_vPN1_recipient
2279,19650,pC1_3a,coexpress_high,pC1_direct_vPN1_recipient
2287,19705,pC1_2b,coexpress_high,pC1_direct_vPN1_recipient
2341,20117,pC1_4a,dsx_high,pC1_direct_vPN1_recipient
2357,20255,pC1_1a,coexpress_high,pC1_direct_vPN1_recipient
2364,20392,pC1_2c,coexpress_high,pC1_direct_vPN1_recipient
2427,20803,pC1_4a,dsx_high,pC1_direct_vPN1_recipient
2558,22093,pC1_2c,coexpress_high,pC1_direct_vPN1_recipient
2720,23968,pC1_4a,dsx_high,pC1_direct_vPN1_recipient
2786,24623,pC1_6b,coexpress_high,pC1_direct_vPN1_recipient
2934,26543,pC1_6a,coexpress_low,pC1_direct_vPN1_recipient
2963,26993,pC1_1b,coexpress_high,pC1_direct_vPN1_recipient
3248,32788,pC1_18b,dsx_low,pC1_direct_vPN1_recipient
3254,32950,pC1_5a,coexpress_low,pC1_direct_vPN1_recipient
3912,87497,pC1_18b,dsx_low,pC1_direct_vPN1_recipient
4374,513650,pC1_12a,coexpress_low,pC1_direct_vPN1_recipient
4406,514077,pC1_11b,dsx_high,pC1_direct_vPN1_recipient
4575,517735,pC1_6b,coexpress_high,pC1_direct_vPN1_recipient
4592,518253,pC1_18b,dsx_low,pC1_direct_vPN1_recipient
4646,519518,pC1_4a,dsx_high,pC1_direct_vPN1_recipient
4678,519914,pC1_1a,coexpress_high,pC1_direct_vPN1_recipient
4798,521453,pC1_6a,coexpress_low,pC1_direct_vPN1_recipient
4859,522419,pC1_4a,dsx_high,pC1_direct_vPN1_recipient
4975,524296,pC1_1a,coexpress_high,pC1_direct_vPN1_recipient
5064,526918,pC1_1a,coexpress_high,pC1_direct_vPN1_recipient
5081,528986,pC1_6a,coexpress_low,pC1_direct_vPN1_recipient
277,10666,pC1x_c,dsx_high,pC1_no_direct_vPN1
860,12257,pC1x_c,dsx_high,pC1_no_direct_vPN1
916,12448,pC1_18a,dsx_low,pC1_no_direct_vPN1
1047,12893,pC1x_d,dsx_high,pC1_no_direct_vPN1
1152,13266,pC1_3b,coexpress_high,pC1_no_direct_vPN1
1199,13449,pC1x_d,dsx_high,pC1_no_direct_vPN1
1207,13495,pC1_11a,dsx_high,pC1_no_direct_vPN1
1772,16364,pC1_9b,,pC1_no_direct_vPN1
1904,17098,pC1_6a,coexpress_low,pC1_no_direct_vPN1
1958,17434,pC1_10c,dsx_high,pC1_no_direct_vPN1
2055,18017,pC1_3c,coexpress_high,pC1_no_direct_vPN1
2176,18934,pC1_15c,coexpress_low,pC1_no_direct_vPN1
2182,18974,pC1_3a,coexpress_high,pC1_no_direct_vPN1
2210,19136,pC1_3c,coexpress_high,pC1_no_direct_vPN1
2282,19672,pC1_13a,coexpress_high,pC1_no_direct_vPN1
2318,19948,pC1_3c,coexpress_high,pC1_no_direct_vPN1
2397,20597,pC1_6a,coexpress_low,pC1_no_direct_vPN1
2422,20751,pC1_16a,coexpress_high,pC1_no_direct_vPN1
2499,21507,pC1_6a,coexpress_low,pC1_no_direct_vPN1
2504,21538,pC1_13b,dsx_high,pC1_no_direct_vPN1
2626,22818,pC1_17a,coexpress_low,pC1_no_direct_vPN1
2690,23695,pC1_14a,coexpress_low,pC1_no_direct_vPN1
2700,23787,pC1_13c,dsx_high,pC1_no_direct_vPN1
2701,23789,pC1_16a,coexpress_high,pC1_no_direct_vPN1
2714,23924,pC1_13b,dsx_high,pC1_no_direct_vPN1
2717,23952,pC1_16a,coexpress_high,pC1_no_direct_vPN1
2797,24727,pC1_8a,dsx_high,pC1_no_direct_vPN1
2844,25204,pC1_13a,coexpress_high,pC1_no_direct_vPN1
2866,25521,pC1_8a,dsx_high,pC1_no_direct_vPN1
2869,25542,pC1_7a,coexpress_low,pC1_no_direct_vPN1
2885,25690,pC1_15b,coexpress_low,pC1_no_direct_vPN1
2888,25740,pC1_14b,coexpress_low,pC1_no_direct_vPN1
2947,26746,pC1_7b,coexpress_low,pC1_no_direct_vPN1
3082,28972,pC1_15b,coexpress_low,pC1_no_direct_vPN1
3085,29043,pC1_7a,coexpress_low,pC1_no_direct_vPN1
3091,29143,pC1_5b,coexpress_high,pC1_no_direct_vPN1
3097,29214,pC1_14a,coexpress_low,pC1_no_direct_vPN1
3107,29388,pC1_15c,coexpress_low,pC1_no_direct_vPN1
3118,29483,pC1_5b,coexpress_high,pC1_no_direct_vPN1
3163,30391,pC1_8b,dsx_high,pC1_no_direct_vPN1
3170,30546,pC1_10d,dsx_high,pC1_no_direct_vPN1
3241,32437,pC1_15a,coexpress_high,pC1_no_direct_vPN1
3279,33553,pC1_14a,coexpress_low,pC1_no_direct_vPN1
3499,41518,pC1_8c,dsx_high,pC1_no_direct_vPN1
3537,43592,pC1_7b,coexpress_low,pC1_no_direct_vPN1
3549,44515,pC1_14a,coexpress_low,pC1_no_direct_vPN1
3587,46570,pC1_14b,coexpress_low,pC1_no_direct_vPN1
3596,47325,pC1_8c,dsx_high,pC1_no_direct_vPN1
3664,53355,pC1_7a,coexpress_low,pC1_no_direct_vPN1
3687,55986,pC1_14a,coexpress_low,pC1_no_direct_vPN1
3783,68624,pC1_19,dsx_high,pC1_no_direct_vPN1
3792,70011,pC1_5b,coexpress_high,pC1_no_direct_vPN1
3797,70815,pC1_17a,coexpress_low,pC1_no_direct_vPN1
3801,71385,pC1_7a,coexpress_low,pC1_no_direct_vPN1
3860,79642,pC1_19,dsx_high,pC1_no_direct_vPN1
3971,98113,pC1_19,dsx_high,pC1_no_direct_vPN1
3990,102224,pC1_5a,coexpress_low,pC1_no_direct_vPN1
4014,108816,pC1_15a,coexpress_high,pC1_no_direct_vPN1
4063,125721,pC1_19,dsx_high,pC1_no_direct_vPN1
4068,127881,pC1_19,dsx_high,pC1_no_direct_vPN1
4123,156865,pC1_19,dsx_high,pC1_no_direct_vPN1
4142,170209,pC1_19,dsx_high,pC1_no_direct_vPN1
4151,180724,pC1_15c,coexpress_low,pC1_no_direct_vPN1
4190,220200,pC1_13b,dsx_high,pC1_no_direct_vPN1
4267,512011,pC1_12a,coexpress_low,pC1_no_direct_vPN1
4341,513129,pC1_8b,dsx_high,pC1_no_direct_vPN1
4375,513651,pC1_7b,coexpress_low,pC1_no_direct_vPN1
4376,513652,pC1_7b,coexpress_low,pC1_no_direct_vPN1
4500,515977,pC1_10b,dsx_high,pC1_no_direct_vPN1
4525,516522,pC1_14a,coexpress_low,pC1_no_direct_vPN1
4601,518589,pC1_10c,dsx_high,pC1_no_direct_vPN1
5000,524747,pC1_2a,coexpress_high,pC1_no_direct_vPN1
5222,535835,pC1_16b,coexpress_high,pC1_no_direct_vPN1
5296,557035,pC1_5b,coexpress_high,pC1_no_direct_vPN1
4500,515977,pC1_10b,dsx_high,pC1_type:pC1_10b
1958,17434,pC1_10c,dsx_high,pC1_type:pC1_10c
4601,518589,pC1_10c,dsx_high,pC1_type:pC1_10c
3170,30546,pC1_10d,dsx_high,pC1_type:pC1_10d
1207,13495,pC1_11a,dsx_high,pC1_type:pC1_11a
2186,18990,pC1_11a,dsx_high,pC1_type:pC1_11a
1247,13655,pC1_11b,dsx_high,pC1_type:pC1_11b
4406,514077,pC1_11b,dsx_high,pC1_type:pC1_11b
4267,512011,pC1_12a,coexpress_low,pC1_type:pC1_12a
4374,513650,pC1_12a,coexpress_low,pC1_type:pC1_12a
1219,13562,pC1_12b,dsx_high,pC1_type:pC1_12b
1900,17089,pC1_12b,dsx_high,pC1_type:pC1_12b
2027,17851,pC1_12b,dsx_high,pC1_type:pC1_12b
2125,18554,pC1_12b,dsx_high,pC1_type:pC1_12b
2282,19672,pC1_13a,coexpress_high,pC1_type:pC1_13a
2844,25204,pC1_13a,coexpress_high,pC1_type:pC1_13a
2504,21538,pC1_13b,dsx_high,pC1_type:pC1_13b
2714,23924,pC1_13b,dsx_high,pC1_type:pC1_13b
4190,220200,pC1_13b,dsx_high,pC1_type:pC1_13b
2700,23787,pC1_13c,dsx_high,pC1_type:pC1_13c
2690,23695,pC1_14a,coexpress_low,pC1_type:pC1_14a
3097,29214,pC1_14a,coexpress_low,pC1_type:pC1_14a
3279,33553,pC1_14a,coexpress_low,pC1_type:pC1_14a
3549,44515,pC1_14a,coexpress_low,pC1_type:pC1_14a
3687,55986,pC1_14a,coexpress_low,pC1_type:pC1_14a
4525,516522,pC1_14a,coexpress_low,pC1_type:pC1_14a
2888,25740,pC1_14b,coexpress_low,pC1_type:pC1_14b
3587,46570,pC1_14b,coexpress_low,pC1_type:pC1_14b
3241,32437,pC1_15a,coexpress_high,pC1_type:pC1_15a
4014,108816,pC1_15a,coexpress_high,pC1_type:pC1_15a
2885,25690,pC1_15b,coexpress_low,pC1_type:pC1_15b
3082,28972,pC1_15b,coexpress_low,pC1_type:pC1_15b
2176,18934,pC1_15c,coexpress_low,pC1_type:pC1_15c
3107,29388,pC1_15c,coexpress_low,pC1_type:pC1_15c
4151,180724,pC1_15c,coexpress_low,pC1_type:pC1_15c
2422,20751,pC1_16a,coexpress_high,pC1_type:pC1_16a
2701,23789,pC1_16a,coexpress_high,pC1_type:pC1_16a
2717,23952,pC1_16a,coexpress_high,pC1_type:pC1_16a
5222,535835,pC1_16b,coexpress_high,pC1_type:pC1_16b
2626,22818,pC1_17a,coexpress_low,pC1_type:pC1_17a
3797,70815,pC1_17a,coexpress_low,pC1_type:pC1_17a
916,12448,pC1_18a,dsx_low,pC1_type:pC1_18a
1535,15035,pC1_18b,dsx_low,pC1_type:pC1_18b
3248,32788,pC1_18b,dsx_low,pC1_type:pC1_18b
3912,87497,pC1_18b,dsx_low,pC1_type:pC1_18b
4592,518253,pC1_18b,dsx_low,pC1_type:pC1_18b
3783,68624,pC1_19,dsx_high,pC1_type:pC1_19
3860,79642,pC1_19,dsx_high,pC1_type:pC1_19
3971,98113,pC1_19,dsx_high,pC1_type:pC1_19
4063,125721,pC1_19,dsx_high,pC1_type:pC1_19
4068,127881,pC1_19,dsx_high,pC1_type:pC1_19
4123,156865,pC1_19,dsx_high,pC1_type:pC1_19
4142,170209,pC1_19,dsx_high,pC1_type:pC1_19
1565,15208,pC1_1a,coexpress_high,pC1_type:pC1_1a
2357,20255,pC1_1a,coexpress_high,pC1_type:pC1_1a
4678,519914,pC1_1a,coexpress_high,pC1_type:pC1_1a
4975,524296,pC1_1a,coexpress_high,pC1_type:pC1_1a
5064,526918,pC1_1a,coexpress_high,pC1_type:pC1_1a
1760,16262,pC1_1b,coexpress_high,pC1_type:pC1_1b
2963,26993,pC1_1b,coexpress_high,pC1_type:pC1_1b
5000,524747,pC1_2a,coexpress_high,pC1_type:pC1_2a
2174,18913,pC1_2b,coexpress_high,pC1_type:pC1_2b
2287,19705,pC1_2b,coexpress_high,pC1_type:pC1_2b
2364,20392,pC1_2c,coexpress_high,pC1_type:pC1_2c
2558,22093,pC1_2c,coexpress_high,pC1_type:pC1_2c
2182,18974,pC1_3a,coexpress_high,pC1_type:pC1_3a
2279,19650,pC1_3a,coexpress_high,pC1_type:pC1_3a
1152,13266,pC1_3b,coexpress_high,pC1_type:pC1_3b
2055,18017,pC1_3c,coexpress_high,pC1_type:pC1_3c
2210,19136,pC1_3c,coexpress_high,pC1_type:pC1_3c
2318,19948,pC1_3c,coexpress_high,pC1_type:pC1_3c
913,12442,pC1_4a,dsx_high,pC1_type:pC1_4a
2341,20117,pC1_4a,dsx_high,pC1_type:pC1_4a
2427,20803,pC1_4a,dsx_high,pC1_type:pC1_4a
2720,23968,pC1_4a,dsx_high,pC1_type:pC1_4a
4646,519518,pC1_4a,dsx_high,pC1_type:pC1_4a
4859,522419,pC1_4a,dsx_high,pC1_type:pC1_4a
1836,16719,pC1_4b,dsx_high,pC1_type:pC1_4b
2029,17867,pC1_4b,dsx_high,pC1_type:pC1_4b
3254,32950,pC1_5a,coexpress_low,pC1_type:pC1_5a
3990,102224,pC1_5a,coexpress_low,pC1_type:pC1_5a
3091,29143,pC1_5b,coexpress_high,pC1_type:pC1_5b
3118,29483,pC1_5b,coexpress_high,pC1_type:pC1_5b
3792,70011,pC1_5b,coexpress_high,pC1_type:pC1_5b
5296,557035,pC1_5b,coexpress_high,pC1_type:pC1_5b
1904,17098,pC1_6a,coexpress_low,pC1_type:pC1_6a
2397,20597,pC1_6a,coexpress_low,pC1_type:pC1_6a
2499,21507,pC1_6a,coexpress_low,pC1_type:pC1_6a
2934,26543,pC1_6a,coexpress_low,pC1_type:pC1_6a
4798,521453,pC1_6a,coexpress_low,pC1_type:pC1_6a
5081,528986,pC1_6a,coexpress_low,pC1_type:pC1_6a
2786,24623,pC1_6b,coexpress_high,pC1_type:pC1_6b
4575,517735,pC1_6b,coexpress_high,pC1_type:pC1_6b
2869,25542,pC1_7a,coexpress_low,pC1_type:pC1_7a
3085,29043,pC1_7a,coexpress_low,pC1_type:pC1_7a
3664,53355,pC1_7a,coexpress_low,pC1_type:pC1_7a
3801,71385,pC1_7a,coexpress_low,pC1_type:pC1_7a
2947,26746,pC1_7b,coexpress_low,pC1_type:pC1_7b
3537,43592,pC1_7b,coexpress_low,pC1_type:pC1_7b
4375,513651,pC1_7b,coexpress_low,pC1_type:pC1_7b
4376,513652,pC1_7b,coexpress_low,pC1_type:pC1_7b
2797,24727,pC1_8a,dsx_high,pC1_type:pC1_8a
2866,25521,pC1_8a,dsx_high,pC1_type:pC1_8a
3163,30391,pC1_8b,dsx_high,pC1_type:pC1_8b
4341,513129,pC1_8b,dsx_high,pC1_type:pC1_8b
3499,41518,pC1_8c,dsx_high,pC1_type:pC1_8c
3596,47325,pC1_8c,dsx_high,pC1_type:pC1_8c
1772,16364,pC1_9b,,pC1_type:pC1_9b
277,10666,pC1x_c,dsx_high,pC1_type:pC1x_c
860,12257,pC1x_c,dsx_high,pC1_type:pC1x_c
1047,12893,pC1x_d,dsx_high,pC1_type:pC1x_d
1199,13449,pC1x_d,dsx_high,pC1_type:pC1x_d
1152,13266,pC1_3b,coexpress_high,pC1_fruDsx:coexpress_high
1565,15208,pC1_1a,coexpress_high,pC1_fruDsx:coexpress_high
1760,16262,pC1_1b,coexpress_high,pC1_fruDsx:coexpress_high
2055,18017,pC1_3c,coexpress_high,pC1_fruDsx:coexpress_high
2174,18913,pC1_2b,coexpress_high,pC1_fruDsx:coexpress_high
2182,18974,pC1_3a,coexpress_high,pC1_fruDsx:coexpress_high
2210,19136,pC1_3c,coexpress_high,pC1_fruDsx:coexpress_high
2279,19650,pC1_3a,coexpress_high,pC1_fruDsx:coexpress_high
2282,19672,pC1_13a,coexpress_high,pC1_fruDsx:coexpress_high
2287,19705,pC1_2b,coexpress_high,pC1_fruDsx:coexpress_high
2318,19948,pC1_3c,coexpress_high,pC1_fruDsx:coexpress_high
2357,20255,pC1_1a,coexpress_high,pC1_fruDsx:coexpress_high
2364,20392,pC1_2c,coexpress_high,pC1_fruDsx:coexpress_high
2422,20751,pC1_16a,coexpress_high,pC1_fruDsx:coexpress_high
2558,22093,pC1_2c,coexpress_high,pC1_fruDsx:coexpress_high
2701,23789,pC1_16a,coexpress_high,pC1_fruDsx:coexpress_high
2717,23952,pC1_16a,coexpress_high,pC1_fruDsx:coexpress_high
2786,24623,pC1_6b,coexpress_high,pC1_fruDsx:coexpress_high
2844,25204,pC1_13a,coexpress_high,pC1_fruDsx:coexpress_high
2963,26993,pC1_1b,coexpress_high,pC1_fruDsx:coexpress_high
3091,29143,pC1_5b,coexpress_high,pC1_fruDsx:coexpress_high
3118,29483,pC1_5b,coexpress_high,pC1_fruDsx:coexpress_high
3241,32437,pC1_15a,coexpress_high,pC1_fruDsx:coexpress_high
3792,70011,pC1_5b,coexpress_high,pC1_fruDsx:coexpress_high
4014,108816,pC1_15a,coexpress_high,pC1_fruDsx:coexpress_high
4575,517735,pC1_6b,coexpress_high,pC1_fruDsx:coexpress_high
4678,519914,pC1_1a,coexpress_high,pC1_fruDsx:coexpress_high
4975,524296,pC1_1a,coexpress_high,pC1_fruDsx:coexpress_high
5000,524747,pC1_2a,coexpress_high,pC1_fruDsx:coexpress_high
5064,526918,pC1_1a,coexpress_high,pC1_fruDsx:coexpress_high
5222,535835,pC1_16b,coexpress_high,pC1_fruDsx:coexpress_high
5296,557035,pC1_5b,coexpress_high,pC1_fruDsx:coexpress_high
1904,17098,pC1_6a,coexpress_low,pC1_fruDsx:coexpress_low
2176,18934,pC1_15c,coexpress_low,pC1_fruDsx:coexpress_low
2397,20597,pC1_6a,coexpress_low,pC1_fruDsx:coexpress_low
2499,21507,pC1_6a,coexpress_low,pC1_fruDsx:coexpress_low
2626,22818,pC1_17a,coexpress_low,pC1_fruDsx:coexpress_low
2690,23695,pC1_14a,coexpress_low,pC1_fruDsx:coexpress_low
2869,25542,pC1_7a,coexpress_low,pC1_fruDsx:coexpress_low
2885,25690,pC1_15b,coexpress_low,pC1_fruDsx:coexpress_low
2888,25740,pC1_14b,coexpress_low,pC1_fruDsx:coexpress_low
2934,26543,pC1_6a,coexpress_low,pC1_fruDsx:coexpress_low
2947,26746,pC1_7b,coexpress_low,pC1_fruDsx:coexpress_low
3082,28972,pC1_15b,coexpress_low,pC1_fruDsx:coexpress_low
3085,29043,pC1_7a,coexpress_low,pC1_fruDsx:coexpress_low
3097,29214,pC1_14a,coexpress_low,pC1_fruDsx:coexpress_low
3107,29388,pC1_15c,coexpress_low,pC1_fruDsx:coexpress_low
3254,32950,pC1_5a,coexpress_low,pC1_fruDsx:coexpress_low
3279,33553,pC1_14a,coexpress_low,pC1_fruDsx:coexpress_low
3537,43592,pC1_7b,coexpress_low,pC1_fruDsx:coexpress_low
3549,44515,pC1_14a,coexpress_low,pC1_fruDsx:coexpress_low
3587,46570,pC1_14b,coexpress_low,pC1_fruDsx:coexpress_low
3664,53355,pC1_7a,coexpress_low,pC1_fruDsx:coexpress_low
3687,55986,pC1_14a,coexpress_low,pC1_fruDsx:coexpress_low
3797,70815,pC1_17a,coexpress_low,pC1_fruDsx:coexpress_low
3801,71385,pC1_7a,coexpress_low,pC1_fruDsx:coexpress_low
3990,102224,pC1_5a,coexpress_low,pC1_fruDsx:coexpress_low
4151,180724,pC1_15c,coexpress_low,pC1_fruDsx:coexpress_low
4267,512011,pC1_12a,coexpress_low,pC1_fruDsx:coexpress_low
4374,513650,pC1_12a,coexpress_low,pC1_fruDsx:coexpress_low
4375,513651,pC1_7b,coexpress_low,pC1_fruDsx:coexpress_low
4376,513652,pC1_7b,coexpress_low,pC1_fruDsx:coexpress_low
4525,516522,pC1_14a,coexpress_low,pC1_fruDsx:coexpress_low
4798,521453,pC1_6a,coexpress_low,pC1_fruDsx:coexpress_low
5081,528986,pC1_6a,coexpress_low,pC1_fruDsx:coexpress_low
277,10666,pC1x_c,dsx_high,pC1_fruDsx:dsx_high
860,12257,pC1x_c,dsx_high,pC1_fruDsx:dsx_high
913,12442,pC1_4a,dsx_high,pC1_fruDsx:dsx_high
1047,12893,pC1x_d,dsx_high,pC1_fruDsx:dsx_high
1199,13449,pC1x_d,dsx_high,pC1_fruDsx:dsx_high
1207,13495,pC1_11a,dsx_high,pC1_fruDsx:dsx_high
1219,13562,pC1_12b,dsx_high,pC1_fruDsx:dsx_high
1247,13655,pC1_11b,dsx_high,pC1_fruDsx:dsx_high
1836,16719,pC1_4b,dsx_high,pC1_fruDsx:dsx_high
1900,17089,pC1_12b,dsx_high,pC1_fruDsx:dsx_high
1958,17434,pC1_10c,dsx_high,pC1_fruDsx:dsx_high
2027,17851,pC1_12b,dsx_high,pC1_fruDsx:dsx_high
2029,17867,pC1_4b,dsx_high,pC1_fruDsx:dsx_high
2125,18554,pC1_12b,dsx_high,pC1_fruDsx:dsx_high
2186,18990,pC1_11a,dsx_high,pC1_fruDsx:dsx_high
2341,20117,pC1_4a,dsx_high,pC1_fruDsx:dsx_high
2427,20803,pC1_4a,dsx_high,pC1_fruDsx:dsx_high
2504,21538,pC1_13b,dsx_high,pC1_fruDsx:dsx_high
2700,23787,pC1_13c,dsx_high,pC1_fruDsx:dsx_high
2714,23924,pC1_13b,dsx_high,pC1_fruDsx:dsx_high
2720,23968,pC1_4a,dsx_high,pC1_fruDsx:dsx_high
2797,24727,pC1_8a,dsx_high,pC1_fruDsx:dsx_high
2866,25521,pC1_8a,dsx_high,pC1_fruDsx:dsx_high
3163,30391,pC1_8b,dsx_high,pC1_fruDsx:dsx_high
3170,30546,pC1_10d,dsx_high,pC1_fruDsx:dsx_high
3499,41518,pC1_8c,dsx_high,pC1_fruDsx:dsx_high
3596,47325,pC1_8c,dsx_high,pC1_fruDsx:dsx_high
3783,68624,pC1_19,dsx_high,pC1_fruDsx:dsx_high
3860,79642,pC1_19,dsx_high,pC1_fruDsx:dsx_high
3971,98113,pC1_19,dsx_high,pC1_fruDsx:dsx_high
4063,125721,pC1_19,dsx_high,pC1_fruDsx:dsx_high
4068,127881,pC1_19,dsx_high,pC1_fruDsx:dsx_high
4123,156865,pC1_19,dsx_high,pC1_fruDsx:dsx_high
4142,170209,pC1_19,dsx_high,pC1_fruDsx:dsx_high
4190,220200,pC1_13b,dsx_high,pC1_fruDsx:dsx_high
4341,513129,pC1_8b,dsx_high,pC1_fruDsx:dsx_high
4406,514077,pC1_11b,dsx_high,pC1_fruDsx:dsx_high
4500,515977,pC1_10b,dsx_high,pC1_fruDsx:dsx_high
4601,518589,pC1_10c,dsx_high,pC1_fruDsx:dsx_high
4646,519518,pC1_4a,dsx_high,pC1_fruDsx:dsx_high
4859,522419,pC1_4a,dsx_high,pC1_fruDsx:dsx_high
916,12448,pC1_18a,dsx_low,pC1_fruDsx:dsx_low
1535,15035,pC1_18b,dsx_low,pC1_fruDsx:dsx_low
3248,32788,pC1_18b,dsx_low,pC1_fruDsx:dsx_low
3912,87497,pC1_18b,dsx_low,pC1_fruDsx:dsx_low
4592,518253,pC1_18b,dsx_low,pC1_fruDsx:dsx_low
1772,16364,pC1_9b,,pC1_fruDsx:nan
