type,neurons,direct_recipients,vPN1_synapses,incoming_synapses
pC1_10b,1,0,0,372
pC1_10c,2,0,0,2054
pC1_10d,1,0,0,661
pC1_11a,2,1,38,3668
pC1_11b,2,2,16,4663
pC1_12a,2,1,8,1675
pC1_12b,4,4,78,4250
pC1_13a,2,0,0,1223
pC1_13b,3,0,0,1231
pC1_13c,1,0,0,328
pC1_14a,6,0,0,4169
pC1_14b,2,0,0,1369
pC1_15a,2,0,0,341
pC1_15b,2,0,0,591
pC1_15c,3,0,0,741
pC1_16a,3,0,0,1244
pC1_16b,1,0,0,375
pC1_17a,2,0,0,632
pC1_18a,1,0,0,564
pC1_18b,4,4,205,8324
pC1_19,7,0,0,672
pC1_1a,5,5,57,2772
pC1_1b,2,2,43,1665
pC1_2a,1,0,0,435
pC1_2b,2,2,44,1315
pC1_2c,2,2,113,2039
pC1_3a,2,1,20,3149
pC1_3b,1,0,0,1440
pC1_3c,3,0,0,3207
pC1_4a,6,6,382,9760
pC1_4b,2,2,21,3273
pC1_5a,2,1,6,1066
pC1_5b,4,0,0,1511
pC1_6a,6,3,28,3162
pC1_6b,2,2,10,1339
pC1_7a,4,0,0,2484
pC1_7b,4,0,0,2830
pC1_8a,2,0,0,743
pC1_8b,2,0,0,1511
pC1_8c,2,0,0,943
pC1_9b,1,0,0,467
pC1x_c,2,0,0,2945
pC1x_d,2,0,0,4139
