neuron_index,bodyId,type,fruDsx,incoming_synapses,vPN1_synapses,vPN1_incoming_fraction,bypass_nonzero_signed_hops,bypass_nonzero_signed_body_ids,bypass_positive_only_hops,bypass_positive_only_body_ids
277,10666,pC1x_c,dsx_high,1486,0,0.0,3,"[25108, 15252, 13662, 10666]",3,"[25108, 15252, 13662, 10666]"
860,12257,pC1x_c,dsx_high,1459,0,0.0,3,"[25108, 10407, 17470, 12257]",3,"[25108, 15252, 15035, 12257]"
913,12442,pC1_4a,dsx_high,1634,120,0.07343941248470012,2,"[54078, 13340, 12442]",2,"[54078, 13340, 12442]"
916,12448,pC1_18a,dsx_low,564,0,0.0,2,"[512975, 13284, 12448]",2,"[512975, 13284, 12448]"
1047,12893,pC1x_d,dsx_high,1995,0,0.0,3,"[25108, 10407, 17098, 12893]",3,"[25108, 10536, 17098, 12893]"
1152,13266,pC1_3b,coexpress_high,1440,0,0.0,2,"[29561, 521764, 13266]",2,"[29561, 521764, 13266]"
1199,13449,pC1x_d,dsx_high,2144,0,0.0,3,"[25108, 10407, 17098, 13449]",3,"[25108, 10536, 17098, 13449]"
1207,13495,pC1_11a,dsx_high,1854,0,0.0,2,"[54078, 17064, 13495]",2,"[54078, 17064, 13495]"
1219,13562,pC1_12b,dsx_high,845,7,0.008284023668639054,2,"[469098413, 13235, 13562]",2,"[469098413, 13235, 13562]"
1247,13655,pC1_11b,dsx_high,2575,6,0.002330097087378641,3,"[25108, 10244, 10348, 13655]",3,"[25108, 10244, 10348, 13655]"
1535,15035,pC1_18b,dsx_low,2670,64,0.02397003745318352,2,"[25108, 15252, 15035]",2,"[25108, 15252, 15035]"
1565,15208,pC1_1a,coexpress_high,627,5,0.007974481658692184,3,"[25108, 10536, 519983, 15208]",3,"[25108, 10536, 519983, 15208]"
1760,16262,pC1_1b,coexpress_high,822,27,0.032846715328467155,2,"[29561, 91957, 16262]",2,"[29561, 91957, 16262]"
1772,16364,pC1_9b,,467,0,0.0,2,"[29561, 16650, 16364]",2,"[29561, 16650, 16364]"
1836,16719,pC1_4b,dsx_high,1731,12,0.006932409012131715,2,"[46071, 24075, 16719]",2,"[469098413, 13235, 16719]"
1900,17089,pC1_12b,dsx_high,1301,45,0.034588777863182166,2,"[46071, 24075, 17089]",2,"[469098413, 13235, 17089]"
1904,17098,pC1_6a,coexpress_low,559,0,0.0,2,"[25108, 10407, 17098]",2,"[25108, 10536, 17098]"
1958,17434,pC1_10c,dsx_high,1297,0,0.0,2,"[25108, 15252, 17434]",2,"[25108, 15252, 17434]"
2027,17851,pC1_12b,dsx_high,1167,17,0.01456726649528706,2,"[469098413, 13235, 17851]",2,"[469098413, 13235, 17851]"
2029,17867,pC1_4b,dsx_high,1542,9,0.005836575875486381,2,"[469098413, 13235, 17867]",2,"[469098413, 13235, 17867]"
2055,18017,pC1_3c,coexpress_high,1261,0,0.0,2,"[29561, 521764, 18017]",2,"[29561, 521764, 18017]"
2125,18554,pC1_12b,dsx_high,937,9,0.0096051227321238,2,"[46071, 24075, 18554]",2,"[469098413, 13235, 18554]"
2174,18913,pC1_2b,coexpress_high,655,18,0.02748091603053435,2,"[469098413, 13235, 18913]",2,"[469098413, 13235, 18913]"
2176,18934,pC1_15c,coexpress_low,365,0,0.0,3,"[25108, 24876, 12899, 18934]",3,"[25108, 24876, 12899, 18934]"
2182,18974,pC1_3a,coexpress_high,1523,0,0.0,2,"[46071, 25110, 18974]",3,"[25108, 10244, 10348, 18974]"
2186,18990,pC1_11a,dsx_high,1814,38,0.020948180815876516,2,"[29561, 16650, 18990]",2,"[29561, 16650, 18990]"
2210,19136,pC1_3c,coexpress_high,1093,0,0.0,2,"[29561, 521764, 19136]",2,"[29561, 521764, 19136]"
2279,19650,pC1_3a,coexpress_high,1626,20,0.012300123001230012,2,"[54078, 13340, 19650]",2,"[54078, 13340, 19650]"
2282,19672,pC1_13a,coexpress_high,514,0,0.0,3,"[25108, 10244, 13061, 19672]",3,"[25108, 10244, 13061, 19672]"
2287,19705,pC1_2b,coexpress_high,660,26,0.03939393939393939,2,"[46071, 25110, 19705]",2,"[54078, 17064, 19705]"
2318,19948,pC1_3c,coexpress_high,853,0,0.0,2,"[469098413, 13235, 19948]",2,"[469098413, 13235, 19948]"
2341,20117,pC1_4a,dsx_high,1924,103,0.05353430353430354,2,"[469098413, 13235, 20117]",2,"[469098413, 13235, 20117]"
2357,20255,pC1_1a,coexpress_high,522,18,0.034482758620689655,3,"[25108, 10244, 521490, 20255]",3,"[25108, 10244, 521490, 20255]"
2364,20392,pC1_2c,coexpress_high,892,60,0.06726457399103139,2,"[46071, 25110, 20392]",2,"[54078, 13340, 20392]"
2397,20597,pC1_6a,coexpress_low,479,0,0.0,2,"[25108, 10536, 20597]",2,"[25108, 10536, 20597]"
2422,20751,pC1_16a,coexpress_high,464,0,0.0,3,"[25108, 10244, 14016, 20751]",3,"[25108, 10244, 14016, 20751]"
2427,20803,pC1_4a,dsx_high,2008,35,0.01743027888446215,2,"[54078, 13340, 20803]",2,"[54078, 13340, 20803]"
2499,21507,pC1_6a,coexpress_low,627,0,0.0,2,"[25108, 10536, 21507]",2,"[25108, 10536, 21507]"
2504,21538,pC1_13b,dsx_high,446,0,0.0,2,"[29561, 16650, 21538]",2,"[29561, 16650, 21538]"
2558,22093,pC1_2c,coexpress_high,1147,53,0.046207497820401046,3,"[25108, 10244, 13061, 22093]",3,"[25108, 10244, 13061, 22093]"
2626,22818,pC1_17a,coexpress_low,262,0,0.0,3,"[25108, 519909, 26432, 22818]",3,"[512975, 13284, 514077, 22818]"
2690,23695,pC1_14a,coexpress_low,980,0,0.0,3,"[25108, 10407, 520029, 23695]",3,"[25108, 10773, 24995, 23695]"
2700,23787,pC1_13c,dsx_high,328,0,0.0,2,"[29561, 16650, 23787]",2,"[29561, 16650, 23787]"
2701,23789,pC1_16a,coexpress_high,398,0,0.0,3,"[25108, 10739, 39115, 23789]",3,"[29561, 521764, 14146, 23789]"
2714,23924,pC1_13b,dsx_high,400,0,0.0,2,"[469098413, 13235, 23924]",2,"[469098413, 13235, 23924]"
2717,23952,pC1_16a,coexpress_high,382,0,0.0,3,"[25108, 10246, 523632, 23952]",3,"[29561, 16650, 21538, 23952]"
2720,23968,pC1_4a,dsx_high,1011,48,0.04747774480712166,2,"[469098413, 13235, 23968]",2,"[469098413, 13235, 23968]"
2786,24623,pC1_6b,coexpress_high,731,5,0.006839945280437756,2,"[25108, 15252, 24623]",2,"[25108, 15252, 24623]"
2797,24727,pC1_8a,dsx_high,329,0,0.0,2,"[469098413, 522348, 24727]",2,"[469098413, 522348, 24727]"
2844,25204,pC1_13a,coexpress_high,709,0,0.0,2,"[29561, 521764, 25204]",2,"[29561, 521764, 25204]"
2866,25521,pC1_8a,dsx_high,414,0,0.0,2,"[469098413, 522348, 25521]",2,"[469098413, 522348, 25521]"
2869,25542,pC1_7a,coexpress_low,647,0,0.0,2,"[46071, 24075, 25542]",2,"[469098413, 522348, 25542]"
2885,25690,pC1_15b,coexpress_low,249,0,0.0,3,"[25108, 532198, 10943, 25690]",3,"[29561, 521764, 14146, 25690]"
2888,25740,pC1_14b,coexpress_low,609,0,0.0,3,"[25108, 10244, 13061, 25740]",3,"[25108, 10244, 13061, 25740]"
2934,26543,pC1_6a,coexpress_low,475,9,0.018947368421052633,2,"[25108, 20110, 26543]",2,"[25108, 20110, 26543]"
2947,26746,pC1_7b,coexpress_low,842,0,0.0,2,"[46071, 24075, 26746]",2,"[469098413, 522348, 26746]"
2963,26993,pC1_1b,coexpress_high,843,16,0.018979833926453145,2,"[469098413, 13235, 26993]",2,"[469098413, 13235, 26993]"
3082,28972,pC1_15b,coexpress_low,342,0,0.0,3,"[25108, 514664, 27459, 28972]",3,"[25108, 519909, 13300, 28972]"
3085,29043,pC1_7a,coexpress_low,321,0,0.0,2,"[25108, 37977, 29043]",2,"[469098413, 13235, 29043]"
3091,29143,pC1_5b,coexpress_high,522,0,0.0,2,"[919061, 79094, 29143]",2,"[919061, 79094, 29143]"
3097,29214,pC1_14a,coexpress_low,657,0,0.0,2,"[25108, 15252, 29214]",2,"[25108, 15252, 29214]"
3107,29388,pC1_15c,coexpress_low,235,0,0.0,3,"[25108, 15252, 15035, 29388]",3,"[25108, 15252, 15035, 29388]"
3118,29483,pC1_5b,coexpress_high,412,0,0.0,2,"[469098413, 13235, 29483]",2,"[469098413, 13235, 29483]"
3163,30391,pC1_8b,dsx_high,800,0,0.0,2,"[46071, 24075, 30391]",2,"[469098413, 13235, 30391]"
3170,30546,pC1_10d,dsx_high,661,0,0.0,2,"[25108, 15252, 30546]",2,"[25108, 15252, 30546]"
3241,32437,pC1_15a,coexpress_high,169,0,0.0,3,"[25108, 15252, 32788, 32437]",3,"[25108, 15252, 32788, 32437]"
3248,32788,pC1_18b,dsx_low,2111,44,0.020843202273803884,2,"[25108, 15252, 32788]",2,"[25108, 15252, 32788]"
3254,32950,pC1_5a,coexpress_low,517,6,0.01160541586073501,2,"[25108, 516954, 32950]",2,"[25108, 516954, 32950]"
3279,33553,pC1_14a,coexpress_low,397,0,0.0,3,"[25108, 10244, 10348, 33553]",3,"[25108, 10244, 10348, 33553]"
3499,41518,pC1_8c,dsx_high,496,0,0.0,2,"[25108, 516954, 41518]",2,"[25108, 516954, 41518]"
3537,43592,pC1_7b,coexpress_low,444,0,0.0,2,"[46071, 24075, 43592]",3,"[25108, 10536, 10083, 43592]"
3549,44515,pC1_14a,coexpress_low,779,0,0.0,2,"[29561, 20622, 44515]",3,"[25108, 11666, 28690, 44515]"
3587,46570,pC1_14b,coexpress_low,760,0,0.0,2,"[29561, 521764, 46570]",2,"[29561, 521764, 46570]"
3596,47325,pC1_8c,dsx_high,447,0,0.0,2,"[25108, 37977, 47325]",2,"[112105, 11389, 47325]"
3664,53355,pC1_7a,coexpress_low,662,0,0.0,2,"[25108, 37977, 53355]",2,"[521628, 11101, 53355]"
3687,55986,pC1_14a,coexpress_low,569,0,0.0,3,"[25108, 15252, 521783, 55986]",3,"[29561, 71404, 31124, 55986]"
3783,68624,pC1_19,dsx_high,188,0,0.0,3,"[25108, 10407, 35466, 68624]",3,"[25108, 514664, 21951, 68624]"
3792,70011,pC1_5b,coexpress_high,327,0,0.0,2,"[512975, 13284, 70011]",2,"[512975, 13284, 70011]"
3797,70815,pC1_17a,coexpress_low,370,0,0.0,3,"[25108, 10855, 10202, 70815]",3,"[29561, 521764, 25204, 70815]"
3801,71385,pC1_7a,coexpress_low,854,0,0.0,2,"[46071, 24075, 71385]",2,"[469098413, 522348, 71385]"
3860,79642,pC1_19,dsx_high,55,0,0.0,3,"[29561, 521764, 13266, 79642]",3,"[29561, 521764, 13266, 79642]"
3912,87497,pC1_18b,dsx_low,1980,87,0.04393939393939394,2,"[25108, 15252, 87497]",2,"[25108, 15252, 87497]"
3971,98113,pC1_19,dsx_high,60,0,0.0,3,"[25108, 10739, 223870, 98113]",4,"[25108, 10244, 10348, 18974, 98113]"
3990,102224,pC1_5a,coexpress_low,549,0,0.0,2,"[25108, 516954, 102224]",2,"[25108, 516954, 102224]"
4014,108816,pC1_15a,coexpress_high,172,0,0.0,3,"[25108, 10855, 10202, 108816]",3,"[512975, 13284, 13438, 108816]"
4063,125721,pC1_19,dsx_high,130,0,0.0,3,"[25108, 10407, 45175, 125721]",3,"[25108, 514664, 21902, 125721]"
4068,127881,pC1_19,dsx_high,118,0,0.0,3,"[25108, 514664, 27459, 127881]",3,"[29561, 521764, 13266, 127881]"
4123,156865,pC1_19,dsx_high,61,0,0.0,3,"[29561, 11518, 10698, 156865]",3,"[29561, 515177, 23270, 156865]"
4142,170209,pC1_19,dsx_high,60,0,0.0,3,"[25108, 514664, 13753, 170209]",3,"[25108, 514664, 13753, 170209]"
4151,180724,pC1_15c,coexpress_low,141,0,0.0,3,"[512975, 13284, 37952, 180724]",3,"[512975, 13284, 37952, 180724]"
4190,220200,pC1_13b,dsx_high,385,0,0.0,2,"[469098413, 13235, 220200]",2,"[469098413, 13235, 220200]"
4267,512011,pC1_12a,coexpress_low,773,0,0.0,2,"[469098413, 13235, 512011]",2,"[469098413, 13235, 512011]"
4341,513129,pC1_8b,dsx_high,711,0,0.0,2,"[521628, 580897, 513129]",2,"[469098413, 13235, 513129]"
4374,513650,pC1_12a,coexpress_low,902,8,0.008869179600886918,2,"[46071, 24075, 513650]",2,"[469098413, 13235, 513650]"
4375,513651,pC1_7b,coexpress_low,717,0,0.0,2,"[46071, 24075, 513651]",2,"[469098413, 522348, 513651]"
4376,513652,pC1_7b,coexpress_low,827,0,0.0,2,"[46071, 24075, 513652]",2,"[469098413, 522348, 513652]"
4406,514077,pC1_11b,dsx_high,2088,10,0.004789272030651341,2,"[512975, 13284, 514077]",2,"[512975, 13284, 514077]"
4500,515977,pC1_10b,dsx_high,372,0,0.0,3,"[25108, 10536, 21507, 515977]",3,"[25108, 10536, 21507, 515977]"
4525,516522,pC1_14a,coexpress_low,787,0,0.0,3,"[25108, 10684, 22172, 516522]",3,"[25108, 15252, 16404, 516522]"
4575,517735,pC1_6b,coexpress_high,608,5,0.008223684210526315,2,"[25108, 15252, 517735]",2,"[25108, 15252, 517735]"
4592,518253,pC1_18b,dsx_low,1563,10,0.006397952655150352,2,"[25108, 15252, 518253]",2,"[25108, 15252, 518253]"
4601,518589,pC1_10c,dsx_high,757,0,0.0,2,"[521628, 19524, 518589]",3,"[25108, 10536, 17098, 518589]"
4646,519518,pC1_4a,dsx_high,995,35,0.035175879396984924,2,"[25108, 15252, 519518]",2,"[25108, 15252, 519518]"
4678,519914,pC1_1a,coexpress_high,547,12,0.021937842778793418,3,"[25108, 10536, 519983, 519914]",3,"[25108, 10536, 519983, 519914]"
4798,521453,pC1_6a,coexpress_low,571,10,0.017513134851138354,2,"[25108, 10407, 521453]",2,"[25108, 20110, 521453]"
4859,522419,pC1_4a,dsx_high,2188,41,0.018738574040219377,2,"[54078, 13340, 522419]",2,"[54078, 13340, 522419]"
4975,524296,pC1_1a,coexpress_high,486,11,0.02263374485596708,2,"[29561, 521764, 524296]",2,"[29561, 521764, 524296]"
5000,524747,pC1_2a,coexpress_high,435,0,0.0,2,"[469098413, 520030, 524747]",2,"[469098413, 520030, 524747]"
5064,526918,pC1_1a,coexpress_high,590,11,0.01864406779661017,2,"[248488, 12040, 526918]",2,"[248488, 12040, 526918]"
5081,528986,pC1_6a,coexpress_low,451,9,0.019955654101995565,2,"[25108, 15252, 528986]",2,"[25108, 15252, 528986]"
5222,535835,pC1_16b,coexpress_high,375,0,0.0,3,"[25108, 10244, 13337, 535835]",3,"[25108, 10244, 13337, 535835]"
5296,557035,pC1_5b,coexpress_high,250,0,0.0,2,"[29561, 25974, 557035]",2,"[469098413, 13235, 557035]"
