condition_id,ipi_ms,network_spikes,finite,max_abs_voltage,silenced_spikes
cut_vPN1_to_pC1,15.0,37805,True,141.96080736246705,0
cut_vPN1_to_pC1,25.0,56585,True,160.63873506194267,0
cut_vPN1_to_pC1,35.0,74654,True,140.65376798424558,0
cut_vPN1_to_pC1,45.0,89804,True,127.16901148963707,0
cut_vPN1_to_pC1,55.0,90677,True,111.05261479132218,0
cut_vPN1_to_pC1,65.0,97281,True,111.05261479132218,0
cut_vPN1_to_pC1,75.0,100262,True,170.94731968437702,0
cut_vPN1_to_pC1,85.0,129096,True,223.57183751723346,0
cut_vPN1_to_pC1,95.0,132775,True,203.4365796978747,0
cut_vPN1_to_other,15.0,37820,True,169.25227683314898,0
cut_vPN1_to_other,25.0,54917,True,159.4214475741471,0
cut_vPN1_to_other,35.0,76324,True,174.845970595059,0
cut_vPN1_to_other,45.0,92088,True,149.45482737544546,0
cut_vPN1_to_other,55.0,103753,True,176.82843466218313,0
cut_vPN1_to_other,65.0,99812,True,116.71834984163196,0
cut_vPN1_to_other,75.0,116676,True,245.00292967260395,0
cut_vPN1_to_other,85.0,129189,True,195.1601098394166,0
cut_vPN1_to_other,95.0,134448,True,204.39979533169577,0
cut_vPN1_all_output,15.0,39195,True,154.80495607144036,0
cut_vPN1_all_output,25.0,58536,True,182.25382519249388,0
cut_vPN1_all_output,35.0,76638,True,181.48047248088415,0
cut_vPN1_all_output,45.0,89615,True,109.76408494013374,0
cut_vPN1_all_output,55.0,92334,True,130.45746550591778,0
cut_vPN1_all_output,65.0,99734,True,144.28715324510952,0
cut_vPN1_all_output,75.0,100566,True,118.24764772975735,0
cut_vPN1_all_output,85.0,127507,True,207.8708692901947,0
cut_vPN1_all_output,95.0,141963,True,198.30567188354908,0
silence_aPN1,15.0,39996,True,186.92905526819754,0
silence_aPN1,25.0,48772,True,140.30254811732698,0
silence_aPN1,35.0,69579,True,183.60707310147285,0
silence_aPN1,45.0,86275,True,232.62509288958125,0
silence_aPN1,55.0,93903,True,169.69361246266527,0
silence_aPN1,65.0,99110,True,128.74012018700822,0
silence_aPN1,75.0,97216,True,135.96227790930266,0
silence_aPN1,85.0,97973,True,123.61162979418522,0
silence_aPN1,95.0,100972,True,132.3272331568806,0
