pre_index,edge_count,edge_start
0,2,0
1,2,2
2,0,4
3,6,4
4,10,10
5,8,20
6,14,28
7,5,42
8,7,47
9,5,54
10,5,59
11,5,64
12,9,69
13,6,78
14,5,84
15,4,89
16,8,93
17,7,101
18,11,108
19,9,119
20,9,128
21,8,137
22,7,145
23,7,152
24,12,159
25,10,171
26,10,181
27,5,191
28,9,196
29,15,205
30,9,220
31,10,229
32,13,239
33,9,252
34,11,261
35,10,272
36,6,282
37,4,288
38,10,292
39,9,302
40,8,311
41,5,319
42,7,324
43,10,331
44,3,341
45,8,344
46,11,352
47,6,363
48,1,369
49,6,370
50,10,376
51,13,386
52,5,399
53,5,404
54,7,409
55,10,416
56,10,426
57,10,436
58,6,446
59,13,452
60,9,465
61,9,474
62,7,483
63,6,490
64,4,496
65,8,500
66,10,508
67,9,518
68,6,527
69,10,533
70,4,543
71,7,547
72,11,554
73,4,565
74,8,569
75,7,577
76,7,584
77,6,591
78,7,597
79,7,604
80,9,611
81,10,620
82,8,630
83,7,638
84,7,645
85,4,652
86,2,656
87,12,658
88,10,670
89,9,680
90,8,689
91,8,697
92,9,705
93,11,714
94,5,725
95,7,730
96,8,737
97,9,745
98,8,754
99,7,762
100,7,769
101,11,776
102,7,787
103,6,794
104,12,800
105,4,812
106,8,816
107,10,824
108,3,834
109,8,837
110,10,845
111,6,855
112,8,861
113,7,869
114,3,876
115,6,879
116,11,885
117,6,896
118,8,902
119,6,910
120,9,916
121,11,925
122,9,936
123,13,945
124,6,958
125,9,964
126,6,973
127,9,979
128,7,988
129,6,995
130,8,1001
131,10,1009
132,11,1019
133,7,1030
134,8,1037
135,9,1045
136,10,1054
137,3,1064
138,6,1067
139,7,1073
140,6,1080
141,8,1086
142,11,1094
143,4,1105
144,7,1109
145,12,1116
146,12,1128
147,4,1140
148,8,1144
149,8,1152
150,8,1160
151,10,1168
152,5,1178
153,9,1183
154,6,1192
155,3,1198
156,7,1201
157,11,1208
158,8,1219
159,8,1227
160,11,1235
161,5,1246
162,7,1251
163,8,1258
164,7,1266
165,5,1273
166,7,1278
167,10,1285
168,10,1295
169,9,1305
170,6,1314
171,12,1320
172,9,1332
173,7,1341
174,5,1348
175,9,1353
176,6,1362
177,2,1368
178,9,1370
179,11,1379
180,2,1390
181,9,1392
182,5,1401
183,12,1406
184,11,1418
185,8,1429
186,6,1437
187,9,1443
188,10,1452
189,6,1462
190,9,1468
191,7,1477
192,6,1484
193,7,1490
194,7,1497
195,9,1504
196,5,1513
197,7,1518
198,5,1525
199,4,1530
200,7,1534
201,8,1541
202,12,1549
203,6,1561
204,7,1567
205,8,1574
206,6,1582
207,14,1588
208,7,1602
209,8,1609
210,6,1617
211,7,1623
212,3,1630
213,13,1633
214,8,1646
215,2,1654
216,0,1656
217,5,1656
218,10,1661
219,9,1671
220,11,1680
221,7,1691
222,8,1698
223,10,1706
224,10,1716
225,4,1726
