name,level_pct,group,float_spikes,fixed_spikes,fpga_spikes,fixed_fpga_response_match,max_latency_cycles,state_saturation_steps,accumulator_saturation_steps,deadline_miss_steps,event_overflow_steps,capture_sha256
input_noise_05_r0,5,vPN1,168,168,168,True,199063,0,0,0,0,43f189e28e5afe2b4d3f08f813c06c0c7fc9a6de9b904a0f70b65b37ee2c5415
input_noise_05_r0,5,pC1,1623,1623,1623,True,199063,0,0,0,0,43f189e28e5afe2b4d3f08f813c06c0c7fc9a6de9b904a0f70b65b37ee2c5415
input_noise_05_r0,5,pIP10,90,90,90,True,199063,0,0,0,0,43f189e28e5afe2b4d3f08f813c06c0c7fc9a6de9b904a0f70b65b37ee2c5415
input_noise_05_r0,5,pMP2,7,7,7,True,199063,0,0,0,0,43f189e28e5afe2b4d3f08f813c06c0c7fc9a6de9b904a0f70b65b37ee2c5415
input_noise_10_r0,10,vPN1,194,194,194,True,199063,0,0,0,0,c74fb8a14d2a2f1019b24dc27bc02fe3a065e221139e8b42d977de22771206a0
input_noise_10_r0,10,pC1,1547,1547,1547,True,199063,0,0,0,0,c74fb8a14d2a2f1019b24dc27bc02fe3a065e221139e8b42d977de22771206a0
input_noise_10_r0,10,pIP10,71,71,71,True,199063,0,0,0,0,c74fb8a14d2a2f1019b24dc27bc02fe3a065e221139e8b42d977de22771206a0
input_noise_10_r0,10,pMP2,6,6,6,True,199063,0,0,0,0,c74fb8a14d2a2f1019b24dc27bc02fe3a065e221139e8b42d977de22771206a0
input_noise_20_r0,20,vPN1,149,149,149,True,199063,0,0,0,0,6e6c161373a38372651f692a7176c3d07531f1152d1eee85bc080a37fd08a340
input_noise_20_r0,20,pC1,1604,1604,1604,True,199063,0,0,0,0,6e6c161373a38372651f692a7176c3d07531f1152d1eee85bc080a37fd08a340
input_noise_20_r0,20,pIP10,99,99,99,True,199063,0,0,0,0,6e6c161373a38372651f692a7176c3d07531f1152d1eee85bc080a37fd08a340
input_noise_20_r0,20,pMP2,8,8,8,True,199063,0,0,0,0,6e6c161373a38372651f692a7176c3d07531f1152d1eee85bc080a37fd08a340
