case,level_pct,group,timesteps,mismatch_steps,first_mismatch,fixed_total_spikes,fpga_total_spikes,counts_csv_sha256
input_noise_05_r0,5,aPN1,4308,0,,144,144,43f189e28e5afe2b4d3f08f813c06c0c7fc9a6de9b904a0f70b65b37ee2c5415
input_noise_05_r0,5,vPN1,4308,0,,168,168,43f189e28e5afe2b4d3f08f813c06c0c7fc9a6de9b904a0f70b65b37ee2c5415
input_noise_05_r0,5,pC1,4308,0,,1623,1623,43f189e28e5afe2b4d3f08f813c06c0c7fc9a6de9b904a0f70b65b37ee2c5415
input_noise_05_r0,5,pIP10,4308,0,,90,90,43f189e28e5afe2b4d3f08f813c06c0c7fc9a6de9b904a0f70b65b37ee2c5415
input_noise_05_r0,5,pMP2,4308,0,,7,7,43f189e28e5afe2b4d3f08f813c06c0c7fc9a6de9b904a0f70b65b37ee2c5415
input_noise_05_r0,5,total,4308,0,,67836,67836,43f189e28e5afe2b4d3f08f813c06c0c7fc9a6de9b904a0f70b65b37ee2c5415
input_noise_10_r0,10,aPN1,4308,0,,195,195,c74fb8a14d2a2f1019b24dc27bc02fe3a065e221139e8b42d977de22771206a0
input_noise_10_r0,10,vPN1,4308,0,,210,210,c74fb8a14d2a2f1019b24dc27bc02fe3a065e221139e8b42d977de22771206a0
input_noise_10_r0,10,pC1,4308,0,,1665,1665,c74fb8a14d2a2f1019b24dc27bc02fe3a065e221139e8b42d977de22771206a0
input_noise_10_r0,10,pIP10,4308,0,,75,75,c74fb8a14d2a2f1019b24dc27bc02fe3a065e221139e8b42d977de22771206a0
input_noise_10_r0,10,pMP2,4308,0,,14,14,c74fb8a14d2a2f1019b24dc27bc02fe3a065e221139e8b42d977de22771206a0
input_noise_10_r0,10,total,4308,0,,80508,80508,c74fb8a14d2a2f1019b24dc27bc02fe3a065e221139e8b42d977de22771206a0
input_noise_20_r0,20,aPN1,4308,0,,264,264,6e6c161373a38372651f692a7176c3d07531f1152d1eee85bc080a37fd08a340
input_noise_20_r0,20,vPN1,4308,0,,296,296,6e6c161373a38372651f692a7176c3d07531f1152d1eee85bc080a37fd08a340
input_noise_20_r0,20,pC1,4308,0,,2868,2868,6e6c161373a38372651f692a7176c3d07531f1152d1eee85bc080a37fd08a340
input_noise_20_r0,20,pIP10,4308,0,,155,155,6e6c161373a38372651f692a7176c3d07531f1152d1eee85bc080a37fd08a340
input_noise_20_r0,20,pMP2,4308,0,,43,43,6e6c161373a38372651f692a7176c3d07531f1152d1eee85bc080a37fd08a340
input_noise_20_r0,20,total,4308,0,,154199,154199,6e6c161373a38372651f692a7176c3d07531f1152d1eee85bc080a37fd08a340
