format_name,condition_id,ipi_ms,group,series_l1_per_float_spike,fixed_response_spikes,float_response_spikes,response_spikes_error_percent,fixed_peak_rate_hz,float_peak_rate_hz,peak_rate_hz_error_percent,fixed_evoked_spikes_per_neuron_per_pulse,float_evoked_spikes_per_neuron_per_pulse,evoked_spikes_per_neuron_per_pulse_error_percent
weight28_s33w34a38,intact,15.0,vPN1,0.0,25.0,25.0,0.0,10.0,10.0,0.0,0.056818181818181816,0.056818181818181816,0.0
weight28_s33w34a38,intact,15.0,pC1,0.0,611.0,611.0,0.0,11.160714285714285,11.160714285714285,0.0,0.13638392857142856,0.13638392857142856,0.0
weight28_s33w34a38,intact,15.0,pIP10,0.0,36.0,36.0,0.0,45.0,45.0,0.0,0.45,0.45,0.0
weight28_s33w34a38,intact,15.0,pMP2,0.0,4.0,4.0,0.0,20.0,20.0,0.0,0.05,0.05,0.0
weight28_s33w34a38,intact,25.0,vPN1,0.0,62.0,62.0,0.0,12.727272727272727,12.727272727272727,0.0,0.1409090909090909,0.1409090909090909,0.0
weight28_s33w34a38,intact,25.0,pC1,0.0,1020.0,1020.0,0.0,13.035714285714285,13.035714285714285,0.0,0.22767857142857142,0.22767857142857142,0.0
weight28_s33w34a38,intact,25.0,pIP10,0.0,62.0,62.0,0.0,65.0,65.0,0.0,0.775,0.775,0.0
weight28_s33w34a38,intact,25.0,pMP2,0.0,4.0,4.0,0.0,20.0,20.0,0.0,0.05,0.05,0.0
weight28_s33w34a38,intact,35.0,vPN1,0.0,222.0,222.0,0.0,20.0,20.0,0.0,0.5045454545454545,0.5045454545454545,0.0
weight28_s33w34a38,intact,35.0,pC1,0.0,1735.0,1735.0,0.0,13.124999999999998,13.124999999999998,0.0,0.3872767857142857,0.3872767857142857,0.0
weight28_s33w34a38,intact,35.0,pIP10,0.0,109.0,109.0,0.0,55.0,55.0,0.0,1.3625,1.3625,0.0
weight28_s33w34a38,intact,35.0,pMP2,0.0,9.0,9.0,0.0,20.0,20.0,0.0,0.1125,0.1125,0.0
weight28_s33w34a38,intact,45.0,vPN1,0.0,255.0,255.0,0.0,21.818181818181817,21.818181818181817,0.0,0.5795454545454546,0.5795454545454546,0.0
weight28_s33w34a38,intact,45.0,pC1,0.0,1910.0,1910.0,0.0,14.107142857142856,14.107142857142856,0.0,0.4263392857142857,0.4263392857142857,0.0
weight28_s33w34a38,intact,45.0,pIP10,0.0,121.0,121.0,0.0,65.0,65.0,0.0,1.5125,1.5125,0.0
weight28_s33w34a38,intact,45.0,pMP2,0.0,11.0,11.0,0.0,30.0,30.0,0.0,0.1375,0.1375,0.0
weight28_s33w34a38,intact,55.0,vPN1,0.0,236.0,236.0,0.0,12.727272727272727,12.727272727272727,0.0,0.5363636363636364,0.5363636363636364,0.0
weight28_s33w34a38,intact,55.0,pC1,0.0,2125.0,2125.0,0.0,11.071428571428571,11.071428571428571,0.0,0.47433035714285715,0.47433035714285715,0.0
weight28_s33w34a38,intact,55.0,pIP10,0.0,95.0,95.0,0.0,40.0,40.0,0.0,1.1875,1.1875,0.0
weight28_s33w34a38,intact,55.0,pMP2,0.0,51.0,51.0,0.0,30.0,30.0,0.0,0.6375,0.6375,0.0
weight28_s33w34a38,intact,65.0,vPN1,0.0,244.0,244.0,0.0,12.727272727272727,12.727272727272727,0.0,0.5545454545454546,0.5545454545454546,0.0
weight28_s33w34a38,intact,65.0,pC1,0.0,2326.0,2326.0,0.0,12.142857142857142,12.142857142857142,0.0,0.5191964285714286,0.5191964285714286,0.0
weight28_s33w34a38,intact,65.0,pIP10,0.0,83.0,83.0,0.0,30.0,30.0,0.0,1.0375,1.0375,0.0
weight28_s33w34a38,intact,65.0,pMP2,0.0,57.0,57.0,0.0,30.0,30.0,0.0,0.7125,0.7125,0.0
weight28_s33w34a38,intact,75.0,vPN1,0.0,244.0,244.0,0.0,12.727272727272727,12.727272727272727,0.0,0.5545454545454546,0.5545454545454546,0.0
weight28_s33w34a38,intact,75.0,pC1,0.0,2308.0,2308.0,0.0,11.517857142857142,11.517857142857142,0.0,0.5151785714285714,0.5151785714285714,0.0
weight28_s33w34a38,intact,75.0,pIP10,0.0,84.0,84.0,0.0,30.0,30.0,0.0,1.05,1.05,0.0
weight28_s33w34a38,intact,75.0,pMP2,0.0,63.0,63.0,0.0,30.0,30.0,0.0,0.7875,0.7875,0.0
weight28_s33w34a38,intact,85.0,vPN1,0.0,232.0,232.0,0.0,12.727272727272727,12.727272727272727,0.0,0.5272727272727272,0.5272727272727272,0.0
weight28_s33w34a38,intact,85.0,pC1,0.0,2180.0,2180.0,0.0,11.607142857142856,11.607142857142856,0.0,0.48660714285714285,0.48660714285714285,0.0
weight28_s33w34a38,intact,85.0,pIP10,0.0,101.0,101.0,0.0,35.0,35.0,0.0,1.2625,1.2625,0.0
weight28_s33w34a38,intact,85.0,pMP2,0.0,53.0,53.0,0.0,30.0,30.0,0.0,0.6625,0.6625,0.0
weight28_s33w34a38,intact,95.0,vPN1,0.0,250.0,250.0,0.0,12.727272727272727,12.727272727272727,0.0,0.5681818181818182,0.5681818181818182,0.0
weight28_s33w34a38,intact,95.0,pC1,0.0,2238.0,2238.0,0.0,11.071428571428571,11.071428571428571,0.0,0.49955357142857143,0.49955357142857143,0.0
weight28_s33w34a38,intact,95.0,pIP10,0.0,85.0,85.0,0.0,30.0,30.0,0.0,1.0625,1.0625,0.0
weight28_s33w34a38,intact,95.0,pMP2,0.0,67.0,67.0,0.0,35.0,35.0,0.0,0.8375,0.8375,0.0
weight28_s33w34a38,silence_vPN1,35.0,vPN1,0.0,0.0,0.0,0.0,0.0,0.0,0.0,0.0,0.0,0.0
weight28_s33w34a38,silence_vPN1,35.0,pC1,0.0,1669.0,1669.0,0.0,15.178571428571427,15.178571428571427,0.0,0.37254464285714284,0.37254464285714284,0.0
weight28_s33w34a38,silence_vPN1,35.0,pIP10,0.0,96.0,96.0,0.0,60.0,60.0,0.0,1.2,1.2,0.0
weight28_s33w34a38,silence_vPN1,35.0,pMP2,0.0,10.0,10.0,0.0,25.0,25.0,0.0,0.125,0.125,0.0
weight28_s33w34a38,cut_vPN1_to_pC1,35.0,vPN1,0.0,215.0,215.0,0.0,20.0,20.0,0.0,0.48863636363636365,0.48863636363636365,0.0
weight28_s33w34a38,cut_vPN1_to_pC1,35.0,pC1,0.0,1701.0,1701.0,0.0,14.19642857142857,14.19642857142857,0.0,0.3796875,0.3796875,0.0
weight28_s33w34a38,cut_vPN1_to_pC1,35.0,pIP10,0.0,95.0,95.0,0.0,70.0,70.0,0.0,1.1875,1.1875,0.0
weight28_s33w34a38,cut_vPN1_to_pC1,35.0,pMP2,0.0,8.0,8.0,0.0,20.0,20.0,0.0,0.1,0.1,0.0
weight28_s33w34a38,cut_vPN1_to_other,35.0,vPN1,0.0,195.0,195.0,0.0,20.0,20.0,0.0,0.4431818181818182,0.4431818181818182,0.0
weight28_s33w34a38,cut_vPN1_to_other,35.0,pC1,0.0,1517.0,1517.0,0.0,15.089285714285714,15.089285714285714,0.0,0.3386160714285714,0.3386160714285714,0.0
weight28_s33w34a38,cut_vPN1_to_other,35.0,pIP10,0.0,81.0,81.0,0.0,70.0,70.0,0.0,1.0125,1.0125,0.0
weight28_s33w34a38,cut_vPN1_to_other,35.0,pMP2,0.0,6.0,6.0,0.0,15.0,15.0,0.0,0.075,0.075,0.0
weight28_s33w34a38,cut_vPN1_all_output,35.0,vPN1,0.0,219.0,219.0,0.0,20.909090909090907,20.909090909090907,0.0,0.49772727272727274,0.49772727272727274,0.0
weight28_s33w34a38,cut_vPN1_all_output,35.0,pC1,0.0,1669.0,1669.0,0.0,15.178571428571427,15.178571428571427,0.0,0.37254464285714284,0.37254464285714284,0.0
weight28_s33w34a38,cut_vPN1_all_output,35.0,pIP10,0.0,96.0,96.0,0.0,60.0,60.0,0.0,1.2,1.2,0.0
weight28_s33w34a38,cut_vPN1_all_output,35.0,pMP2,0.0,10.0,10.0,0.0,25.0,25.0,0.0,0.125,0.125,0.0
weight28_s33w34a38,silence_aPN1,35.0,vPN1,0.0,107.0,107.0,0.0,15.454545454545453,15.454545454545453,0.0,0.2431818181818182,0.2431818181818182,0.0
weight28_s33w34a38,silence_aPN1,35.0,pC1,0.0,1534.0,1534.0,0.0,13.660714285714285,13.660714285714285,0.0,0.3424107142857143,0.3424107142857143,0.0
weight28_s33w34a38,silence_aPN1,35.0,pIP10,0.0,86.0,86.0,0.0,60.0,60.0,0.0,1.075,1.075,0.0
weight28_s33w34a38,silence_aPN1,35.0,pMP2,0.0,8.0,8.0,0.0,15.0,15.0,0.0,0.1,0.1,0.0
weight28_s33w34a38,cut_vPN1_to_mAL_bridge,35.0,vPN1,0.0,225.0,225.0,0.0,20.0,20.0,0.0,0.5113636363636364,0.5113636363636364,0.0
weight28_s33w34a38,cut_vPN1_to_mAL_bridge,35.0,pC1,0.0,1708.0,1708.0,0.0,13.124999999999998,13.124999999999998,0.0,0.38125,0.38125,0.0
weight28_s33w34a38,cut_vPN1_to_mAL_bridge,35.0,pIP10,0.0,106.0,106.0,0.0,60.0,60.0,0.0,1.325,1.325,0.0
weight28_s33w34a38,cut_vPN1_to_mAL_bridge,35.0,pMP2,0.0,9.0,9.0,0.0,20.0,20.0,0.0,0.1125,0.1125,0.0
weight28_s33w34a38,cut_mAL_bridge_to_pC1,35.0,vPN1,0.0,223.0,223.0,0.0,20.0,20.0,0.0,0.5068181818181818,0.5068181818181818,0.0
weight28_s33w34a38,cut_mAL_bridge_to_pC1,35.0,pC1,0.0,1548.0,1548.0,0.0,12.767857142857142,12.767857142857142,0.0,0.3455357142857143,0.3455357142857143,0.0
weight28_s33w34a38,cut_mAL_bridge_to_pC1,35.0,pIP10,0.0,84.0,84.0,0.0,55.0,55.0,0.0,1.05,1.05,0.0
weight28_s33w34a38,cut_mAL_bridge_to_pC1,35.0,pMP2,0.0,6.0,6.0,0.0,20.0,20.0,0.0,0.075,0.075,0.0
weight28_s33w34a38,cut_both_bridge_segments,35.0,vPN1,0.0,229.0,229.0,0.0,21.818181818181817,21.818181818181817,0.0,0.5204545454545455,0.5204545454545455,0.0
weight28_s33w34a38,cut_both_bridge_segments,35.0,pC1,0.0,1678.0,1678.0,0.0,13.392857142857142,13.392857142857142,0.0,0.37455357142857143,0.37455357142857143,0.0
weight28_s33w34a38,cut_both_bridge_segments,35.0,pIP10,0.0,92.0,92.0,0.0,50.0,50.0,0.0,1.15,1.15,0.0
weight28_s33w34a38,cut_both_bridge_segments,35.0,pMP2,0.0,4.0,4.0,0.0,20.0,20.0,0.0,0.05,0.05,0.0
weight27_s33w33a37,intact,15.0,vPN1,0.0,25.0,25.0,0.0,10.0,10.0,0.0,0.056818181818181816,0.056818181818181816,0.0
weight27_s33w33a37,intact,15.0,pC1,0.0,611.0,611.0,0.0,11.160714285714285,11.160714285714285,0.0,0.13638392857142856,0.13638392857142856,0.0
weight27_s33w33a37,intact,15.0,pIP10,0.0,36.0,36.0,0.0,45.0,45.0,0.0,0.45,0.45,0.0
weight27_s33w33a37,intact,15.0,pMP2,0.0,4.0,4.0,0.0,20.0,20.0,0.0,0.05,0.05,0.0
weight27_s33w33a37,intact,25.0,vPN1,0.0,62.0,62.0,0.0,12.727272727272727,12.727272727272727,0.0,0.1409090909090909,0.1409090909090909,0.0
weight27_s33w33a37,intact,25.0,pC1,0.0,1020.0,1020.0,0.0,13.035714285714285,13.035714285714285,0.0,0.22767857142857142,0.22767857142857142,0.0
weight27_s33w33a37,intact,25.0,pIP10,0.0,62.0,62.0,0.0,65.0,65.0,0.0,0.775,0.775,0.0
weight27_s33w33a37,intact,25.0,pMP2,0.0,4.0,4.0,0.0,20.0,20.0,0.0,0.05,0.05,0.0
weight27_s33w33a37,intact,35.0,vPN1,0.0,222.0,222.0,0.0,20.0,20.0,0.0,0.5045454545454545,0.5045454545454545,0.0
weight27_s33w33a37,intact,35.0,pC1,0.0,1735.0,1735.0,0.0,13.124999999999998,13.124999999999998,0.0,0.3872767857142857,0.3872767857142857,0.0
weight27_s33w33a37,intact,35.0,pIP10,0.0,109.0,109.0,0.0,55.0,55.0,0.0,1.3625,1.3625,0.0
weight27_s33w33a37,intact,35.0,pMP2,0.0,9.0,9.0,0.0,20.0,20.0,0.0,0.1125,0.1125,0.0
weight27_s33w33a37,intact,45.0,vPN1,0.0,255.0,255.0,0.0,21.818181818181817,21.818181818181817,0.0,0.5795454545454546,0.5795454545454546,0.0
weight27_s33w33a37,intact,45.0,pC1,0.0,1910.0,1910.0,0.0,14.107142857142856,14.107142857142856,0.0,0.4263392857142857,0.4263392857142857,0.0
weight27_s33w33a37,intact,45.0,pIP10,0.0,121.0,121.0,0.0,65.0,65.0,0.0,1.5125,1.5125,0.0
weight27_s33w33a37,intact,45.0,pMP2,0.0,11.0,11.0,0.0,30.0,30.0,0.0,0.1375,0.1375,0.0
weight27_s33w33a37,intact,55.0,vPN1,0.0,236.0,236.0,0.0,12.727272727272727,12.727272727272727,0.0,0.5363636363636364,0.5363636363636364,0.0
weight27_s33w33a37,intact,55.0,pC1,0.0,2125.0,2125.0,0.0,11.071428571428571,11.071428571428571,0.0,0.47433035714285715,0.47433035714285715,0.0
weight27_s33w33a37,intact,55.0,pIP10,0.0,95.0,95.0,0.0,40.0,40.0,0.0,1.1875,1.1875,0.0
weight27_s33w33a37,intact,55.0,pMP2,0.0,51.0,51.0,0.0,30.0,30.0,0.0,0.6375,0.6375,0.0
weight27_s33w33a37,intact,65.0,vPN1,0.0,244.0,244.0,0.0,12.727272727272727,12.727272727272727,0.0,0.5545454545454546,0.5545454545454546,0.0
weight27_s33w33a37,intact,65.0,pC1,0.0,2326.0,2326.0,0.0,12.142857142857142,12.142857142857142,0.0,0.5191964285714286,0.5191964285714286,0.0
weight27_s33w33a37,intact,65.0,pIP10,0.0,83.0,83.0,0.0,30.0,30.0,0.0,1.0375,1.0375,0.0
weight27_s33w33a37,intact,65.0,pMP2,0.0,57.0,57.0,0.0,30.0,30.0,0.0,0.7125,0.7125,0.0
weight27_s33w33a37,intact,75.0,vPN1,0.0,244.0,244.0,0.0,12.727272727272727,12.727272727272727,0.0,0.5545454545454546,0.5545454545454546,0.0
weight27_s33w33a37,intact,75.0,pC1,0.0,2308.0,2308.0,0.0,11.517857142857142,11.517857142857142,0.0,0.5151785714285714,0.5151785714285714,0.0
weight27_s33w33a37,intact,75.0,pIP10,0.0,84.0,84.0,0.0,30.0,30.0,0.0,1.05,1.05,0.0
weight27_s33w33a37,intact,75.0,pMP2,0.0,63.0,63.0,0.0,30.0,30.0,0.0,0.7875,0.7875,0.0
weight27_s33w33a37,intact,85.0,vPN1,0.0,232.0,232.0,0.0,12.727272727272727,12.727272727272727,0.0,0.5272727272727272,0.5272727272727272,0.0
weight27_s33w33a37,intact,85.0,pC1,0.0,2180.0,2180.0,0.0,11.607142857142856,11.607142857142856,0.0,0.48660714285714285,0.48660714285714285,0.0
weight27_s33w33a37,intact,85.0,pIP10,0.0,101.0,101.0,0.0,35.0,35.0,0.0,1.2625,1.2625,0.0
weight27_s33w33a37,intact,85.0,pMP2,0.0,53.0,53.0,0.0,30.0,30.0,0.0,0.6625,0.6625,0.0
weight27_s33w33a37,intact,95.0,vPN1,0.0,250.0,250.0,0.0,12.727272727272727,12.727272727272727,0.0,0.5681818181818182,0.5681818181818182,0.0
weight27_s33w33a37,intact,95.0,pC1,0.0,2238.0,2238.0,0.0,11.071428571428571,11.071428571428571,0.0,0.49955357142857143,0.49955357142857143,0.0
weight27_s33w33a37,intact,95.0,pIP10,0.0,85.0,85.0,0.0,30.0,30.0,0.0,1.0625,1.0625,0.0
weight27_s33w33a37,intact,95.0,pMP2,0.0,67.0,67.0,0.0,35.0,35.0,0.0,0.8375,0.8375,0.0
weight27_s33w33a37,silence_vPN1,35.0,vPN1,0.0,0.0,0.0,0.0,0.0,0.0,0.0,0.0,0.0,0.0
weight27_s33w33a37,silence_vPN1,35.0,pC1,0.0,1669.0,1669.0,0.0,15.178571428571427,15.178571428571427,0.0,0.37254464285714284,0.37254464285714284,0.0
weight27_s33w33a37,silence_vPN1,35.0,pIP10,0.0,96.0,96.0,0.0,60.0,60.0,0.0,1.2,1.2,0.0
weight27_s33w33a37,silence_vPN1,35.0,pMP2,0.0,10.0,10.0,0.0,25.0,25.0,0.0,0.125,0.125,0.0
weight27_s33w33a37,cut_vPN1_to_pC1,35.0,vPN1,0.0,215.0,215.0,0.0,20.0,20.0,0.0,0.48863636363636365,0.48863636363636365,0.0
weight27_s33w33a37,cut_vPN1_to_pC1,35.0,pC1,0.0,1701.0,1701.0,0.0,14.19642857142857,14.19642857142857,0.0,0.3796875,0.3796875,0.0
weight27_s33w33a37,cut_vPN1_to_pC1,35.0,pIP10,0.0,95.0,95.0,0.0,70.0,70.0,0.0,1.1875,1.1875,0.0
weight27_s33w33a37,cut_vPN1_to_pC1,35.0,pMP2,0.0,8.0,8.0,0.0,20.0,20.0,0.0,0.1,0.1,0.0
weight27_s33w33a37,cut_vPN1_to_other,35.0,vPN1,0.0,195.0,195.0,0.0,20.0,20.0,0.0,0.4431818181818182,0.4431818181818182,0.0
weight27_s33w33a37,cut_vPN1_to_other,35.0,pC1,0.0,1517.0,1517.0,0.0,15.089285714285714,15.089285714285714,0.0,0.3386160714285714,0.3386160714285714,0.0
weight27_s33w33a37,cut_vPN1_to_other,35.0,pIP10,0.0,81.0,81.0,0.0,70.0,70.0,0.0,1.0125,1.0125,0.0
weight27_s33w33a37,cut_vPN1_to_other,35.0,pMP2,0.0,6.0,6.0,0.0,15.0,15.0,0.0,0.075,0.075,0.0
weight27_s33w33a37,cut_vPN1_all_output,35.0,vPN1,0.0,219.0,219.0,0.0,20.909090909090907,20.909090909090907,0.0,0.49772727272727274,0.49772727272727274,0.0
weight27_s33w33a37,cut_vPN1_all_output,35.0,pC1,0.0,1669.0,1669.0,0.0,15.178571428571427,15.178571428571427,0.0,0.37254464285714284,0.37254464285714284,0.0
weight27_s33w33a37,cut_vPN1_all_output,35.0,pIP10,0.0,96.0,96.0,0.0,60.0,60.0,0.0,1.2,1.2,0.0
weight27_s33w33a37,cut_vPN1_all_output,35.0,pMP2,0.0,10.0,10.0,0.0,25.0,25.0,0.0,0.125,0.125,0.0
weight27_s33w33a37,silence_aPN1,35.0,vPN1,0.0,107.0,107.0,0.0,15.454545454545453,15.454545454545453,0.0,0.2431818181818182,0.2431818181818182,0.0
weight27_s33w33a37,silence_aPN1,35.0,pC1,0.0,1534.0,1534.0,0.0,13.660714285714285,13.660714285714285,0.0,0.3424107142857143,0.3424107142857143,0.0
weight27_s33w33a37,silence_aPN1,35.0,pIP10,0.0,86.0,86.0,0.0,60.0,60.0,0.0,1.075,1.075,0.0
weight27_s33w33a37,silence_aPN1,35.0,pMP2,0.0,8.0,8.0,0.0,15.0,15.0,0.0,0.1,0.1,0.0
weight27_s33w33a37,cut_vPN1_to_mAL_bridge,35.0,vPN1,0.0,225.0,225.0,0.0,20.0,20.0,0.0,0.5113636363636364,0.5113636363636364,0.0
weight27_s33w33a37,cut_vPN1_to_mAL_bridge,35.0,pC1,0.0,1708.0,1708.0,0.0,13.124999999999998,13.124999999999998,0.0,0.38125,0.38125,0.0
weight27_s33w33a37,cut_vPN1_to_mAL_bridge,35.0,pIP10,0.0,106.0,106.0,0.0,60.0,60.0,0.0,1.325,1.325,0.0
weight27_s33w33a37,cut_vPN1_to_mAL_bridge,35.0,pMP2,0.0,9.0,9.0,0.0,20.0,20.0,0.0,0.1125,0.1125,0.0
weight27_s33w33a37,cut_mAL_bridge_to_pC1,35.0,vPN1,0.0,223.0,223.0,0.0,20.0,20.0,0.0,0.5068181818181818,0.5068181818181818,0.0
weight27_s33w33a37,cut_mAL_bridge_to_pC1,35.0,pC1,0.0,1548.0,1548.0,0.0,12.767857142857142,12.767857142857142,0.0,0.3455357142857143,0.3455357142857143,0.0
weight27_s33w33a37,cut_mAL_bridge_to_pC1,35.0,pIP10,0.0,84.0,84.0,0.0,55.0,55.0,0.0,1.05,1.05,0.0
weight27_s33w33a37,cut_mAL_bridge_to_pC1,35.0,pMP2,0.0,6.0,6.0,0.0,20.0,20.0,0.0,0.075,0.075,0.0
weight27_s33w33a37,cut_both_bridge_segments,35.0,vPN1,0.0,229.0,229.0,0.0,21.818181818181817,21.818181818181817,0.0,0.5204545454545455,0.5204545454545455,0.0
weight27_s33w33a37,cut_both_bridge_segments,35.0,pC1,0.0,1678.0,1678.0,0.0,13.392857142857142,13.392857142857142,0.0,0.37455357142857143,0.37455357142857143,0.0
weight27_s33w33a37,cut_both_bridge_segments,35.0,pIP10,0.0,92.0,92.0,0.0,50.0,50.0,0.0,1.15,1.15,0.0
weight27_s33w33a37,cut_both_bridge_segments,35.0,pMP2,0.0,4.0,4.0,0.0,20.0,20.0,0.0,0.05,0.05,0.0
weight26_s33w32a36,intact,15.0,vPN1,0.0,25.0,25.0,0.0,10.0,10.0,0.0,0.056818181818181816,0.056818181818181816,0.0
weight26_s33w32a36,intact,15.0,pC1,0.0,611.0,611.0,0.0,11.160714285714285,11.160714285714285,0.0,0.13638392857142856,0.13638392857142856,0.0
weight26_s33w32a36,intact,15.0,pIP10,0.0,36.0,36.0,0.0,45.0,45.0,0.0,0.45,0.45,0.0
weight26_s33w32a36,intact,15.0,pMP2,0.0,4.0,4.0,0.0,20.0,20.0,0.0,0.05,0.05,0.0
weight26_s33w32a36,intact,25.0,vPN1,0.0,62.0,62.0,0.0,12.727272727272727,12.727272727272727,0.0,0.1409090909090909,0.1409090909090909,0.0
weight26_s33w32a36,intact,25.0,pC1,0.0,1020.0,1020.0,0.0,13.035714285714285,13.035714285714285,0.0,0.22767857142857142,0.22767857142857142,0.0
weight26_s33w32a36,intact,25.0,pIP10,0.0,62.0,62.0,0.0,65.0,65.0,0.0,0.775,0.775,0.0
weight26_s33w32a36,intact,25.0,pMP2,0.0,4.0,4.0,0.0,20.0,20.0,0.0,0.05,0.05,0.0
weight26_s33w32a36,intact,35.0,vPN1,0.0,222.0,222.0,0.0,20.0,20.0,0.0,0.5045454545454545,0.5045454545454545,0.0
weight26_s33w32a36,intact,35.0,pC1,0.0,1735.0,1735.0,0.0,13.124999999999998,13.124999999999998,0.0,0.3872767857142857,0.3872767857142857,0.0
weight26_s33w32a36,intact,35.0,pIP10,0.0,109.0,109.0,0.0,55.0,55.0,0.0,1.3625,1.3625,0.0
weight26_s33w32a36,intact,35.0,pMP2,0.0,9.0,9.0,0.0,20.0,20.0,0.0,0.1125,0.1125,0.0
weight26_s33w32a36,intact,45.0,vPN1,0.0,255.0,255.0,0.0,21.818181818181817,21.818181818181817,0.0,0.5795454545454546,0.5795454545454546,0.0
weight26_s33w32a36,intact,45.0,pC1,0.0,1910.0,1910.0,0.0,14.107142857142856,14.107142857142856,0.0,0.4263392857142857,0.4263392857142857,0.0
weight26_s33w32a36,intact,45.0,pIP10,0.0,121.0,121.0,0.0,65.0,65.0,0.0,1.5125,1.5125,0.0
weight26_s33w32a36,intact,45.0,pMP2,0.0,11.0,11.0,0.0,30.0,30.0,0.0,0.1375,0.1375,0.0
weight26_s33w32a36,intact,55.0,vPN1,0.0,236.0,236.0,0.0,12.727272727272727,12.727272727272727,0.0,0.5363636363636364,0.5363636363636364,0.0
weight26_s33w32a36,intact,55.0,pC1,0.0,2125.0,2125.0,0.0,11.071428571428571,11.071428571428571,0.0,0.47433035714285715,0.47433035714285715,0.0
weight26_s33w32a36,intact,55.0,pIP10,0.0,95.0,95.0,0.0,40.0,40.0,0.0,1.1875,1.1875,0.0
weight26_s33w32a36,intact,55.0,pMP2,0.0,51.0,51.0,0.0,30.0,30.0,0.0,0.6375,0.6375,0.0
weight26_s33w32a36,intact,65.0,vPN1,0.0,244.0,244.0,0.0,12.727272727272727,12.727272727272727,0.0,0.5545454545454546,0.5545454545454546,0.0
weight26_s33w32a36,intact,65.0,pC1,0.0,2326.0,2326.0,0.0,12.142857142857142,12.142857142857142,0.0,0.5191964285714286,0.5191964285714286,0.0
weight26_s33w32a36,intact,65.0,pIP10,0.0,83.0,83.0,0.0,30.0,30.0,0.0,1.0375,1.0375,0.0
weight26_s33w32a36,intact,65.0,pMP2,0.0,57.0,57.0,0.0,30.0,30.0,0.0,0.7125,0.7125,0.0
weight26_s33w32a36,intact,75.0,vPN1,0.0,244.0,244.0,0.0,12.727272727272727,12.727272727272727,0.0,0.5545454545454546,0.5545454545454546,0.0
weight26_s33w32a36,intact,75.0,pC1,0.0,2308.0,2308.0,0.0,11.517857142857142,11.517857142857142,0.0,0.5151785714285714,0.5151785714285714,0.0
weight26_s33w32a36,intact,75.0,pIP10,0.0,84.0,84.0,0.0,30.0,30.0,0.0,1.05,1.05,0.0
weight26_s33w32a36,intact,75.0,pMP2,0.0,63.0,63.0,0.0,30.0,30.0,0.0,0.7875,0.7875,0.0
weight26_s33w32a36,intact,85.0,vPN1,0.0,232.0,232.0,0.0,12.727272727272727,12.727272727272727,0.0,0.5272727272727272,0.5272727272727272,0.0
weight26_s33w32a36,intact,85.0,pC1,0.0,2180.0,2180.0,0.0,11.607142857142856,11.607142857142856,0.0,0.48660714285714285,0.48660714285714285,0.0
weight26_s33w32a36,intact,85.0,pIP10,0.0,101.0,101.0,0.0,35.0,35.0,0.0,1.2625,1.2625,0.0
weight26_s33w32a36,intact,85.0,pMP2,0.0,53.0,53.0,0.0,30.0,30.0,0.0,0.6625,0.6625,0.0
weight26_s33w32a36,intact,95.0,vPN1,0.0,250.0,250.0,0.0,12.727272727272727,12.727272727272727,0.0,0.5681818181818182,0.5681818181818182,0.0
weight26_s33w32a36,intact,95.0,pC1,0.0,2238.0,2238.0,0.0,11.071428571428571,11.071428571428571,0.0,0.49955357142857143,0.49955357142857143,0.0
weight26_s33w32a36,intact,95.0,pIP10,0.0,85.0,85.0,0.0,30.0,30.0,0.0,1.0625,1.0625,0.0
weight26_s33w32a36,intact,95.0,pMP2,0.0,67.0,67.0,0.0,35.0,35.0,0.0,0.8375,0.8375,0.0
weight26_s33w32a36,silence_vPN1,35.0,vPN1,0.0,0.0,0.0,0.0,0.0,0.0,0.0,0.0,0.0,0.0
weight26_s33w32a36,silence_vPN1,35.0,pC1,0.0,1669.0,1669.0,0.0,15.178571428571427,15.178571428571427,0.0,0.37254464285714284,0.37254464285714284,0.0
weight26_s33w32a36,silence_vPN1,35.0,pIP10,0.0,96.0,96.0,0.0,60.0,60.0,0.0,1.2,1.2,0.0
weight26_s33w32a36,silence_vPN1,35.0,pMP2,0.0,10.0,10.0,0.0,25.0,25.0,0.0,0.125,0.125,0.0
weight26_s33w32a36,cut_vPN1_to_pC1,35.0,vPN1,0.0,215.0,215.0,0.0,20.0,20.0,0.0,0.48863636363636365,0.48863636363636365,0.0
weight26_s33w32a36,cut_vPN1_to_pC1,35.0,pC1,0.0,1701.0,1701.0,0.0,14.19642857142857,14.19642857142857,0.0,0.3796875,0.3796875,0.0
weight26_s33w32a36,cut_vPN1_to_pC1,35.0,pIP10,0.0,95.0,95.0,0.0,70.0,70.0,0.0,1.1875,1.1875,0.0
weight26_s33w32a36,cut_vPN1_to_pC1,35.0,pMP2,0.0,8.0,8.0,0.0,20.0,20.0,0.0,0.1,0.1,0.0
weight26_s33w32a36,cut_vPN1_to_other,35.0,vPN1,0.0,195.0,195.0,0.0,20.0,20.0,0.0,0.4431818181818182,0.4431818181818182,0.0
weight26_s33w32a36,cut_vPN1_to_other,35.0,pC1,0.0,1517.0,1517.0,0.0,15.089285714285714,15.089285714285714,0.0,0.3386160714285714,0.3386160714285714,0.0
weight26_s33w32a36,cut_vPN1_to_other,35.0,pIP10,0.0,81.0,81.0,0.0,70.0,70.0,0.0,1.0125,1.0125,0.0
weight26_s33w32a36,cut_vPN1_to_other,35.0,pMP2,0.0,6.0,6.0,0.0,15.0,15.0,0.0,0.075,0.075,0.0
weight26_s33w32a36,cut_vPN1_all_output,35.0,vPN1,0.0,219.0,219.0,0.0,20.909090909090907,20.909090909090907,0.0,0.49772727272727274,0.49772727272727274,0.0
weight26_s33w32a36,cut_vPN1_all_output,35.0,pC1,0.0,1669.0,1669.0,0.0,15.178571428571427,15.178571428571427,0.0,0.37254464285714284,0.37254464285714284,0.0
weight26_s33w32a36,cut_vPN1_all_output,35.0,pIP10,0.0,96.0,96.0,0.0,60.0,60.0,0.0,1.2,1.2,0.0
weight26_s33w32a36,cut_vPN1_all_output,35.0,pMP2,0.0,10.0,10.0,0.0,25.0,25.0,0.0,0.125,0.125,0.0
weight26_s33w32a36,silence_aPN1,35.0,vPN1,0.0,107.0,107.0,0.0,15.454545454545453,15.454545454545453,0.0,0.2431818181818182,0.2431818181818182,0.0
weight26_s33w32a36,silence_aPN1,35.0,pC1,0.0,1534.0,1534.0,0.0,13.660714285714285,13.660714285714285,0.0,0.3424107142857143,0.3424107142857143,0.0
weight26_s33w32a36,silence_aPN1,35.0,pIP10,0.0,86.0,86.0,0.0,60.0,60.0,0.0,1.075,1.075,0.0
weight26_s33w32a36,silence_aPN1,35.0,pMP2,0.0,8.0,8.0,0.0,15.0,15.0,0.0,0.1,0.1,0.0
weight26_s33w32a36,cut_vPN1_to_mAL_bridge,35.0,vPN1,0.0,225.0,225.0,0.0,20.0,20.0,0.0,0.5113636363636364,0.5113636363636364,0.0
weight26_s33w32a36,cut_vPN1_to_mAL_bridge,35.0,pC1,0.0,1708.0,1708.0,0.0,13.124999999999998,13.124999999999998,0.0,0.38125,0.38125,0.0
weight26_s33w32a36,cut_vPN1_to_mAL_bridge,35.0,pIP10,0.0,106.0,106.0,0.0,60.0,60.0,0.0,1.325,1.325,0.0
weight26_s33w32a36,cut_vPN1_to_mAL_bridge,35.0,pMP2,0.0,9.0,9.0,0.0,20.0,20.0,0.0,0.1125,0.1125,0.0
weight26_s33w32a36,cut_mAL_bridge_to_pC1,35.0,vPN1,0.0,223.0,223.0,0.0,20.0,20.0,0.0,0.5068181818181818,0.5068181818181818,0.0
weight26_s33w32a36,cut_mAL_bridge_to_pC1,35.0,pC1,0.0,1548.0,1548.0,0.0,12.767857142857142,12.767857142857142,0.0,0.3455357142857143,0.3455357142857143,0.0
weight26_s33w32a36,cut_mAL_bridge_to_pC1,35.0,pIP10,0.0,84.0,84.0,0.0,55.0,55.0,0.0,1.05,1.05,0.0
weight26_s33w32a36,cut_mAL_bridge_to_pC1,35.0,pMP2,0.0,6.0,6.0,0.0,20.0,20.0,0.0,0.075,0.075,0.0
weight26_s33w32a36,cut_both_bridge_segments,35.0,vPN1,0.0,229.0,229.0,0.0,21.818181818181817,21.818181818181817,0.0,0.5204545454545455,0.5204545454545455,0.0
weight26_s33w32a36,cut_both_bridge_segments,35.0,pC1,0.0,1678.0,1678.0,0.0,13.392857142857142,13.392857142857142,0.0,0.37455357142857143,0.37455357142857143,0.0
weight26_s33w32a36,cut_both_bridge_segments,35.0,pIP10,0.0,92.0,92.0,0.0,50.0,50.0,0.0,1.15,1.15,0.0
weight26_s33w32a36,cut_both_bridge_segments,35.0,pMP2,0.0,4.0,4.0,0.0,20.0,20.0,0.0,0.05,0.05,0.0
