time_ms,V_2835_JO-A2_L,V_3123_JO-A2_L,V_3322_JO-A1_L,V_3526_JO-B1_a_L,V_65_SAD051_b_L,V_336_SAD051_b_R,V_516_CB1078_L,V_518_CB1078_R,V_1281_AVLP761m_L,V_1851_AVLP761m_R,V_1937_AVLP761m_R,V_1994_AVLP761m_L,V_277_pC1x_c_R,V_860_pC1x_c_L,V_913_pC1_4a_L,V_916_pC1_18a_L,V_464_pIP10_R,V_4947_pIP10_L,V_325_pMP2_R,V_396_pMP2_L
0.0,0.0,0.0,0.0,0.0,0.0,0.0,0.0,0.0,0.0,0.0,0.0,0.0,0.0,0.0,0.0,0.0,0.0,0.0,0.0,0.0
1.0,0.0,0.0,0.0,0.0,0.0,0.0,0.0,0.0,0.0,0.0,0.0,0.0,0.0,0.0,0.0,0.0,0.0,0.0,0.0,0.0
2.0,0.0,0.0,0.0,0.0,0.0,0.0,0.0,0.0,0.0,0.0,0.0,0.0,0.0,0.0,0.0,0.0,0.0,0.0,0.0,0.0
3.0,0.0,0.0,0.0,0.0,0.0,0.0,0.0,0.0,0.0,0.0,0.0,0.0,0.0,0.0,0.0,0.0,0.0,0.0,0.0,0.0
4.0,0.0,0.0,0.0,0.0,0.0,0.0,0.0,0.0,0.0,0.0,0.0,0.0,0.0,0.0,0.0,0.0,0.0,0.0,0.0,0.0
5.0,0.0,0.0,0.0,0.0,0.0,0.0,0.0,0.0,0.0,0.0,0.0,0.0,0.0,0.0,0.0,0.0,0.0,0.0,0.0,0.0
6.0,0.0,0.0,0.0,0.0,0.0,0.0,0.0,0.0,0.0,0.0,0.0,0.0,0.0,0.0,0.0,0.0,0.0,0.0,0.0,0.0
7.0,0.0,0.0,0.0,0.0,0.0,0.0,0.0,0.0,0.0,0.0,0.0,0.0,0.0,0.0,0.0,0.0,0.0,0.0,0.0,0.0
8.0,0.0,0.0,0.0,0.0,0.0,0.0,0.0,0.0,0.0,0.0,0.0,0.0,0.0,0.0,0.0,0.0,0.0,0.0,0.0,0.0
9.0,0.0,0.0,0.0,0.0,0.0,0.0,0.0,0.0,0.0,0.0,0.0,0.0,0.0,0.0,0.0,0.0,0.0,0.0,0.0,0.0
10.0,0.0,0.0,0.0,0.0,0.0,0.0,0.0,0.0,0.0,0.0,0.0,0.0,0.0,0.0,0.0,0.0,0.0,0.0,0.0,0.0
11.0,0.0,0.0,0.0,0.0,0.0,0.0,0.0,0.0,0.0,0.0,0.0,0.0,0.0,0.0,0.0,0.0,0.0,0.0,0.0,0.0
12.0,0.0,0.0,0.0,0.0,0.0,0.0,0.0,0.0,0.0,0.0,0.0,0.0,0.0,0.0,0.0,0.0,0.0,0.0,0.0,0.0
13.0,0.0,0.0,0.0,0.0,0.0,0.0,0.0,0.0,0.0,0.0,0.0,0.0,0.0,0.0,0.0,0.0,0.0,0.0,0.0,0.0
14.0,0.0,0.0,0.0,0.0,0.0,0.0,0.0,0.0,0.0,0.0,0.0,0.0,0.0,0.0,0.0,0.0,0.0,0.0,0.0,0.0
15.0,0.0,0.0,0.0,0.0,0.0,0.0,0.0,0.0,0.0,0.0,0.0,0.0,0.0,0.0,0.0,0.0,0.0,0.0,0.0,0.0
16.0,0.0,0.0,0.0,0.0,0.0,0.0,0.0,0.0,0.0,0.0,0.0,0.0,0.0,0.0,0.0,0.0,0.0,0.0,0.0,0.0
17.0,0.0,0.0,0.0,0.0,0.0,0.0,0.0,0.0,0.0,0.0,0.0,0.0,0.0,0.0,0.0,0.0,0.0,0.0,0.0,0.0
18.0,0.0,0.0,0.0,0.0,0.0,0.0,0.0,0.0,0.0,0.0,0.0,0.0,0.0,0.0,0.0,0.0,0.0,0.0,0.0,0.0
19.0,0.0,0.0,0.0,0.0,0.0,0.0,0.0,0.0,0.0,0.0,0.0,0.0,0.0,0.0,0.0,0.0,0.0,0.0,0.0,0.0
20.0,1.2,1.2,1.2,1.2,0.0,0.0,0.0,0.0,0.0,0.0,0.0,0.0,0.0,0.0,0.0,0.0,0.0,0.0,0.0,0.0
21.0,0.0,0.0,0.0,0.0,2.2949999999999995,0.0,0.615,0.0,0.075,0.0,0.0,0.18,0.0,0.0,0.0,0.0,0.0,0.0,0.0,0.0
22.0,0.0,0.0,0.0,0.0,0.0,-1.605,-0.5099939039320607,-0.09,1.4813422068375535,0.6150000000000001,-0.07499999999999998,1.596221296410128,0.0,0.0,0.0,0.0,0.0,0.0,0.0,0.0
23.0,-0.135,0.0,0.0,-0.5549999999999999,0.0,-3.4467232263236456,-1.0701212077361664,-0.5356106482050642,0.0,1.3950060960679393,0.8436577931624463,0.0,0.0,0.0,0.014999999999999958,0.105,0.315,-0.09,-0.9450000000000001,-0.6599999999999999
24.0,-0.1284159723075964,0.0,0.0,-0.5279323305978962,0.0,-3.2786245509890857,-1.0179307805808826,-0.7044886086485576,0.0,0.0,-1.4924878829345434,0.0,3.0,2.04,-0.9607315586324894,0.219879089572575,2.6096372687177247,2.1193893517949363,-1.558911806153175,-2.2928114201704703
25.0,-0.12215305143485457,0.0,0.0,-0.5021847670099575,-0.36,-3.1187241447912597,-1.4932857105935156,-0.6701302937720761,-0.345,0.0,-1.4196983899581148,-0.72,0.0,0.0,-0.5688761276176567,-0.2258445401661385,0.0,0.0,4.322117219785544,5.5740103123025815
26.0,-0.11619557681738282,0.0,0.0,-0.47769292691590703,-0.462442592820257,-2.9666221734262717,-1.4204573071030095,-0.6374476536853064,-0.5831741514527463,-0.18,-1.485458882444448,-0.924885185640514,0.0,0.0,-1.0511317114859384,-0.9348299719688643,0.0,0.0,0.0,0.0
27.0,-0.11052865166552757,0.0,0.0,-0.4543955679582799,-0.4398890014330311,-2.98693830273933,-1.3511807867634298,-0.6063589647644044,-1.7697324124700882,-1.3112212964101284,-2.538012197867106,-1.7047780028660622,3.0,-0.345,-0.7148674129912197,-0.5442377762419615,-2.954999999999999,-1.86,0.0,0.0
28.0,-0.10513810571463968,0.0,0.0,-0.4322344346046297,-0.41843536167733597,-2.8412636027338722,-1.2852829221893993,-0.5767864890936931,-1.6834215442341822,-1.6072722791772867,-2.9242318823529194,-1.621634998567761,0.0,2.341825848547254,-0.5600029178539522,-0.4126949866861894,-5.150882949399609,-3.674286729571328,0.555,3.795000000000001
29.0,-0.10001045979203194,0.0,0.0,-0.4111541124783534,-0.3980280282790804,-2.7026935416833666,-1.2225989343948183,-0.548656280080381,-1.6013201067139844,-1.5288846851377613,-2.7816154105572073,-1.5425469264378275,0.0,0.0,-0.5326912532689355,-0.3925676146798338,-6.8196714236279306,-5.295089651220745,1.3979323305978961,0.0
30.0,-0.09513289211202634,0.0,0.0,-0.39110188979388594,-0.37861597227506355,-2.5708816222572652,-1.1629720807595691,-0.5218979975495635,-1.5232228035509654,-1.4543200991715481,-2.6459544261666497,-1.4673160251008,0.0,0.0,-0.5067115942835736,-0.37342186618951634,-8.947072123581561,-6.911845081610395,0.0,0.0
31.0,-0.09049320621481133,0.0,0.0,-0.3720276255497798,-0.360150653413987,-2.4454982459992403,-1.1062532630913229,-0.49644473185714627,-1.448934350808149,-1.3833920709747731,-2.516909706057619,-1.3957541781173093,0.0,0.0,-0.481998978218203,-0.35520986687143624,-10.47571826708087,-8.539750419218347,0.0,-2.895
32.0,-0.08607980046893941,0.0,0.0,-0.3538836241500842,-0.34258589878054296,-2.3262298891593627,-1.052300654802396,-0.47223283658088455,-1.378268988658551,-1.3159232435321844,-2.3941585712134503,-1.3276824435949952,-0.42,-0.6,-0.4584916106604334,-0.33788607724109154,-9.964811458426952,-8.243261876652799,-0.75,-4.073809183929567
33.0,-0.08188163906120553,0.0,0.0,-0.33662451614051153,-0.32587778733907574,-2.2127783187214205,-1.0009793462694077,-0.44920176937117456,-1.3110500168888546,-1.2517449096322326,-2.277394079858822,-1.262930606740569,-0.39951635829029986,-0.5707376547004284,-0.4361307109469295,-0.3214071788008473,-9.47882186885759,-7.841233250937117,-0.7134220683755355,-3.8751271655550457
34.0,-0.07788822440136572,0.0,0.0,-0.3202071447611701,-0.3099845401081151,-2.1048598466650343,-0.9521610074889496,-0.42729394056364484,-1.2471093530568365,-1.190696590011167,-2.16632425994544,-1.201336754234169,-0.380031715575103,-0.5429024508215757,-0.414860365181135,-0.30573196572112804,-9.016534271258188,-7.458811792664777,-0.6786280635269696,-3.6861349835580093
35.0,-0.07408957087269359,0.0,0.0,-0.3045904580321847,-0.29486641569116084,-2.002204620597842,-0.9057235671857335,-0.40645456917499817,-1.1862871121977123,-1.132625632071285,-2.060671379069836,-1.1427468693617244,-0.3614973500985243,-0.5164247858550347,-0.3946273864194071,-0.2908212418043806,-8.75679270583989,-7.095041248995655,-0.6455309823187932,-3.506360059041834
36.0,-0.07047617986273719,0.0,0.0,-0.2897354061023639,-0.28048561090249124,-1.9045559489839556,-0.8615509075708191,-0.38663154592201915,-1.128431207028444,-1.077386828169926,-1.9601712499976929,-1.0870144468929457,-0.3438669162927524,-0.49123845184678916,-0.37538118167595347,-0.27663772247416396,-8.329718886048129,-6.7490120040909645,-0.7490480648084863,-3.485352861054653
37.0,-0.0670390160118403,0.0,0.0,-0.2756048436042323,-0.2668061662395079,-1.8116696592814194,-0.8195325739866581,-0.3677753029212237,-1.0733969676503128,-1.0248420525247284,-1.8645725700581506,-1.0340001267419388,-0.3270963288899901,-0.467280469842843,-0.3570736254140152,-0.2631459415442872,-8.16347370222829,-6.419858804599858,-0.7125165596111499,-3.315370196202935
38.0,-0.063769484620037,0.0,0.0,-0.2621634367712632,-0.25379387596524894,-1.7233134873836693,-0.7795634987129176,-0.3498386897433314,-1.0210467797988185,-0.9748599158272279,-1.773636292756232,-0.9835713454943997,-0.31114365268632155,-0.4444909324090308,-0.3396589392069572,-0.2503121625348709,-7.765336391697329,-6.106758596075365,-0.6777667169461428,-3.1536776837409373
39.0,-0.060659410155824926,0.0,0.0,-0.249377575085058,-0.24141620257622934,-1.6392664968382862,-0.7415437382424518,-0.332776855512633,-0.9712497407363374,-0.9273154367011485,-1.6871350300320904,-0.9356020049300308,-0.2959689976818597,-0.42281285383122813,-0.3230935772683569,-0.2381042943135744,-7.386616466928702,-5.808928464909558,-0.6447116441064177,-2.9998710081656363
40.0,-0.05770101581307811,0.0,0.0,-0.23721528723154334,-0.22964219544173442,-1.5593185263907845,-0.7053782233704755,-0.31654713675643914,-0.9238813319270939,-0.8820897291838617,-1.6048524836724203,-0.8899721567113074,-0.28153441933496853,-0.4021920276213837,-0.3073361175648561,-0.22649181085105002,-7.026366930844087,-5.5256236806417345,-0.6132686861922568,-2.853565572673775
41.0,-0.054886904064980896,0.0,0.0,-0.22564616115603253,-0.21844241341112153,-1.4832696644720074,-0.6709765214720336,-0.3011089507241764,-0.8788231076759626,-0.8390697054495555,-1.5265829044522579,-0.8465677024501561,-0.2678038236811448,-0.3825768909730641,-0.29234715823950186,-0.21544567488996888,-6.683686971957669,-5.256135833744354,-0.5833592194309695,-2.7143955374695254
42.0,-0.05221003816635768,0.0,0.0,-0.2146412680172482,-0.2077888511956082,-1.4109297493150748,-0.6382526103733335,-0.2864236939093722,-0.835962398952535,-0.7981477930307643,-1.4521305776547497,-0.8052801084025537,-0.25474287707930604,-0.3639183958275802,-0.2780892190865805,-0.20493826533675302,-6.357719711878214,-4.999791064230222,-0.5549084545765068,-2.582012904974443
43.0,-0.04966372455814473,0.0,0.0,-0.2041730898501505,-0.1976548693404629,-1.3421178934519153,-0.6071246632515045,-0.2724546455207808,-0.7951920316598562,-0.7592216658311689,-1.381309333682417,-0.7660061340776337,-0.24231892035980443,-0.34616988622829215,-0.264526647831581,-0.1949433081944542,-6.047650062666759,-4.755948376651527,-0.5278452498973912,-2.4560866496522564
44.0,-0.04724159613000599,0.0,0.0,-0.19421545075669125,-0.18801512761249234,-1.276662031400376,-0.5775148440249184,-0.2591668756612784,-0.7564100586433585,-0.7221939882570562,-1.3139420825361903,-0.7286475740826843,-0.23050088715949113,-0.329286981656416,-0.2516255309819378,-0.185435810864076,-5.752702688692208,-4.523998037277337,-0.502101933285331,-2.3363018902726025
45.0,-0.044937596299240753,0.0,0.0,-0.18474345145243418,-0.17884552163625939,-1.2143984894108921,-0.5493491127224427,-0.24652715798492594,-0.7195195047698733,-0.6869721718276349,-1.24986037099817,-0.6931110125585132,-0.21925922623962676,-0.3132274660566098,-0.23935360902563527,-0.17639199965005828,-5.472140067888399,-4.3033600494416815,-0.47761413303970135,-2.2223591025439378
46.0,-0.0427459638661722,0.0,0.0,-0.17573340700537457,-0.170123122620589,-1.1551715761968593,-0.522557040344947,-0.2345038866137977,-0.6844281244392852,-0.6534681436556068,-1.188903961410838,-0.6593075895911417,-0.20856582759239203,-0.29795118227484585,-0.22768019576562396,-0.1677892603136551,-5.2052606475647805,-4.093482703249775,-0.45432061690476255,-2.1139733701467933
47.0,-0.0406612186081473,0.0,0.0,-0.1671627876112722,-0.1618261200246473,-1.098833193625321,-0.4970716327561203,-0.22306699710682348,-0.6510481709224843,-0.6215981262190727,-1.1309204309994507,-0.6271527790157346,-0.1983939521512262,-0.28341993164460894,-0.21657610158834437,-0.15960608152555864,-4.95139709015926,-3.8938411960159103,-0.43216313895712666,-2.010873672294569
48.0,-0.038678147576125685,0.0,0.0,-0.15901016225740555,-0.15393376702022873,-1.0452424663944957,-0.4728291631622346,-0.21218789128302615,-0.6192961769488373,-0.5912824278740908,-1.0757647907357069,-0.5965661770571608,-0.1887181649292331,-0.26959737847033305,-0.206013560474489,-0.15182200107637117,-4.709914604546703,-3.703936319983386,-0.4110862939606097,-1.9128022060404002
49.0,-0.036791792059591724,0.0,0.0,-0.15125514513387703,-0.14642632861387916,-0.9942653897721431,-0.4497690127619666,-0.20183936571117303,-0.5890927459945349,-0.5624452435840563,-1.0232991227896575,-0.5674713012786741,-0.17951427141846524,-0.2564489591692361,-0.1959661605694912,-0.14441755471042333,-4.480209358730468,-3.523293214045089,-0.39103737882428213,-1.819513741635506
50.0,-0.03499743518719538,0.0,0.0,-0.14387834465846983,-0.13928503229913272,-0.9457744945139338,-0.4278335191678198,-0.19199554368702826,-0.5603623537499267,-0.5350144653676259,-0.9733922356632914,-0.5397953993359844,-0.17075925709105166,-0.24394179584435957,-0.18640877814013163,-0.13737422745499636,-4.2617069699478956,-3.351460176343381,-0.37196626081728956,-1.7307750093270833
51.0,-0.033290590132116896,0.0,0.0,-0.13686131498759163,-0.13249202111546737,-0.8996485281239429,-0.40696783222012045,-0.1826318105281136,-0.5330331592694083,-0.5089215019912039,-0.925919336143456,-0.5134692670585016,-0.16243122985089054,-0.23204461407270083,-0.17731751475211868,-0.13067440732324637,-4.053861068414219,-3.188007534780176,-0.3538252522109128,-1.6463641160624194
52.0,-0.0316669888926627,0.0,0.0,-0.13018650989205774,-0.12603030899660247,-0.8557721516602527,-0.3871197768330483,-0.17372475202418092,-0.5070368253316367,-0.48410110745513185,-0.8807617172538228,-0.4884270754028619,-0.1545093652920058,-0.2207276647028655,-0.16866963751155473,-0.12430134127506354,-3.856151931113507,-3.0325265726128867,-0.3365689910344066,-1.5660699906406819
53.0,-0.030122571620038043,0.0,0.0,-0.12383723888237859,-0.11988373829648533,-0.8140356513275199,-0.3682397225297454,-0.16525209588949086,-0.48230834756088187,-0.46049121784470337,-0.8378064614256144,-0.4646062058460312,-0.14697385462668527,-0.20996264946669332,-0.16044352222086025,-0.11823909332574553,-3.668085182220418,-2.884628506449679,-0.3201543276464445,-1.4896918559249743
54.0,-0.028653476466610327,0.0,0.0,-0.11779762547384243,-0.11403693938675995,-0.7743346641353406,-0.35028045934027235,-0.1571926560704972,-0.458785891882228,-0.43803279613805013,-0.7969461581448669,-0.44194709380638053,-0.13980585515319344,-0.19972265021884783,-0.1526185993070164,-0.11247250469773513,-3.4891905569031247,-2.7439435140884822,-0.30454021683854043,-1.4170387267949138
55.0,-0.027256029929278495,0.0,0.0,-0.11205256748703378,-0.10847529222469048,-0.7365699169364137,-0.333197079752093,-0.14952627976967772,-0.43641063990417855,-0.416669684582836,-0.7580786353701968,-0.42039307970120643,-0.13298744313920238,-0.18998206162743203,-0.14517530238691828,-0.10698715591578045,-3.3190207254162853,-2.610119809768854,-0.28968761520064745,-1.3479289325843504
56.0,1.1740732623361982,1.2,1.2,1.0934123007154815,-0.1031848897954391,-0.7006469781919635,-0.31694686641790193,-0.1422337970530433,-0.4151266418420401,-0.3963484642726251,-0.721106704049479,-0.3998902672682614,-0.1265015690031249,-0.18071652714732137,-0.13809501934122542,-0.101769330750736,-3.1571501745436756,-2.48282276452434,-0.2755593834922962,-1.2821896628100733
57.0,0.0,0.0,0.0,0.0,1.7168474966627145,-0.6664760218437058,0.3135108146599945,-0.13529697291531773,-0.31988067661431785,-0.377018321571791,-0.6859379150965925,-0.200387388797025,-0.12033201468127985,-0.17190287811611416,-0.13136004577436883,-0.09680598192184543,-3.0031741435935095,-2.3617340694357596,-0.26212019377514845,-1.2196565350555906
58.0,0.0,0.0,0.0,0.0,0.0,-2.2389716027019135,-1.0967792881962235,-0.21869846168292637,0.5357200880752635,0.25636907894504024,-0.7274843282205513,0.769385619477405,-0.1144633530742853,-0.16351907582040764,-0.12495354074434031,-0.09208469847174355,-2.8567076122858786,-2.246550939693107,-0.2493364410747501,-1.1601731839294644
59.0,0.0,0.0,-0.09,-0.09,0.0,-3.8997756691115826,-1.2082887311151964,-0.7480324118458416,1.7545927110733048,0.22886581142466886,-0.6170044988665238,1.9768622400346174,-0.10888090947127445,-0.155544156387535,0.10614051534843462,-0.0875936747325984,-2.822384338001505,-2.3169853574758124,-1.1671761593505907,-1.6135908700703856
60.0,0.0,0.0,-0.08561064820506425,-0.08561064820506425,0.0,-3.7095813654108976,-1.1493597943294063,-0.816550440628001,0.0,-0.9522961059106232,-1.8019128343711546,0.0,-0.10357072485547474,-0.14795817836496397,0.5059639813311008,0.021678319194207693,-2.504735029557,-1.7239846481682983,-1.065252306350016,-2.5848951147166597
61.0,0.0,0.0,-0.08143536762323636,-0.08143536762323636,-0.255,-3.528662947358381,-1.0933048557042202,-0.7767268057143778,0.0,-0.9508520767796331,-1.7140325084393238,0.0,4.716480479000604,2.8142578271437215,-0.6587121732203269,-0.02437894490875099,3.4374223393077155,3.2800950752748035,-6.2782993383173835,-6.463828292366634
62.0,0.0,0.0,-0.0774637178782552,-0.0774637178782552,-0.3475635032476821,-3.356568024672706,-1.0399837486953616,-0.7388453923939655,-0.16499999999999998,-0.9044784737803991,-1.630438156578253,-0.15,0.0,0.0,-0.8065864014439863,0.1418100302645142,0.0,0.0,-6.407103066430858,-6.193583666619348
63.0,0.0,0.0,-0.07368576777701837,-0.07368576777701837,-0.5406126311717446,-3.3578662704069164,-0.989263142761584,-0.7028114774019161,-0.1569528550426178,-0.8603665380874133,-1.6259207493659367,-0.1426844136751071,0.0,0.0,-0.767248718455665,0.8248938734769427,0.0,0.0,-9.589624962597785,-12.986519026795342
64.0,0.0,0.0,-0.07009207047642643,-0.07009207047642643,-0.5142466420273154,-3.19410119994953,-0.9410162099688693,-0.6685349571815212,-0.1492981739759333,-0.8184059668845618,-1.5466236587031297,-0.13572561270539393,-0.255,-0.945,-0.7298295569054926,0.694663324541637,1.0649999999999997,0.4950000000000003,-8.851933434349572,-12.173159020126107
65.0,0.0,0.0,-0.0666736398613546,-0.0666736398613546,-0.48916653734706794,-3.0383230462250315,-0.8951223078545306,-0.6359301225783879,-0.14201681611013453,-0.7784918368875521,-1.4711939327873669,-0.12910619646375868,-0.4375635032476821,-0.8989118061531747,-0.6942353493988228,0.6607841944254941,0.0,-1.5241414348721463,-10.640219546474974,-16.694467049070234
66.0,0.0,0.0,-0.0634219280746842,-0.0634219280746842,-0.46530960380565844,-2.890142282707893,-0.8514666777582162,-0.6049154445229085,-0.135090574257867,-0.7405243419810499,-1.399442958014269,-0.12280961296169729,-0.416223279376809,-0.8550713600439818,-0.6603770918766944,0.6285573689825307,0.0,-7.839808179951125,-12.551289915754637,-18.640268283433212
67.0,0.0,0.0,-0.060328804143207536,-0.060328804143207536,-0.44261618664271174,-2.749188380305409,-0.8099401578654829,-0.5754133701651198,-0.1285021292067818,-0.704408543651404,-1.40619131957349,-0.11682011746071075,-0.3959238305054019,-0.8133690377216796,-0.6281701210593231,0.5979022643629356,0.46499999999999997,-7.382456223210898,-16.3191562833049,-19.14117167178909
68.0,0.0,0.0,-0.057386533645959595,-0.057386533645959595,-0.4210295404948473,-2.6151088808419645,-0.7704389102464008,-0.5473501289521833,-0.12223500641248346,-0.6700541335909111,-1.3376105596557906,-0.1111227331022577,-1.7566143974377715,-1.8387005616586927,-0.5975339027438038,0.568742226837629,-0.14267831760716798,-7.892409584606617,-18.80826163970533,-25.002645713625306
69.0,0.0,0.0,-0.054587759374137006,-0.054587759374137006,-0.4004956875027137,-2.487568515730008,-0.7328641612066411,-0.5206555481635768,-0.11627353480358772,-0.637375207880007,-1.2723745228674557,-0.10570321345780703,-1.6709433023443998,-1.7490260770957378,-0.5683918304266541,0.5410043411240124,-0.12071981394619646,-7.432492227089272,-17.890971895395754,-24.023252293167044
70.0,0.0,0.0,-0.0519254829342438,-0.0519254829342438,-0.38096328233822413,-2.366248367623951,-0.6971219543017917,-0.495262877442743,-0.1106028075958805,-0.606290052182722,-1.2103200851365805,-0.10054800690534592,-1.784450435862386,-1.66372506875252,-0.5406710337476536,0.5146192480597823,-0.27983223914587374,-7.475005303780159,-17.123418899815753,-22.851624453464744
71.0,0.0,0.0,-0.04939304724846238,-0.04939304724846238,-0.362383483814492,-2.250845072960685,-0.6631229153973064,-0.4711086218864281,-0.1052086450175926,-0.5767209374182786,-1.1512920780461247,-0.09564422274326602,-1.6974217611554259,-1.5825842396768706,-0.5143021962759866,0.4895209711688969,-0.13118465979947563,-7.035444993254585,-16.64829990555639,-22.26213757777571
72.0,0.0,0.0,-0.04698411990849145,-0.04698411990849145,-0.344709832757423,-2.14107006339266,-0.6307820291866154,-0.4481323832743515,-0.10007755885258451,-0.5485939253979014,-1.0951429008320464,-0.09097959895689504,-2.0346375249988644,-2.1054006955317295,-0.48921938218306,0.46564675168602043,-0.30478670844437716,-6.812322292039989,-16.121352738077693,-21.506400316263306
73.0,0.0,0.0,-0.04469267734122686,-0.04469267734122686,-0.32789813583358085,-2.036648844216707,-0.6000184266085767,-0.4262767090421948,-0.0951967187127803,-0.5218386839408334,-1.04173215130451,-0.08654247155707304,-1.9354070819722269,-2.00271909195405,-0.46535987136858703,0.4429368916269201,-0.2899220852690118,-6.480081413370583,-15.335105087214654,-20.45752079592112
74.0,0.0,0.0,-0.04251298974669133,-0.04251298974669133,-0.31190635504383407,-1.9373203079943027,-0.5707551826327003,-0.40548694862026524,-0.09055391995551436,-0.496388311007249,-0.9909262747692797,-0.082321745414104,-1.8410161647590477,-1.9050453292760436,-0.44266400262766736,0.42133460451241034,-0.27578241832048905,-6.1640441135582735,-14.767203186769166,-19.594795733415438
75.0,0.0,0.0,-0.040439606770549946,-0.040439606770549946,-0.2966945026064617,-1.8428360816469664,-0.5429191239065034,-0.3857111167786055,-0.08613755316556765,-0.4721791674083069,-0.9425982300714184,-0.07830686651415245,-1.7512287469002608,-1.8121351722150243,-0.4210750244666986,0.40078587337257604,-0.5023323510664139,-5.8634201347370505,-14.046998188835543,-18.639146268705815
76.0,0.0,0.0,-0.038467343875385404,-0.038467343875385404,-0.28222454096687016,-1.7529599053941947,-0.516440645784015,-0.36689976363684057,-0.08193657512558257,-0.44915071767503006,-0.896627171926227,-0.07448779556871146,-1.6658203130830416,-1.7237562969835998,-0.40053895319508176,0.38123931567621155,-0.47783331321299555,-5.577457760371823,-13.361918003128606,-17.730104378365663
77.0,0.0,0.0,-0.036591269376653926,-0.036591269376653926,-0.26846028768389407,-1.6674670419809459,-0.49125353827790574,-0.34900585101371984,-0.07794048120226743,-0.42724537868810153,-0.8528981487430877,-0.07085498291115223,-1.584577297735581,-1.6396877103591916,-0.38100443793787603,0.36264605484772877,-0.4545291075348672,-5.305441935575531,-12.710249572341754,-16.86539698417036
78.0,0.0,0.0,-0.03480669211090511,-0.03480669211090511,-0.2553673249548467,-1.586143714717443,-0.46729482050003174,-0.33198463480716267,-0.07413927907934156,-0.40640837569007243,-0.8113018151866117,-0.06739934461758326,-1.5072965510019132,-1.5597191970858673,-0.36242263223186383,0.3449595980502594,-0.4323614613792149,-5.046692479099467,-12.090363385959092,-16.04286186722845
79.0,0.0,0.0,-0.03310914970542981,-0.03310914970542981,-0.24291291355308567,-1.508786572926098,-0.4445045831764097,-0.31579355311069707,-0.0705234637715399,-0.3865876053199376,-0.7717341587563453,-0.06411223979230903,-1.433784830761461,-1.4836507942267052,-0.34474707188394976,0.32813571992934587,-0.41127494408403825,-4.800562382525867,-11.50070940563037,-15.260442261308167
80.0,0.0,0.0,-0.03149439742000398,-0.03149439742000398,-0.23106591096289336,-1.4352021834588968,-0.42282583884282593,-0.300392119786524,-0.06708399385719885,-0.3677335053275934,-0.7340962397013411,-0.06098544896108989,-1.363858319423078,-1.411292291152296,-0.32793355878647584,0.3121323520265191,-0.39121682837262306,-4.566436192409857,-10.939813189267726,-14.516181709850542
81.0,0.0,0.0,-0.029958397532827162,-0.029958397532827162,-0.2197966935069663,-1.3652065470137746,-0.40220437934649295,-0.2857418232290848,-0.0638122688699927,-0.3497989306423969,-0.6982939436192449,-0.05801115351817521,-1.2973421642853256,-1.3424627539150926,-0.31194005039893047,0.29690947758624003,-0.37213695850788486,-4.34372847132526,-10.40627220417246,-13.808219173808922
82.0,0.0,0.0,-0.028497309244114793,-0.028497309244114793,-0.20907708227179136,-1.2986246380405198,-0.38258864029743134,-0.2718060300659871,-0.06070010779328798,-0.3327390354859324,-0.6642377461212684,-0.055181916175716376,-1.234070040313641,-1.2769900728202972,-0.2967265546196984,0.2824290314931667,-0.3539876248769014,-4.131882333966093,-9.898752319972745,-13.134784378081985
83.0,0.0,0.0,-0.027107479072098192,-0.027107479072098192,-0.19888027264568453,-1.2352899670857316,-0.3639295721306363,-0.2585498935554927,-0.05773972860334063,-0.31651116123420614,-0.6318424889745855,-0.05249066236667333,-1.1738837342411177,-1.2147105320619762,-0.28225502978497535,0.26865480508953904,-0.3367234446920295,-3.9303680546432336,-9.415984472602782,-12.494193384903895
84.0,0.0,0.0,-0.025785431717417113,-0.025785431717417113,-0.18918076729329958,-1.1750441644824665,-0.34618051745661627,-0.24594026645151218,-0.05492372881018313,-0.3010747297488666,-0.6010271671623937,-0.04993066255471196,-1.1166327489529275,-1.1554684003482698,-0.268489289544794,0.2555523556346737,-0.32030124851029723,-3.738681742694274,-8.956761490981604,-11.88484438312276
85.0,0.0,0.0,-0.02452786137306114,-0.02452786137306114,-0.17995431239900886,-1.117736584343579,-0.3292970943936165,-0.2339456181182242,-0.05224506694754378,-0.2863911419107224,-0.5717147263291782,-0.04749551540685801,-1.0621739271651436,-1.0991155414920453,-0.2553949123783,0.24308892018017247,-0.3046799722873102,-3.556344082494401,-8.519935078456589,-11.305213682838406
86.0,0.0,0.0,-0.02333162345813024,-0.02333162345813024,-0.1711778370197309,-1.0632239278685365,-0.3132370855897971,-0.22253595568706222,-0.049697044965513346,-0.2724236811018388,-0.5438318701046874,-0.04517913178683034,-1.010371093456963,-1.0455110439932689,-0.24293915552202056,0.23123333364548546,-0.2898205546957516,-3.3828991349176687,-8.104412941463707,-10.753851905383975
87.0,0.0,0.0,-0.02219372675474459,-0.02219372675474459,-0.16282939539555566,-1.0113698850217767,-0.29796033265786365,-0.2116827490589206,-0.047273291481931365,-0.2591374213948682,-0.5173088768248288,-0.04297571952902854,-0.961094713761224,-0.9945208686868579,-0.23109087309590107,0.2199559508889767,-0.2756858394517175,-3.2179131972516974,-7.709156058224661,-10.229380359124306
88.0,0.0,0.0,-0.021111325928441796,-0.021111325928441796,-0.15488811207391362,-0.962044793686618,-0.28342863575818095,-0.2013588595640461,-0.04496774585061208,-0.24649914022003946,-0.4920794251911927,-0.04087976895510191,-0.9142215714617676,-0.94601751357495,-0.2198204382223815,0.20922857257962862,-0.2622404824046535,-3.0609737187149846,-7.333176080651237,-9.730487592008721
89.0,0.0,0.0,-0.02008171441335869,-0.02008171441335869,-0.14733412971007095,-0.9151253154424298,-0.26960565807927694,-0.19153847210122765,-0.0427746430065721,-0.23447723529142894,-0.46808042843326036,-0.03888603909688375,-0.8696344592877157,-0.8998796950054961,-0.20909966894377072,0.199024374684026,-0.24945086315856815,-2.911688268865065,-6.975532862960278,-9.255926112257795
90.0,0.0,0.0,-0.019102317644406883,-0.019102317644406883,-0.14014855941342436,-0.8704941271543369,-0.25645683497688687,-0.18219703058659684,-0.04068849905036507,-0.22304164558478445,-0.4452518765586179,-0.03698954459124099,-0.8272218862342434,-0.8559920443999561,-0.19890175775267285,0.18931784139230054,-0.23728500100353114,-2.7696835563179962,-6.635332110819523,-8.804509268984113
91.0,0.0,0.0,-0.018170686619518994,-0.018170686619518994,-0.1333134335154358,-0.8280396276042713,-0.24394928754433867,-0.1733111765506275,-0.038704097535476614,-0.21216377616930673,-0.4235366862967171,-0.03518554321406967,-0.7868777987769945,-0.8142448197717599,-0.18920120455925543,0.1800847013153155,-0.22571247494724028,-2.6346044953254584,-6.311723145145963,-8.37510828494696
92.0,1.2,1.2,1.182715508224132,1.182715508224132,-0.1268116606411022,-0.7876556584297966,-0.23205174039816048,-0.16485869072979503,-0.03681647642449092,-0.20181642670542796,-0.40288055836096565,-0.033469524022264496,-0.7485013156830291,-0.7745336313141787,-0.17997375292774243,0.17130186679355056,-0.21470434764669521,-2.50611331787543,-6.003896774965032,-7.966649434021258
93.0,0.0,0.0,0.0,0.0,2.174373017028384,-0.7492412386729064,0.30426555652666876,-0.15681843750684413,0.03997908431858739,-0.19197372342979477,-0.3832318416722277,0.14816280392598852,-0.7119964757551951,-0.7367591803714344,-0.1711963294226901,0.16294737616592705,-0.2042330930497671,-2.38388872909622,-5.71108327401168,-7.578111356322981
94.0,0.0,0.0,0.0,0.0,0.0,-2.317700312275031,-1.0155736497697474,-0.23917031206073652,0.8780292813684355,0.4323889455426172,-0.43954140420422183,1.10093681871093,-0.6772719978791508,-0.7008270111403373,-0.16284698591338018,0.15500033885421616,-0.19427252756573074,-2.267625103851936,-5.432550456013784,-7.208522504277434
95.0,-0.09,0.0,-0.09,-0.18,0.0,-3.974664734210503,-1.1310435384085664,-0.6775058382991905,2.8302072880108726,1.3413010878289744,0.49689528303458214,0.0,-0.6442410527730335,-0.6666472744815786,0.14509515530793948,0.14744088312571169,-0.18479774459264914,-2.157031722520449,-5.167601843845083,-6.8569587132442695
96.0,-0.08561064820506425,0.0,-0.08561064820506425,-0.1712212964101285,0.0,-3.7808180477063402,-1.0758818941256318,-0.6444634886612128,0.0,0.0,-0.7573385858818951,0.0,-0.6128210458690267,-0.6341345032500815,0.39301878108141286,0.24525010640354777,-0.28078505223789557,-2.1568320440429107,-6.295574927969587,-8.142540890624502
97.0,-0.08143536762323636,0.0,-0.08143536762323636,-0.16287073524647272,-0.36,-3.596425375661615,-1.023410514979863,-0.613032633430928,0.0,0.0,-0.6454027472006196,-0.72,3.3620665892160795,1.991792601417379,-0.7061489710539557,0.5332891175729857,2.852908996351344,0.18335789600036367,-7.833536115633634,-11.600424485362275
98.0,-0.0774637178782552,0.0,-0.0774637178782552,-0.1549274357565104,-0.342442592820257,-3.4210256403503623,-0.9734981951922743,-0.5831346790986588,0.0,0.09,-0.6139260837908252,-0.684885185640514,0.0,0.0,-1.2717096793474256,1.0172803004014448,0.0,3.6994154258900886,-11.771490051079741,-10.074665107175148
99.0,-0.07368576777701837,0.0,-0.07368576777701837,-0.14737153555403673,-0.32574147049294544,-3.2541802510726616,-0.9260201279652308,-0.5546948652054258,0.0,0.08561064820506425,-0.5839845553703238,-0.6514829409858909,0.0,0.0,-1.3896876664176392,0.0,0.0,0.0,-14.752387706804463,-16.123317891935642
100.0,-0.07009207047642643,0.0,-0.07009207047642643,-0.14018414095285286,-0.3098548715130208,-3.095472007449437,-0.880857593400444,-0.5276420774028583,0.0,0.08143536762323636,-0.5555032925222184,-0.6197097430260416,-0.45,-0.84,-1.3219117991621911,0.0,-5.07,0.0,-19.702905268355018,-24.621974399388005
101.0,-0.0666736398613546,0.0,-0.0666736398613546,-0.1333472797227092,-0.29474307110807346,-2.944504056204198,-0.8378976616373883,-0.5019086696302821,0.0,0.0774637178782552,-0.5284110772541616,-0.5894861422161469,-0.30805324102532133,-0.6040327165805996,-1.2574413999577545,0.0,-7.05773318221862,-1.9649999999999999,-19.16198323940943,-25.176146538001166
102.0,-0.0634219280746842,0.0,-0.0634219280746842,-0.1268438561493684,-0.28036828190570573,-2.8008988988231374,-0.7970329104698269,-0.47743029496433226,0.0,0.07368576777701837,-0.5026401649162785,-0.5607365638114115,-0.29302930717609615,-0.5745736933725667,-1.196115259225187,0.0,-6.713523473201411,-1.869165819143903,-18.22744228911576,-23.94829138248849
103.0,-0.060328804143207536,0.0,-0.060328804143207536,-0.12065760828641507,-0.2666945594454184,-2.6642974476122165,-0.7581611567343426,-0.4541457447181279,0.0,0.07009207047642643,-0.4781261148042556,-0.5333891188908368,-0.2787380992269609,-0.5465514036800363,-1.1377800296692968,0.0,-6.386101069785413,-1.8530055264406604,-17.458479438795564,-22.780319429539936
104.0,-0.057386533645959595,0.0,-0.057386533645959595,-0.11477306729191919,-0.2536877122987368,-2.53435812779089,-0.7211852007992043,-0.431996795387673,0.0,0.0666736398613546,-0.4548076290240144,-0.5073754245974736,-0.26514388171408493,-0.5198957771826184,-1.0822898428307306,0.0,-6.479647245415372,-2.167633380512792,-16.712019349223052,-21.669310140903708
105.0,-0.054587759374137006,0.0,-0.054587759374137006,-0.10917551874827401,-0.24131521657283014,-2.4107560233772354,-0.686012583514659,-0.4109280630627689,0.0,0.0634219280746842,-0.4326263992150475,-0.4826304331456603,-0.25221266201277437,-0.49454016092977354,-1.0295059443388441,0.0,-6.028631120224102,-1.9869166530737201,-16.25696454780624,-21.04748541465932
106.0,-0.0519254829342438,0.0,-0.0519254829342438,-0.1038509658684876,-0.22954613458383838,-2.2931820647287573,-0.6525553550168971,-0.3908868649383908,0.0,0.060328804143207536,-0.41152696074914574,-0.45909226916767676,-0.23991210533820445,-0.470421152673719,-0.9792963469535028,0.0,-5.914611311017866,-1.8900135844341996,-15.599103030938242,-20.140987438173557
107.0,-0.04939304724846238,0.0,-0.04939304724846238,-0.09878609449692476,-0.21835103749654802,-2.181342255707295,-0.6207298548075821,-0.3718230875802338,0.0,0.057386533645959595,-0.39145655403993784,-0.43670207499309605,-0.2282114538916149,-0.4474784423307842,-0.931535500528232,0.0,-5.626152313524939,-1.7978365342198754,-14.838325798846727,-19.15869988968994
108.0,-0.04698411990849145,0.0,-0.04698411990849145,-0.0939682398169829,-0.2077019317369752,-2.0749569385355393,-0.5904565025590282,-0.3536890616150244,0.0,0.054587759374137006,-0.37236499261644274,-0.4154038634739504,-0.2170814499497921,-0.4256546611747878,-0.8861039780694546,0.0,-5.351761627347688,-1.7101550117923303,-14.11465211019107,-18.224319070251656
109.0,-0.04469267734122686,0.0,-0.04469267734122686,-0.08938535468245372,-0.1975721889938495,-1.9737600945069245,-0.5616595991219288,-0.3364394425322572,0.0,0.0519254829342438,-0.35420453763075144,-0.395144377987699,-0.2064942627055213,-0.4048952383853398,-0.8428881771068006,0.0,-5.090753132846946,-1.6267497676742302,-13.42627240380484,-17.33550854111287
110.0,-0.04251298974669133,0.0,-0.04251298974669133,-0.08502597949338266,-0.1879364796339658,-1.8774986788002967,-0.5342671372380541,-0.32003109729930007,0.0,0.04939304724846238,-0.33692977848604116,-0.3758729592679316,-0.19642341867607227,-0.3851482645923662,-0.8017800356277579,0.0,-4.8424741728332075,-1.5474122453114283,-12.771465371861096,-16.490045812990008
111.0,-0.040439606770549946,0.0,-0.040439606770549946,-0.08087921354109989,-0.17877070936490744,-1.785931987736057,-0.5082106214845982,-0.30442299650634524,0.0,0.04698411990849145,-0.32049751928643,-0.3575414187298149,-0.18684373550570302,-0.3663643620756452,-0.7626767618663541,0.0,-4.606303920583703,-1.4719440595729476,-12.148593655706227,-15.685816788680894
112.0,-0.038467343875385404,0.0,-0.038467343875385404,-0.07693468775077081,-0.1700519589867653,-1.6988310568915859,-0.4834248969999445,-0.28957611177151366,0.0,0.04469267734122686,-0.3048666708247373,-0.3401039179735306,-0.1777312589966535,-0.34849656129478723,-0.7254805772702001,0.0,-4.3816518274522185,-1.4001565006848196,-11.55609975161046,-14.920810476720565
113.0,-0.036591269376653926,0.0,-0.036591269376653926,-0.07318253875330785,-0.16175842708219978,-1.615978088570923,-0.45984798656257414,-0.27545331814957136,0.0,0.04251298974669133,-0.2899981478380635,-0.32351685416439957,-0.16906320321117407,-0.33150018344091825,-0.6900984720031782,0.0,-4.1679561461898755,-1.3318700623573545,-10.992502116197263,-14.193113962855127
114.0,-0.03480669211090511,0.0,-0.03480669211090511,-0.06961338422181022,-0.15386937550154162,-1.537165907197083,-0.4374209356157295,-0.2620193013002288,0.0,0.040439606770549946,-0.2758547712742741,-0.30773875100308323,-0.16081789349481238,-0.3153327287163858,-0.6564419723724053,0.0,-3.964682526284409,-1.2669139929259163,-10.456391461813205,-13.500907626759732
115.0,-0.03310914970542981,0.0,-0.03310914970542981,-0.06621829941085962,-0.1463650775066157,-1.4621974412651992,-0.41608766485031423,-0.24924046918389586,0.0,0.038467343875385404,-0.26240117532500384,-0.2927301550132314,-0.1529747122784875,-0.29995377006312746,-0.6244269195979167,0.0,-3.7713226778055557,-1.205125868382821,-9.946427232574754,-12.842460592039961
116.0,-0.03149439742000398,0.0,-0.03149439742000398,-0.06298879484000797,-0.13922676844362045,-1.3908852305611121,-0.3957948299774104,-0.2370848680640852,0.0,0.036591269376653926,-0.24960371899271436,-0.2784535368872409,-0.14551404752382796,-0.28532485207396824,-0.59397325937188,0.0,-3.5873931004154707,-1.146351186232714,-9.461334252280313,-12.216126398139272
117.0,-0.029958397532827162,0.0,-0.029958397532827162,-0.059916795065654324,-0.13243659882171924,-1.3230509574131897,-0.37649168833977004,-0.2255221026064275,0.0,0.03480669211090511,-0.2374304019706776,-0.2648731976434385,-0.13841724368286043,-0.27140939483407217,-0.5650048416811267,0.0,-3.4124338743660405,-1.0904429791558554,-8.999899535805495,-11.62033888333
118.0,-0.028497309244114793,0.0,-0.028497309244114793,-0.056994618488229586,-0.12597758968001593,-1.258525000805267,-0.35812997202874164,-0.214523259874503,0.0,0.03310914970542981,-0.22585078462554087,-0.25195517936003187,-0.13166655504942243,-0.25817260245210155,-0.5374492303924552,0.0,-3.2460075104599504,-1.0372614475132684,-8.560969256008505,-11.053608268493265
119.0,-0.027107479072098192,0.0,-0.027107479072098192,-0.054214958144196385,-0.11983359013130865,-1.197146012235755,-0.3406637671893567,-0.2040608370324406,0.0,0.03149439742000398,-0.21483591188238796,-0.2396671802626173,-0.12524510138565367,-0.2455813760523642,-0.5112375221245667,0.0,-3.087697856099814,-0.9866736097748239,-8.143445858561277,-10.514517431895182
120.0,-0.025785431717417113,0.0,-0.025785431717417113,-0.051570863434834226,-0.11398923697645917,-1.1387605122623419,-0.324049399211777,-0.19410867257350245,0.0,0.029958397532827162,-0.20435824082197002,-0.22797847395291834,-0.11913682571260892,-0.23360423101038383,-0.48630417395372266,0.0,-2.937109054689915,-0.9385529699961478,-7.746285317491966,-10.001718365644379
121.0,-0.02452786137306114,0.0,-0.02452786137306114,-0.04905572274612228,-0.10842991628839277,-1.0832225067234458,-0.3082453235220208,-0.18464188090269026,0.0,0.028497309244114793,-0.19439157180906086,-0.21685983257678554,-0.11332645415944685,-0.22221121822493925,-0.46258683952229473,0.0,-2.7938645557885238,-0.8927792015128716,-7.368494524576214,-9.513928804970124
122.0,-0.02333162345813024,0.0,-0.02333162345813024,-0.04666324691626048,-0.10314172686966845,-1.0303931216767641,-0.2932120216988882,-0.17563679010979544,0.0,0.027107479072098192,-0.1849109829797222,-0.2062834537393369,-0.10779945777079718,-0.21137384922971153,-0.4400262131403966,0.0,-2.6576061735356604,-0.8492378460612958,-7.0091288060492944,-9.049929021892497
123.0,-0.02219372675474459,0.0,-0.02219372675474459,-0.04438745350948918,-0.09811144549224456,-0.9801402561420826,-0.2789119026573243,-0.1670708827772934,0.0,0.025785431717417113,-0.17589276792366246,-0.1962228909844891,-0.10254201617680442,-0.20106502495727918,-0.41856588149076795,0.0,-2.527993191001871,-0.8078200275731123,-6.667289560429647,-8.60855877526711
124.0,-0.021111325928441796,0.0,-0.021111325928441796,-0.04222265185688359,-0.09332649383252097,-0.9323382517800156,-0.2653092086511258,-0.15892273967507106,0.0,0.02452786137306114,-0.16731437640586308,-0.18665298766504193,-0.09754098303500458,-0.19125896797733438,-0.39815218256609725,0.0,-2.4047015082184333,-0.7684221799285226,-6.3421220115471115,-8.188714409577905
125.0,-0.02008171441335869,0.0,-0.02008171441335869,-0.04016342882671738,-0.08877490701897836,-0.8868675786807061,-0.2523699258599502,-0.15117198620119462,0.0,0.02333162345813024,-0.159154357979245,-0.17754981403795672,-0.09278385315762132,-0.18193115803968027,-0.3787340714860519,0.0,-2.287422831758619,-0.7309457879869926,-6.032813071157269,-7.789346095223495
126.0,-0.019102317644406883,0.0,-0.019102317644406883,-0.038204635288813765,-0.08444530371376718,-0.8436145364767897,-0.2400616993370483,-0.14379924143479225,0.0,0.02219372675474459,-0.15139230834737782,-0.16889060742753437,-0.08825873124208289,-0.17305827076083352,-0.36026299285848945,0.0,-2.175863903843545,-0.695297141248088,-5.738589305797315,-7.4094552033963295
127.0,-0.018170686619518994,0.0,-0.018170686619518994,-0.03634137323903799,-0.08032685765343477,-0.8024709700332533,-0.22835375210504388,-0.13678606967365667,0.0,0.021111325928441796,-0.14400881834311086,-0.16065371530686953,-0.0839543021265697,-0.1646181193009164,-0.3426927593656858,0.0,-2.0697457690449723,-0.6613870995264104,-5.458715002799532,-7.048091808990511
128.0,1.182715508224132,1.2,1.182715508224132,1.1654310164482642,-0.07640927057762753,-0.7633339990032613,-0.21721680819745962,-0.130114934335387,0.0,0.02008171441335869,-0.1369854253955452,-0.15281854115525506,-0.07985980249621596,-0.1565895988850006,-0.32597943627198295,0.0,-1.9688030767514368,-0.6291308700547038,-5.192490330626412,-6.704352315294241
129.0,0.0,0.0,0.0,0.0,1.7423172535219238,-0.7261057605737008,0.4083769805464485,-0.12376915410679838,0.075,0.019102317644406883,-0.13030456736398996,0.034634507043848045,-0.0759649939692162,-0.14895263403017678,-0.31008123156406553,0.0,-1.8727834176535043,-0.5984477954577694,-4.939249588927284,-6.37737719452737
130.0,0.0,0.0,0.0,0.0,0.0,-2.2956931647571746,-0.9165397998154625,-0.20773286123195,0.9113422068375536,0.6331706866195191,-0.19894953862346268,0.9929453622031854,-0.07226013749553774,-0.14168812834639052,-0.2949583914491587,0.0,-1.7814466925890233,-0.569261152067015,-4.698359543940689,-6.066348838574249
131.0,0.0,0.0,0.0,-0.09,0.0,-3.8037308879421903,-1.036839626310462,-0.3776016100395545,2.711895522933297,1.5622905878438071,0.845753344870521,2.834518845449189,-0.06873596900422282,-0.13477791678552037,0.0494268990501604,0.0,-1.7995645121701571,-0.7214979580713201,-5.3992178450801385,-6.280489514537558
132.0,0.0,0.0,0.0,-0.08561064820506425,0.0,-3.6182207434928397,-0.9862723610348362,-0.46418576220846847,0.0,0.0,-0.3354945324892603,0.0,-0.0653836762383858,-0.12820472021929566,0.2720163207383389,0.105,-1.6817987152635268,-0.35631008743462206,-7.415894883529566,-6.154186426496329
133.0,0.0,0.0,0.0,-0.08143536762323636,-0.36,-3.4417580355492396,-0.9381712903881276,-0.44154715544698675,0.0,0.0,-0.3941322710628952,0.0,4.392805123280019,2.7430478977675246,-0.4912500717692681,0.744879089572575,5.885223575953834,5.451067360585767,-14.839217422217619,-15.559043212746207
134.0,0.0,0.0,0.0,-0.0774637178782552,-0.462442592820257,-3.2739015154262114,-0.8924161366389909,-0.42001264656576454,-1.05,-1.2449999999999999,-1.4699102133803172,-0.6749999999999999,0.0,0.0,-1.1422915230550155,1.1285509076967364,0.0,0.0,-14.100500248577035,-14.860219721042316
135.0,0.0,0.0,0.0,-0.07368576777701837,-0.4398890014330311,-3.1142314543908904,-0.8488924880702579,-0.399528388075774,-0.9987908957257497,-1.1842806335033889,-1.3982218463414808,-0.6420798615379819,0.0,0.0,-1.0115813080876666,0.0,0.0,0.0,-16.607810736626107,-18.560478253201246
136.0,0.0,0.0,0.0,-0.07009207047642643,-0.41843536167733597,-2.9623485941222683,-0.8074915128900506,-0.38004315866101646,-0.9500792889377576,-1.1265225854547696,-1.3300297622197326,-0.6107652571742727,-0.195,-1.17,-0.9622459055279106,0.0,0.585,-0.02999999999999997,-17.67283824921763,-19.26027304725064
137.0,0.0,0.0,0.0,-0.0666736398613546,-0.3980280282790804,-2.8178731483574246,-0.7681096870956138,-0.36150823509855223,-0.9037433752463108,-1.0715814306491969,-1.3401634452850977,-0.580977884086914,3.0095102622223604,-1.1129384266658353,-0.9153166189434828,0.0,0.13646921333291767,-0.4335368827350214,-18.77592375709749,-21.17093844646284
138.0,0.0,0.0,0.0,-0.0634219280746842,-0.49861597227506355,-2.680443853228048,-0.7306485356093843,-0.34387727042506466,-0.859667290731881,-1.0193197875820874,-1.2748029027954375,-0.5526432583276377,0.0,-0.8786597791020727,-0.8706761006735485,0.0,-0.24518646873926356,-0.18739303946386798,-16.840211149933133,-19.598419594568888
139.0,0.0,0.0,0.0,-0.060328804143207536,-0.47429818435407267,-2.549717063912593,-0.695014386040004,-0.32710617804531067,-0.8177408222249751,-0.969606974923899,-1.2126300315779437,-0.5256905285731983,0.0,-0.8358070360071891,-0.8282127261702252,0.0,-0.878228583554212,-1.2432537730846547,-16.198904360621402,-18.98759339206528
140.0,0.0,0.0,0.0,-0.057386533645959595,-0.4511663889448581,-2.4253658953452257,-0.6611181344525501,-0.31115302149266894,-0.7778591317158038,-0.9223186847487387,-1.15348936707017,-0.5000522989601596,0.0,-0.7950442458547661,-0.7878203148790708,0.0,-0.8353968701143503,-1.1826195710796574,-15.408874472496002,-18.061557534987816
141.0,0.0,0.0,0.0,-0.054587759374137006,-0.4291627445100827,-2.307079404832898,-0.6288750225622849,-0.2959779095661298,-0.7399224942046492,-0.8773366716997981,-1.0972330268058508,-0.47566446056013156,0.0,-0.7562694804370333,-0.7493978647323898,0.0,-0.7946540839885712,-1.1249425340013839,-14.657374796676116,-17.330684979592995
142.0,0.0,0.0,0.0,-0.0519254829342438,-0.4082322304774729,-2.1945618145366477,-0.5982044257947958,-0.28154289658151405,-0.7038360483374213,-0.8345484573143709,-1.043720340631706,-0.45246603107405653,0.0,-0.7193857826435732,-0.712849299591455,0.0,-0.7558983469895906,-1.0700784392145113,-13.942526192533492,-16.485457499341415
143.0,0.0,0.0,0.0,-0.04939304724846238,-0.3883225096597294,-2.0875317718729383,-0.5690296516825637,-0.2678118874874976,-0.669509559202862,-0.7938470487691077,-0.9928174989587868,-0.43039900234469697,0.0,-0.6843009240180419,-0.6780832290061168,0.0,-0.7190327495879493,-1.017890097904642,-13.442541166209764,-15.816452249729513
144.0,0.0,0.0,0.0,-0.04698411990849145,-0.3693837973842974,-1.9857216459856508,-0.5412777480938468,-0.25475054760918237,-0.6368571926982651,-0.7551306713422286,-0.944397218168805,-0.40940819530602757,0.0,-0.6509271741389888,-0.6450127196910744,0.0,-0.683965108587711,-0.968247012034808,-12.78694069736087,-15.045074771153228
145.0,0.0,0.0,0.0,-0.04469267734122686,-0.35136873700575355,-1.8888768585295412,-0.5148793208143523,-0.24232621679352429,-0.6057973008995111,-0.7183025139237059,-0.8983384223387876,-0.3894411220068285,0.0,-0.6191810812481063,-0.6135550781473811,0.0,-0.6506077366204567,-0.9210250480324064,-12.16331424067534,-14.311317816134297
146.0,0.0,0.0,0.0,-0.04251298974669133,-0.33423228148952566,-1.796755247091772,-0.48976836002555485,-0.23050782774193937,-0.5762522178987278,-0.6832704869370629,-0.8545259404882043,-0.37044785436346783,0.0,-0.5889832635773661,-0.5836316438856239,0.0,-0.6188772228811891,-0.8761061263906084,-11.570102405178943,-13.613346610088243
147.0,0.0,0.0,0.0,-0.040439606770549946,-0.31793158077084216,-1.7091264596597444,-0.465882075245767,-0.2192658283258747,-0.5481480655990669,-0.649946992067465,-0.812850218591526,-0.3523808993136858,0.0,-0.5602582108532503,-0.5551675927337277,0.0,-0.5886942245578736,-0.8333779264080882,-11.005821852292692,-12.949415861442985
148.0,0.0,0.0,0.0,-0.038467343875385404,-0.30242587460725046,-1.6257713786210815,-0.4431607383212293,-0.20857210769109416,-0.52141456898098,-0.6182487032203049,-0.7732070456360968,-0.3351950800592014,0.0,-0.532934095481737,-0.5280917497375506,0.0,-0.5599832684330802,-0.7927336053287641,-10.46906158671376,-12.317865397500828
149.0,0.0,0.0,0.0,-0.036591269376653926,-0.28767639065677997,-1.5464815728554637,-0.4215475340746145,-0.19839992596590045,-0.4959848803780655,-0.5880963581625633,-0.7354972930403216,-0.31884742310018493,0.0,-0.5069425929419012,-0.5023364111864254,0.0,-0.5326725621616277,-0.7540715311792565,-9.958479428192263,-11.717116013141972
150.0,0.0,0.0,0.0,-0.03480669211090511,-0.2736462475268914,-1.471058776548262,-0.40098841823749065,-0.18872384739752776,-0.4717954123230827,-0.559414560325941,-0.6996266667805782,-0.3032970507791246,0.0,-0.48221871093902446,-0.4778371753186174,0.0,-0.506693814752326,-0.7172950286360164,-9.472798655381526,-11.14566552198914
151.0,0.0,0.0,0.0,-0.03310914970542981,-0.2603003625517848,-1.3993143934227277,-0.38143198231149983,-0.17951967674951091,-0.448785678546163,-0.5321315902761647,-0.6655054716070422,-0.2885050790653905,0.0,-0.4587006268900044,-0.4545327812833752,0.0,-0.4819820658049265,-0.6823121372866611,-9.010804813369706,-10.60208500015918
152.0,0.0,0.0,0.0,-0.03149439742000398,-0.24760536406746145,-1.331069025151067,-0.3628293250203345,-0.17076439880099148,-0.4268981427276291,-0.5061792263770459,-0.633048386758843,-0.2744345203249044,0.0,-0.43632953333469565,-0.4323649559568939,0.0,-0.4584755230752855,-0.6490353816810428,-8.571342676909929,-10.085015213209068
153.0,0.0,0.0,0.0,-0.029958397532827162,-0.23552950796518113,-1.266152022765176,-0.3451339300310753,-0.16243612079667755,-0.4060780746272263,-0.48149257420085406,-0.6021742526177196,-0.2610501908317883,0.0,-0.4150494908866277,-0.41127826822915275,0.0,-0.43611540796256765,-0.6173815525970596,-8.15331336175544,-9.593163217341807
154.0,0.0,0.0,0.0,-0.028497309244114793,-0.2240425983146556,-1.2044010599453332,-0.32830154963912944,-0.15451401770355205,-0.38627341323001446,-0.45800990425844573,-0.5728058677667011,-0.2483186227907236,0.0,-0.3948072883554012,-0.3912199903972673,0.0,-0.4148458085321273,-0.5872714989742583,-7.75567157687661,-9.125299126373465
155.0,0.0,0.0,0.0,-0.027107479072098192,-0.2131159118584945,-1.1456617271198493,-0.3122900941259217,-0.14697828013744296,-0.36743463656671316,-0.43567249764338845,-0.5448697959463511,-0.23620798065002988,0.0,-0.37555230969099573,-0.37213996631876745,0.0,-0.3946135397065489,-0.5586299299949554,-7.377423010688883,-8.680253036377099
156.0,0.0,0.0,0.0,-0.025785431717417113,-0.2027221261891006,-1.0897871453607082,-0.2970595265126743,-0.1398100648292446,-0.3495146378829836,-0.41442449920410906,-0.5182961824258691,-0.2246879814962037,0.0,-0.3572364074172798,-0.35399048599511623,0.0,-0.3753680102752502,-0.5313852268179756,-7.017621844755911,-8.256912100313563
157.0,0.0,0.0,0.0,-0.02452786137306114,-0.19283525142841929,-1.0366375991097425,-0.2825717624471058,-0.13299144750692987,-0.3324686078480059,-0.39421277787692127,-0.4930185793298765,-0.21372981933086094,0.0,-0.33981378223824166,-0.33672616627186247,0.0,-0.35706109639010436,-0.5054692634942444,-6.675368388750804,-7.854217745334253
158.0,0.0,0.0,0.0,-0.02333162345813024,-0.18343056523970577,-0.9860801868169623,-0.2687905749727129,-0.12650537807553383,-0.31625392250781226,-0.3749867938306916,-0.46897377948411806,-0.20330609304073644,0.0,-0.32324086851589356,-0.3203038373571155,0.0,-0.33964702123075297,-0.48081723661642983,-6.349806830761685,-7.471163025797598
159.0,0.0,0.0,0.0,-0.02219372675474459,-0.174484551008806,-0.9379884886174557,-0.2556815039425097,-0.12033563798303529,-0.3008300367031997,-0.3566984720909367,-0.44610165836460236,-0.19339073788062833,0.0,-0.3074762253334844,-0.30468243487457924,0.0,-0.32308224053871093,-0.4573675032766702,-6.04012309731614,-7.106790105380462
160.0,0.0,0.0,0.0,-0.021111325928441796,-0.165974839040372,-0.8922422502158769,-0.24321176985071055,-0.11446679966552892,-0.2861583826857133,-0.3393020823273457,-0.42434502375497485,-0.18395896029795852,0.0,-0.29248043287162223,-0.2898228971812223,0.0,-0.30732533373403925,-0.4350614269271954,-5.745542817773503,-6.760187861988426
161.0,0.0,0.0,0.0,-0.02008171441335869,-0.1578801506219717,-0.8487270821880707,-0.2313501918668915,-0.1088841879702796,-0.27220227367818617,-0.32275412450413493,-0.40364947273618657,-0.1749871759359768,0.0,-0.27821599383819295,-0.27568806769282367,0.0,-0.29233690034232,-0.4138432307584155,-5.4653293879949,-6.430489609475963
162.0,0.0,0.0,0.0,-0.019102317644406883,-0.1501802448162242,-0.8073341739479287,-0.22006710986767297,-0.10357384346019663,-0.2589268121386869,-0.3070132201073001,-0.3839632556508594,-0.1664529506605844,0.0,-0.2646472397055985,-0.2622426019731586,0.0,-0.27807946147294765,-0.3936598582278438,-5.198782128449228,-6.116870930479641
163.0,0.0,0.0,0.0,-0.018170686619518994,-0.14285586784791326,-0.7679600216642476,-0.20933431027096197,-0.09852248750796988,-0.24629880249848762,-0.2920400086767781,-0.36523714670218754,-0.15833494446331345,0.0,-0.251740241520859,-0.24945287935449745,0.0,-0.26451736610238047,-0.3744608403911045,-4.945234532149356,-5.818547614945296
164.0,1.2,1.2,1.2,1.182715508224132,-0.1358887049595206,-0.7305061694472381,-0.19912495548730105,-0.09371748909258497,-0.23428666815585142,-0.27779704938479516,-0.3474243208638047,-0.15061285810019018,0.0,-0.23946272506555746,-0.23728691886842465,0.0,-0.25161670192801205,-0.35619816970328405,-4.70405259803749,-5.5347736991944165
165.0,0.0,0.0,0.0,0.0,2.1657386653852075,-0.6948789631575174,0.42558648318808434,-0.08914683321519154,-0.14786037251808032,-0.2642487274142951,-0.33048023679282834,0.03673261766694838,0.0,-0.22778399015348294,-0.2257142992767592,0.0,-0.2393452105697506,-0.33882617997506254,-4.4746332456522895,-5.2648396006263924
166.0,0.0,0.0,0.0,0.0,0.0,-2.265989316221978,-0.9001696145217157,-0.17479909085534778,0.6993508629431653,0.3636388350966541,-0.38936252545330174,0.994941146763736,0.0,-0.21667483386417388,-0.2147060830026136,0.0,-0.22767220690726608,-0.3223014321834541,-4.25640280711359,-5.008070343392412
167.0,0.0,0.0,-0.09,-0.09,0.0,-3.925475713194599,-1.0212678243745212,-0.6162740385975805,2.765243118881505,1.1709039598351,0.544626908990911,2.8364172944481494,0.0,-0.20610747752040595,0.0207652562286213,0.0,-0.2165685023512062,-0.21658260585162295,-4.138815592653883,-4.7638238706042575
168.0,0.0,0.0,-0.08561064820506425,-0.08561064820506425,0.0,-3.7340280035536284,-0.9714600048408721,-0.5862179990699072,0.0,0.0,-0.7119348587929729,0.0,3.195,-0.12105549722702962,0.5447525227319612,0.105,-0.4310063318565194,0.048980252478895675,-5.826963174314735,-6.901489438857652
169.0,0.0,0.0,-0.08143536762323636,-0.08143536762323636,-0.36,-3.551917308889868,-0.9240813413302437,-0.5576278098872279,0.0,0.0,-0.6022133860116368,0.0,0.0,3.1398484490400853,-0.2918153713063645,1.269879089572575,4.795014094991958,5.1615914573773995,-10.23777882689026,-10.46489982712232
170.0,0.0,0.0,-0.0774637178782552,-0.0774637178782552,-0.462442592820257,-3.5436882576094337,-0.8790133625054155,-0.5304319806846214,0.0,0.0,-0.5728430926024756,0.0,0.0,0.0,-1.3275833677082152,0.0,0.0,0.0,-9.483476461668419,-7.869520640011187
171.0,0.0,0.0,-0.07368576777701837,-0.07368576777701837,-0.4398890014330311,-3.37086054189576,-0.8361433749444639,-0.5045625077234063,0.0,-0.255,-0.874905205305462,0.0,-0.78,0.0,-1.1578363628418054,0.0,0.0,0.0,-12.200961856898918,-16.605719589494335
172.0,0.0,0.0,-0.07009207047642643,-0.07009207047642643,-0.41843536167733597,-3.2064617333396686,-0.7953641813485072,-0.47995470384637284,-1.05,-0.24256350324768208,-0.8322355749353937,-0.6749999999999999,2.258041048889443,2.115,-1.1013680170920104,0.0,-0.6000000000000001,-0.26999999999999996,-16.93091392549312,-15.135849088534929
173.0,0.0,0.0,-0.0666736398613546,-0.0666736398613546,-0.3980280282790804,-3.215080749288255,-0.756573812492622,-0.4565470367261959,-0.9987908957257497,-0.2307335415991697,-0.7916469669948154,-0.6420798615379819,0.0,0.0,-0.8526536650619256,0.105,-2.7907376547004286,-2.6718319446151932,-15.265183509617945,-15.432665017816737
174.0,0.0,0.0,-0.0634219280746842,-0.0634219280746842,-0.37861597227506355,-3.058279410868791,-0.719675272249668,-0.4342809750025657,-0.9500792889377576,-0.30948053398838976,-0.753037888822214,-0.6107652571742727,0.0,0.0,-0.81106925511528,0.09987908957257496,-4.679631773213161,-4.881525163038933,-19.395691724751668,-18.310005063410117
175.0,0.0,0.0,-0.060328804143207536,-0.060328804143207536,-0.360150653413987,-2.9091253639631027,-0.6845762950494464,-0.41310084192329954,-0.9037433752463108,-0.29438699023994963,-0.7163117976115873,-0.580977884086914,0.0,0.0,-0.7715129407735306,0.09500792889377575,-4.451403438508811,-4.643450371523278,-20.08475267712879,-19.322015579072765
176.0,0.0,0.0,-0.057386533645959595,-0.057386533645959595,-0.34258589878054296,-2.7672456457630523,-0.6511891151667158,-0.39295367612346066,-0.859667290731881,-0.2800295673064446,-0.6813768590051421,-0.5526432583276377,0.0,0.0,-0.733885810646859,0.09037433752463107,-4.234305931033235,-4.416986624601715,-20.020207730304392,-18.979669759475218
177.0,0.0,0.0,-0.054587759374137006,-0.054587759374137006,-0.32587778733907574,-2.632285483071295,-0.6194302472611642,-0.37378909919435943,-0.8177408222249751,-0.2663723641520933,-0.6481457174595655,-0.5256905285731983,0.0,0.0,-0.6980937773108516,0.0859667290731881,-4.402796393936705,-4.90656764494724,-19.31381067768219,-18.309020342519215
178.0,0.0,0.0,-0.0519254829342438,-0.0519254829342438,-0.3099845401081151,-2.503907405183492,-0.5892202776205723,-0.3555591897112908,-0.7778591317158038,-0.25338123065529033,-0.6165352778116648,-0.5000522989601596,0.0,0.0,-0.664047342038931,0.08177408222249752,-4.518069479998231,-4.967271517176987,-19.496865015847376,-18.84107888358642
179.0,0.0,0.0,-0.04939304724846238,-0.04939304724846238,-0.29486641569116084,-2.381790400035769,-0.5604836655851679,-0.3382183634050113,-0.7399224942046492,-0.2410236822155145,-0.5864664974971778,-0.47566446056013156,0.0,0.0,-0.6316613710089212,0.07778591317158039,-4.2977206313129575,-4.725014826623053,-19.460991688592603,-18.522188623406468
180.0,0.0,0.0,-0.04698411990849145,-0.04698411990849145,-0.28048561090249124,-2.26562911150735,-0.5331485546566299,-0.32172325917732225,-0.7038360483374213,-0.22926881852490685,-0.5578641889031899,-0.45246603107405653,0.0,0.0,-0.6008548824241481,0.07399224942046492,-5.04811832278867,-5.739573134285989,-18.70686792415312,-17.73885082473661
181.0,0.0,0.0,-0.04469267734122686,-0.04469267734122686,-0.2668061662395079,-2.1551330758712006,-0.5071465928194135,-0.3060326306757383,-0.669509559202862,-0.21808724630140577,-0.5306568313599389,-0.43039900234469697,0.0,0.0,-0.5715508440167666,0.07038360483374213,-5.131918686997777,-5.75965084940662,-18.919523209703037,-18.298716861318223
182.0,0.0,0.0,-0.04251298974669133,-0.04251298974669133,-0.25379387596524894,-2.050025995483416,-0.4824127616251087,-0.29110724315612213,-0.6368571926982651,-0.20745100579023168,-0.5047763923018871,-0.40940819530602757,0.0,0.0,-0.5436759804269663,0.0669509559202862,-4.881632059217355,-5.478749362806108,-17.996807174593723,-17.406277909093244
183.0,0.0,0.0,-0.040439606770549946,-0.040439606770549946,-0.24141620257622934,-1.9500450478951932,-0.45888521361245227,-0.27690977537538747,-0.6057973008995111,-0.19733350084993637,-0.4801581571508707,-0.3894411220068285,0.0,0.0,-0.5171605899764046,0.06368571926982651,-4.64355205431356,-5.211547603365708,-19.95409253153911,-19.047363718166256
184.0,0.0,0.0,-0.038467343875385404,-0.038467343875385404,-0.22964219544173442,-1.854940228659812,-0.43650511765646016,-0.2634047262689518,-0.5762522178987278,-0.18770943244819613,-0.4567405674959461,-0.37044785436346783,0.0,0.0,-0.49193837037770505,0.06057973008995111,-4.882083348263796,-5.092377427507637,-18.635919955209946,-17.78841282788707
185.0,0.0,0.0,-0.036591269376653926,-0.036591269376653926,-0.21844241341112153,-1.764473726191296,-0.41521651185997105,-0.2505583261795831,-0.5481480655990669,-0.17855473540105327,-0.4344650671652983,-0.3523808993136858,0.0,0.0,-0.46794625294420344,0.05762522178987278,-4.97398133373349,-5.144019249708516,-18.85203541403573,-18.345861697052136
186.0,0.0,0.0,-0.03480669211090511,-0.03480669211090511,-0.2077888511956082,-1.6784193271115768,-0.3949661636197542,-0.23833845241566703,-0.52141456898098,-0.16984651819742116,-0.4132759558053108,-0.3351950800592014,0.0,0.0,-0.4451242448853802,0.05481480655990669,-4.731397401564601,-4.893142470520827,-20.392610797560287,-19.956123464056596
187.0,0.0,0.0,-0.03310914970542981,-0.03310914970542981,-0.1976548693404629,-1.596561850599221,-0.3757034365172736,-0.22671454892774576,-0.4959848803780655,-0.16156300575838298,-0.3931202496006683,-0.31884742310018493,0.0,0.0,-0.4234152792936351,0.05214145689809801,-4.5006444273744695,-4.789501096233528,-19.398051433030318,-18.98285183797975
188.0,0.0,0.0,-0.03149439742000398,-0.03149439742000398,-0.18801512761249234,-1.518696610325292,-0.35738016370126674,-0.21565754990247857,-0.4717954123230827,-0.15368348498815218,-0.3739475487872208,-0.3032970507791246,0.0,0.0,-0.4027650724472936,0.04959848803780655,-5.406145408533762,-5.560914371415758,-19.66699730107668,-19.6020472292238
189.0,0.0,0.0,-0.029958397532827162,-0.029958397532827162,-0.17884552163625939,-1.4446289026309125,-0.33995052744552695,-0.2051398070829687,-0.448785678546163,-0.1461882529805441,-0.3557099116263207,-0.2885050790653905,0.0,0.0,-0.3831219880730275,0.047179541232308275,-5.247484585726748,-5.289705377219561,-19.622826524360267,-19.246044104890373
190.0,0.0,0.0,-0.028497309244114793,-0.028497309244114793,-0.170123122620589,-1.3741735196667009,-0.3233709445807228,-0.19513502063371982,-0.4268981427276291,-0.13905856775144776,-0.3383617345255049,-0.2744345203249044,0.0,0.0,-0.36443690822827535,0.04487856785461631,-4.421561742557222,-4.611723401750895,-18.080809981844563,-17.902403457810227
191.0,0.0,0.0,-0.027107479072098192,-0.027107479072098192,-0.1618261200246473,-1.3071542862766765,-0.3075999575137732,-0.18561817337734826,-0.4060780746272263,-0.13227660137410321,-0.3218596380057594,-0.2610501908317883,0.0,0.0,-0.3466631104808019,0.042689814272762916,-4.53591963176708,-4.686806997403979,-18.32399847353677,-18.454292938352417
192.0,0.0,0.0,-0.025785431717417113,-0.025785431717417113,-0.15393376702022873,-1.2434036194686047,-0.2925981305622706,-0.17656546823860875,-0.38627341323001446,-0.12582539539999857,-0.30616235823022664,-0.2483186227907236,0.0,0.0,-0.3297561510782806,0.040607807462722634,-4.31470022090729,-4.458228722886506,-18.345326522534343,-18.154266451316563
193.0,0.0,0.0,-0.02452786137306114,-0.02452786137306114,-0.14642632861387916,-1.1827621093692255,-0.2783279513447334,-0.1679542687393109,-0.36743463656671316,-0.11968881845391542,-0.2912306438231199,-0.23620798065002988,0.0,0.0,-0.31367375381576335,0.03862734132300145,-7.359269808026745,-7.240798342363885,-17.33061439030803,-17.418872428718473
194.0,0.0,0.0,-0.02333162345813024,-0.02333162345813024,-0.13928503229913272,-1.125078120616539,-0.2647537369801135,-0.15976304239533298,-0.3495146378829836,-0.11385152589708841,-0.2770271577208388,-0.2246879814962037,0.0,0.0,-0.2983757043231472,0.03674346365667132,-7.48035398423476,-7.292660440132522,-17.6103903527365,-17.99434399582123
195.0,0.0,0.0,-0.02219372675474459,-0.02219372675474459,-0.13249202111546737,-1.0702074131924153,-0.25184154486200677,-0.15197130687419577,-0.3324686078480059,-0.10829892145761555,-0.26351638380986203,-0.21372981933086094,0.0,0.0,-0.2838237495083025,0.03495146378829836,-7.115532815485254,-6.936993193546383,-16.751521480466465,-17.116749483412907
196.0,0.0,0.0,-0.021111325928441796,-0.021111325928441796,-0.12603030899660247,-1.0180127817474192,-0.23955908778445745,-0.14455957877856265,-0.31625392250781226,-0.10301712073217567,-0.25066453811796435,-0.20330609304073644,0.0,0.0,-0.26998150190441744,0.033246860784800596,-6.768504185089983,-6.5986720432624955,-15.934540137375464,-16.281955760429753
197.0,0.0,0.0,-0.02008171441335869,-0.02008171441335869,-0.11988373829648533,-0.9683637125159685,-0.2278756532071255,-0.1375093249275978,-0.3008300367031997,-0.09799291646778804,-0.23843948433668852,-0.19339073788062833,0.0,0.0,-0.2568143486823774,0.031625392250781224,-6.4384003407138195,-6.2768510101815345,-15.157403444559192,-15.48787540773968
198.0,0.0,0.0,-0.019102317644406883,-0.019102317644406883,-0.11403693938675995,-0.9211360569639396,-0.21676202645793827,-0.13080291601436053,-0.2861583826857133,-0.09321374553680056,-0.22681065346383522,-0.18395896029795852,0.0,0.0,-0.24428936510066357,0.030083003670319963,-6.124395850802408,-5.970725374091707,-14.41816815549318,-14.732522810842976
199.0,0.0,0.0,-0.018170686619518994,-0.018170686619518994,-0.10847529222469048,-0.8762117213526652,-0.20619041768119317,-0.12442358252335539,-0.27220227367818617,-0.0886676575225268,-0.21574896736503485,-0.1749871759359768,0.0,0.0,-0.232375232176349,0.028615838268571326,-5.825705540573336,-5.679529661449065,-13.7149857969043,-14.014009194801806
200.0,1.2,1.2,1.182715508224132,1.182715508224132,-0.1031848897954391,-0.8334783714430757,-0.19613439234844324,-0.11835537279800845,-0.2589268121386869,-0.08434328483697957,-0.20522676606326543,-0.1664529506605844,0.0,0.0,-0.22104215837132826,0.027220227367818612,-5.541582528670195,-5.402535731294929,-13.046098046624744,-13.330537901319037
201.0,0.0,0.0,0.0,0.0,1.7168474966627145,-0.7928291516015893,0.4284311948415931,-0.11258311315321703,-0.1712988024984876,-0.08022981429597988,-0.19521773857450264,0.021665055536686545,0.0,0.0,-0.21026180509795428,0.025892681213868684,-5.271316359570161,-5.13905095452422,-12.409832336870744,-12.680399896156663
202.0,0.0,0.0,0.0,0.0,0.0,-2.3591624176053694,-0.9874636410926781,-0.1970923699332334,0.6770555386817022,0.538683039919436,-0.260696857116555,1.145608438309938,0.0,0.0,-0.20000721585780834,0.024629880249848756,-5.014231227075123,-4.888416481951919,-11.804597671951909,-12.061969495660016
203.0,0.0,0.0,-0.09,-0.09,0.0,-4.014104708802469,-1.1043044710319678,-0.6374800616250714,2.7440351504152165,1.4274111580508602,0.6670174786358744,0.0,0.0,0.0,-0.025252748836413125,0.023428666815585135,-4.454684284444178,-4.830005596846928,-12.158880649953282,-11.983700301701845
204.0,0.0,0.0,-0.08561064820506425,-0.08561064820506425,0.0,-3.8183345120397787,-1.0504469064533042,-0.7113897921502964,0.0,0.0,-0.5805133476652798,0.0,3.195,0.075,0.9209788422572778,0.127286037251808,-4.057426768224211,-4.114443444223932,-11.790885043227927,-12.329248341376879
205.0,0.0,0.0,-0.08143536762323636,-0.08143536762323636,-0.36,-3.6321121404388133,-0.9992160062941319,-0.6766949025828091,0.0,0.0,-0.5522013776146271,0.0,0.0,2.561342206837554,-0.758937825902276,0.8710782239620137,0.730456270308292,1.1712203304101343,-19.270836794023776,-20.03794380429431
206.0,0.0,0.0,-0.0774637178782552,-0.0774637178782552,-0.342442592820257,-3.454971941071669,-0.9504836666190689,-0.6436921027464122,-1.05,-1.065,-1.4852701986368633,-0.6749999999999999,0.0,0.0,-0.3769239913648451,0.7385952376744904,-0.8051685023717055,0.0,-17.43098699322642,-17.125681753136526
207.0,0.0,0.0,-0.07368576777701837,-0.07368576777701837,-0.32574147049294544,-3.2864709711717186,-0.9041280311953854,-0.6122988684511241,-0.9987908957257497,-1.2680593370932605,-1.8178327162774046,-0.6420798615379819,2.745,0.0,-0.25354119138649367,0.8525735228720737,-5.7008999711371375,0.0,-18.350867726046197,-19.260452398218437
208.0,0.0,0.0,-0.07009207047642643,-0.07009207047642643,-0.3098548715130208,-3.126187890545977,-0.8600331867889501,-0.5824367002592012,-0.9500792889377576,-1.206215353455979,-1.7291759685431254,-0.6107652571742727,0.0,-0.04500000000000001,-0.12117584156979977,0.9159930215061489,-4.897863798680917,1.275,-17.92088534613565,-16.22110905038072
209.0,0.0,0.0,-0.0666736398613546,-0.0666736398613546,-0.29474307110807346,-2.9737219080051505,-0.8180888733207681,-0.5540309271956548,-0.9037433752463108,-1.1473875364918562,-1.6448430614177418,-0.580977884086914,0.0,-0.14780532410253214,-0.11526602603983033,0.8713195146939642,-6.47399216250213,0.0,-18.921873454347892,-17.289996226756976
210.0,0.0,0.0,-0.0634219280746842,-0.0634219280746842,-0.28036828190570573,-2.8286917791769044,-0.7781902081593517,-0.5270105200319197,-0.859667290731881,-1.0914287860164404,-1.5646231187063913,-0.5526432583276377,0.0,-0.14059677338419316,-0.19964443561435213,0.828824760518581,-10.793251838959034,0.0,-18.869042796454686,-17.571753160397556
211.0,0.0,0.0,-0.060328804143207536,-0.060328804143207536,-0.2666945594454184,-2.6907348531963478,-0.740237423859511,-0.501307913675785,-0.8177408222249751,-1.0381991760059315,-1.563315548767593,-0.5256905285731983,-1.7999999999999998,-1.7987397878329034,-0.18990766159421002,0.788402499960032,-10.611858735264276,-0.5549999999999999,-19.97378872015093,-18.88976864623357
212.0,0.0,0.0,-0.057386533645959595,-0.057386533645959595,-0.2536877122987368,-2.559506165889975,-0.7041356186917738,-0.4768588382234706,-0.7778591317158038,-0.9875656047092377,-1.4870717497672152,-0.5000522989601596,-1.712212964101285,-1.7110142132068291,-0.18064575564653676,0.7499516563119054,-10.424312277628312,-0.8279323305978963,-20.124655549368025,-19.39350375830839
213.0,0.0,0.0,-0.054587759374137006,-0.054587759374137006,-0.24131521657283014,-2.43467757718555,-0.6697945193386302,-0.453602158251391,-0.7399224942046492,-0.9394014618242679,-1.414546404722338,-0.47566446056013156,-1.628707352464727,-1.6275670653412742,-0.17183555818215177,0.7133760824369311,-9.915912568664107,-0.7875535943601718,-19.14316451650045,-18.597671419068124
214.0,0.0,0.0,-0.0519254829342438,-0.0519254829342438,-0.22954613458383838,-2.3159369505910035,-0.6371282551642176,-0.43147971994575246,-0.7038360483374213,-0.8935863119062278,-1.3455581624935835,-0.45246603107405653,-1.549274357565104,-1.5481896829008963,-0.16345503911836717,0.6785843203490559,-9.672307806089755,-0.749144152326695,-18.20954136615321,-17.69065228101355
215.0,0.0,0.0,-0.04939304724846238,-0.04939304724846238,-0.21835103749654802,-2.2029873726906186,-0.6060551434930027,-0.4104362056877274,-0.669509559202862,-0.8500055932162767,-1.2799345165410096,-0.43039900234469697,-1.4737153555403673,-1.4726835810837626,-0.1554832427923061,0.6454893725208406,-9.36558378798052,-1.1176079608857972,-17.426451554147864,-16.82786898831076
216.0,0.0,0.0,-0.04698411990849145,-0.04698411990849145,-0.2077019317369752,-2.095546410706837,-0.5764974853605466,-0.3904189957305936,-0.6368571926982651,-0.8085503312575069,-1.2925113735679041,-0.40940819530602757,-1.4018414095285288,-1.4008599553059582,-0.14790023556083012,0.6140084843443262,-8.548818876753929,-1.0631015774508132,-16.576553482941645,-16.00716413332426
217.0,0.0,0.0,-0.04469267734122686,-0.04469267734122686,-0.1975721889938495,-1.9933454062712015,-0.5483813712256215,-0.37137803662295926,-0.6057973008995111,-0.76911686628194,-1.2294748500396249,-0.4644411220068285,-3.283472797227092,-2.8925392090917823,-0.14068705595604847,0.5840629372014091,-8.49188806029548,-1.6862535017043383,-16.983105429783887,-16.801485526430508
218.0,0.0,0.0,-0.04251298974669133,-0.04251298974669133,-0.1879364796339658,-1.896128803638497,-0.5216364961578603,-0.35326571604906265,-0.5762522178987278,-0.7316065940871623,-1.1695126540412941,-0.4417900612010214,-3.1233359392700764,-2.7514684072101265,-0.13382566727177173,0.555577851626293,-8.317733792519354,-1.4690139479885316,-16.154829604208278,-16.087067408063568
219.0,0.0,0.0,-0.040439606770549946,-0.040439606770549946,-0.17877070936490744,-1.8036535106642748,-0.49619598403881043,-0.3360367437731825,-0.5481480655990669,-0.6959257194544589,-1.112474848850003,-0.4202437056663828,-2.9710090480342717,-2.617277709522385,-0.12729891246235145,0.5284820000678218,-7.912073128608326,-1.3973692923286527,-15.561949267318138,-15.4224918724765
220.0,0.0,0.0,-0.038467343875385404,-0.038467343875385404,-0.1700519589867653,-1.7156882909478706,-0.4719962203368031,-0.3196480383904583,-0.52141456898098,-0.6619850216119103,-1.0582188102431072,-0.3997481782910808,-2.8261112269480546,-2.4896315693875253,-0.12109047124112934,0.5027076287835004,-7.526196768733662,-1.3292187877567543,-14.80298404566034,-14.67032806822276
221.0,0.0,0.0,-0.036591269376653926,-0.036591269376653926,-0.16175842708219978,-1.6320131856209565,-0.44897669303748944,-0.3040586196009378,-0.4959848803780655,-0.6296996311359901,-1.006608869863381,-0.3802522295810336,-2.688280155984805,-2.368210804967305,-0.11518481927121972,0.4781902884198477,-7.159139821001655,-1.264392022513394,-14.081033994646736,-13.954847725572208
222.0,0.0,0.0,-0.03480669211090511,-0.03480669211090511,-0.15386937550154162,-1.5524189633357994,-0.4270798413322848,-0.2892295057374816,-0.4717954123230827,-0.5989888177337997,-0.9575159759774581,-0.36170710950948,-2.5571711856741155,-2.2527118011054226,-0.10956718934658109,0.45486867285544214,-6.809984451851549,-1.2027268959187096,-13.394293863102805,-13.27426177099115
223.0,0.0,0.0,-0.03310914970542981,-0.03310914970542981,-0.1463650775066157,-1.4767065970779076,-0.40625091168636557,-0.27512361629129056,-0.448785678546163,-0.5697757883752854,-0.9108173707792769,-0.3440664456165194,-2.4324564752985975,-2.142845750131478,-0.1042235344663091,0.43268446590368576,-6.477857590993559,-1.1440692130362844,-12.741046442992726,-12.62686838509174
224.0,0.0,0.0,-0.03149439742000398,-0.03149439742000398,-0.13922676844362045,-1.404686766494826,-0.3864378209263119,-0.2617056791913196,-0.4268981427276291,-0.5419874952706634,-0.866396283431625,-0.32728612705380794,-2.3138241731213203,-2.038337929691367,-0.09914049270981753,0.41158219549196184,-6.161928748278385,-1.0882722991054896,-12.11965827550484,-12.011048747197076
225.0,0.0,0.0,-0.029958397532827162,-0.029958397532827162,-0.13243659882171924,-1.336179384496642,-0.3675910260050457,-0.24894214260572742,-0.4060780746272263,-0.5155544532128966,-0.8241416380782222,-0.3113241942844613,-2.200977636594034,-1.9389270157982958,-0.09430535382507697,0.39150909495255926,-5.861407937039253,-1.0351966327781839,-11.528575566553785,-11.425262987446297
226.0,0.0,0.0,-0.028497309244114793,-0.028497309244114793,-0.12597758968001593,-1.2710131469444592,-0.3496634001184066,-0.23680109104482078,-0.38627341323001446,-0.4904105658284839,-0.783947776096223,-0.2961407341623566,-2.0936346905962844,-1.8443644293866999,-0.08970602744636418,0.37241497107851834,-5.5755436987137665,-0.9847094972426688,-10.96632030148595,-10.86804633631785
227.0,0.0,0.0,-0.027107479072098192,-0.027107479072098192,-0.11983359013130865,-1.2090251043008193,-0.33261011486359476,-0.22525216555570604,-0.36743463656671316,-0.4664929603020983,-0.7457141918946248,-0.2816977801284774,-1.991526921850634,-1.7544137147350982,-0.08533101286205025,0.35425207861446906,-5.303621223806078,-0.9366846483625313,-10.431486549272977,-10.338005461942721
228.0,0.0,0.0,-0.025785431717417113,-0.025785431717417113,-0.11398923697645917,-1.1500602541709841,-0.3163885281448136,-0.21426648780909383,-0.3495146378829836,-0.4437418301617994,-0.709345281597939,-0.26795921727474026,-1.894399007749657,-1.6688499482036274,-0.08116937025683109,0.3369750008686231,-5.044960564490828,-0.8910019990005443,-9.922736946951874,-9.833814986049013
229.0,0.0,0.0,-0.02452786137306114,-0.02452786137306114,-0.10842991628839277,-1.09397115371621,-0.300958077545819,-0.20381658788843357,-0.3324686078480059,-0.42210028573170205,-0.6747501039867044,-0.254890692037913,-1.80200807791643,-1.587459175807783,-0.0772106933564908,0.3205405361473879,-4.7989149343894075,-0.8475473187382736,-9.438799355521002,-9.3542141698259
230.0,0.0,0.0,-0.02333162345813024,-0.02333162345813024,-0.10314172686966845,-1.0406175509698525,-0.28628017890275065,-0.19387633560081385,-0.31625392250781226,-0.4015142118781539,-0.6418421530970698,-0.2424595262978127,-1.7141231069020835,-1.5100378782220152,-0.07344508340679586,0.30490758972863014,-4.564869091267118,-0.8062119482405312,-8.978463678929954,-8.898003761419915
231.0,0.0,0.0,-0.02219372675474459,-0.02219372675474459,-0.09811144549224456,-0.9898660341343952,-0.27231812982362497,-0.18442087513786945,-0.3008300367031997,-0.38193213269371407,-0.6105391419108249,-0.2306346356649841,-1.6305243365018447,-1.4363924618754067,-0.06986312442145336,0.29003707110346466,-4.342237798607118,-0.7668925275504399,-8.540578838209104,-8.464042997180654
232.0,0.0,0.0,-0.021111325928441796,-0.021111325928441796,-0.09332649383252097,-0.941589697982465,-0.2590370179132375,-0.1754265629233136,-0.2861583826857133,-0.363305082780572,-0.5807627965949937,-0.2193864517535347,-1.5510027262450583,-1.366338774866907,-0.06645585963724085,0.27589179622962134,-4.130464362214297,-0.7294907376357029,-8.124049893172623,-8.051246749157452
233.0,0.0,0.0,-0.02008171441335869,-0.02008171441335869,-0.08877490701897836,-0.8956678265276613,-0.24640363347399008,-0.1668709084916819,-0.27220227367818617,-0.34558648481154775,-0.5524386607764812,-0.20868684824476846,-1.4753594306851252,-1.2997016464896585,-0.06321476911743285,0.262436394551971,-3.9290192381898144,-0.6939130545398111,-7.727835304497682,-7.658582811714287
234.0,0.0,0.0,-0.019102317644406883,-0.019102317644406883,-0.08444530371376718,-0.8519855911717126,-0.23438638646434845,-0.1587325182504539,-0.2589268121386869,-0.3287320330625133,-0.5254959093623573,-0.19850907055673894,-1.4034053021823127,-1.2363144492129883,-0.06013174844752116,0.24963722055771367,-3.737398708795531,-0.6600705155234371,-7.35094432933363,-7.2850693204780415
235.0,0.0,0.0,-0.018170686619518994,-0.018170686619518994,-0.08032685765343477,-0.8104337635731688,-0.2229552275072841,-0.15099104198492835,-0.24629880249848762,-0.31269958262500425,-0.49986717144023457,-0.1888276689438584,-1.334960417936132,-1.1760186820267882,-0.057199088469957256,0.2374622696450718,-3.5551236228972845,-0.6278784966112487,-6.992434543928816,-6.929772297166135
236.0,0.0,0.0,-0.017284491775867876,-0.017284491775867876,-0.07640927057762753,-0.7709084425196531,-0.21208157275117961,-0.14362712197208655,-0.23428666815585142,-0.29744904402199623,-0.4754883618158941,-0.17961843485927778,-1.2698536300846195,-1.11866357410643,-0.05440945600724287,0.22588109809511503,-3.3817381978374774,-0.5972565009878916,-6.65140948708032,-6.591803314154333
237.0,0.0,0.0,-0.016441517164746126,-0.016441517164746126,-0.07268274647807597,-0.7333107941207113,-0.20173823239531088,-0.13662234457620173,-0.2228603725180803,-0.282942282963331,-0.45229852076692023,-0.1708583404209098,-1.2079221377455351,-1.0641057078071712,-0.05175587552516655,0.2148647469466056,-3.2168088797410253,-0.5681279577140222,-6.3270164185140025,-6.270317272944926
238.0,0.0,0.0,-0.01563965491054007,-0.01563965491054007,-0.0691379671034715,-0.6975468046716058,-0.19189934270118286,-0.1299591942051586,-0.21199134389438826,-0.26914302499012754,-0.4302396616116418,-0.16252548082972912,-1.1490110799293576,-1.0122086600453404,-0.049231711690334766,0.20438566958351118,-3.059923259404842,-0.5404200302590754,-6.018444186589643,-5.9645102909802885
239.0,0.0,0.0,-0.014876899939942796,-0.014876899939942796,-0.0657660686589845,-0.6635270455700836,-0.18254030131971147,-0.12362100951234956,-0.20165240405179188,-0.25601676476974033,-0.40925662571222393,-0.15459901959636504,-1.0929731483061467,-0.962842661169568,-0.04683065277838221,0.19441766285411644,-2.910689041060017,-0.5140634343719988,-5.724921199999334,-5.673617691517766
240.0,0.0,0.0,-0.014151344968226494,-0.014151344968226494,-0.06255861964216028,-0.6311664496982896,-0.17363770577253607,-0.11759194173462956,-0.19181770025537145,-0.24353067981445478,-0.3892969445493429,-0.14705913643902493,-1.0396682188579895,-0.9158842704690641,-0.04454669489137328,0.18493580154949502,-2.7687330614280548,-0.48899226483453695,-5.4457134983873035,-5.396912091539514
241.0,0.0,0.0,-0.013461175730037163,-0.013461175730037163,-0.059507599759771185,-0.6003840987106629,-0.1651692949336338,-0.11185691506215317,-0.18246264062296746,-0.23165354840817148,-0.3703107085235578,-0.13988697772246567,-0.9889630014959678,-0.8712160675075441,-0.0423741269449299,0.1759163760775044,-2.6337003566183084,-0.46514383066385734,-5.180122917066725,-5.133701582916077
242.0,0.0,0.0,-0.012804666442786229,-0.012804666442786229,-0.056605379872905974,-0.5711030206959238,-0.1571138933649092,-0.10640158894099722,-0.17356383263266595,-0.22035567153585325,-0.35225044215531554,-0.13306460931408523,-0.9407307067655083,-0.8287263585109764,-0.04030751638754587,0.1673368331764557,-2.505253274533359,-0.4424584983524386,-4.92748534124434,-4.883328002275664
243.0,0.0,0.0,-0.01218017549129515,-0.01218017549129515,-0.05384470292014865,-0.543249997707203,-0.14945135836656911,-0.10121232221430632,-0.1650990246293091,-0.20960879862051807,-0.33507098537152286,-0.12657497173924964,-0.8948507288067044,-0.7883088970749685,-0.03834169561637836,0.15917571952021195,-2.383070630562896,-0.4208795427532403,-4.6871690453875585,-4.645165285252901
244.0,0.0,0.0,-0.011586141322902387,-0.011586141322902387,-0.051218665771144915,-0.5167553826790369,-0.14216252960988152,-0.09627613901229543,-0.15704705018376688,-0.19938605688208147,-0.31872938058184086,-0.12040183752372058,-0.8512083437768458,-0.749862618493415,-0.03647174905554914,0.1514126280736983,-2.2668469044548973,-0.40035300523728845,-4.4585731135815685,-4.418617901001812
245.0,0.0,0.0,-0.011021078542768379,-0.011021078542768379,-0.0487207019651806,-0.4915529252734265,-0.1352291812263733,-0.09158069630581651,-0.14938777516583931,-0.189661884141409,-0.3031847652623335,-0.1145297706165172,-0.809694422981055,-0.7132913870440896,-0.03469300086464447,0.14402814706468467,-2.156291476355857,-0.3808275587689972,-4.241125936926552,-4.203119363058507
246.0,0.0,0.0,-0.010483574199614733,-0.010483574199614733,-0.046344565291609546,-0.46757960621948397,-0.12863397623366585,-0.08711425304235651,-0.1421020473984434,-0.1804119649015536,-0.2883982697778736,-0.10894408779174844,-0.7702051599937066,-0.6785037555992653,-0.03300100324667853,0.1370038114442442,-2.0511279001097766,-0.3622543795618451,-4.0342837842176955,-3.998130812829951
247.0,0.0,0.0,-0.009972284252610056,-0.009972284252610056,-0.044084314171073516,-0.4447754797324302,-0.12236042318398849,-0.08286564078729036,-0.1351716487671945,-0.17161316954634784,-0.27433292018780836,-0.10363082193290013,-0.732641811088294,-0.6454127369602622,-0.03139152532628422,0.13032205671451275,-1.951093211998781,-0.3445870249934771,-3.8375294423339614,-3.8031396721668065
248.0,0.0,0.0,-0.009485930210567796,-0.009485930210567796,-0.041934296798458934,-0.4230835236179086,-0.1163928349269692,-0.0788242357969771,-0.12857924966563108,-0.1632434965043159,-0.26095354579184926,-0.09857668710776857,-0.6969104483266787,-0.6139355863441409,-0.029860542570320926,0.12396617500829538,-1.85593727319685,-0.32778131747495837,-3.6503709229358803,-3.6176583616510656
249.0,0.0,0.0,-0.009023295935052342,-0.009023295935052342,-0.03988913701044022,-0.4024494966867974,-0.11071628938358752,-0.07497993245386711,-0.12230836566217188,-0.15528201723328475,-0.24822669118500149,-0.09376904534670966,-0.6629217246903212,-0.5839935944786456,-0.028404226724445446,0.11792027331069561,-1.765422144292464,-0.3117952339837905,-3.472340232238438,-3.441223081393539
