format_name,condition_id,response_spikes_fixed_direction,response_spikes_float_direction,response_spikes_direction_match,peak_rate_hz_fixed_direction,peak_rate_hz_float_direction,peak_rate_hz_direction_match,evoked_spikes_per_neuron_per_pulse_fixed_direction,evoked_spikes_per_neuron_per_pulse_float_direction,evoked_spikes_per_neuron_per_pulse_direction_match,all_metrics_direction_match
boundary_wf21,silence_vPN1,-1,-1,True,1,1,True,-1,-1,True,True
boundary_wf21,cut_vPN1_to_pC1,-1,-1,True,1,1,True,-1,-1,True,True
boundary_wf21,cut_vPN1_to_other,-1,-1,True,1,1,True,-1,-1,True,True
boundary_wf21,cut_vPN1_all_output,-1,-1,True,1,1,True,-1,-1,True,True
boundary_wf21,silence_aPN1,-1,-1,True,1,1,True,-1,-1,True,True
boundary_wf21,cut_vPN1_to_mAL_bridge,-1,-1,True,0,0,True,-1,-1,True,True
boundary_wf21,cut_mAL_bridge_to_pC1,-1,-1,True,-1,-1,True,-1,-1,True,True
boundary_wf21,cut_both_bridge_segments,-1,-1,True,1,1,True,-1,-1,True,True
boundary_wf22,silence_vPN1,-1,-1,True,1,1,True,-1,-1,True,True
boundary_wf22,cut_vPN1_to_pC1,-1,-1,True,1,1,True,-1,-1,True,True
boundary_wf22,cut_vPN1_to_other,-1,-1,True,1,1,True,-1,-1,True,True
boundary_wf22,cut_vPN1_all_output,-1,-1,True,1,1,True,-1,-1,True,True
boundary_wf22,silence_aPN1,-1,-1,True,1,1,True,-1,-1,True,True
boundary_wf22,cut_vPN1_to_mAL_bridge,-1,-1,True,0,0,True,-1,-1,True,True
boundary_wf22,cut_mAL_bridge_to_pC1,-1,-1,True,-1,-1,True,-1,-1,True,True
boundary_wf22,cut_both_bridge_segments,-1,-1,True,1,1,True,-1,-1,True,True
compact_wf23,silence_vPN1,-1,-1,True,1,1,True,-1,-1,True,True
compact_wf23,cut_vPN1_to_pC1,-1,-1,True,1,1,True,-1,-1,True,True
compact_wf23,cut_vPN1_to_other,-1,-1,True,1,1,True,-1,-1,True,True
compact_wf23,cut_vPN1_all_output,-1,-1,True,1,1,True,-1,-1,True,True
compact_wf23,silence_aPN1,-1,-1,True,1,1,True,-1,-1,True,True
compact_wf23,cut_vPN1_to_mAL_bridge,-1,-1,True,0,0,True,-1,-1,True,True
compact_wf23,cut_mAL_bridge_to_pC1,-1,-1,True,-1,-1,True,-1,-1,True,True
compact_wf23,cut_both_bridge_segments,-1,-1,True,1,1,True,-1,-1,True,True
safe_wf24,silence_vPN1,-1,-1,True,1,1,True,-1,-1,True,True
safe_wf24,cut_vPN1_to_pC1,-1,-1,True,1,1,True,-1,-1,True,True
safe_wf24,cut_vPN1_to_other,-1,-1,True,1,1,True,-1,-1,True,True
safe_wf24,cut_vPN1_all_output,-1,-1,True,1,1,True,-1,-1,True,True
safe_wf24,silence_aPN1,-1,-1,True,1,1,True,-1,-1,True,True
safe_wf24,cut_vPN1_to_mAL_bridge,-1,-1,True,0,0,True,-1,-1,True,True
safe_wf24,cut_mAL_bridge_to_pC1,-1,-1,True,-1,-1,True,-1,-1,True,True
safe_wf24,cut_both_bridge_segments,-1,-1,True,1,1,True,-1,-1,True,True
