condition_id,ipi_ms,event_file,network_spikes,pC1_recomputed_exact
intact,15.0,E:\Workspace\CNS2FPGA\code\4_Verify whether this model has basic biological plausibility\outputs\courtship_song_equal_pulse_v1\population_activity\intact_ipi_15.npz,40868,True
intact,25.0,E:\Workspace\CNS2FPGA\code\4_Verify whether this model has basic biological plausibility\outputs\courtship_song_equal_pulse_v1\population_activity\intact_ipi_25.npz,55691,True
intact,35.0,E:\Workspace\CNS2FPGA\code\4_Verify whether this model has basic biological plausibility\outputs\courtship_song_equal_pulse_v1\population_activity\intact_ipi_35.npz,74765,True
intact,45.0,E:\Workspace\CNS2FPGA\code\4_Verify whether this model has basic biological plausibility\outputs\courtship_song_equal_pulse_v1\population_activity\intact_ipi_45.npz,88858,True
intact,55.0,E:\Workspace\CNS2FPGA\code\4_Verify whether this model has basic biological plausibility\outputs\courtship_song_equal_pulse_v1\population_activity\intact_ipi_55.npz,93856,True
intact,65.0,E:\Workspace\CNS2FPGA\code\4_Verify whether this model has basic biological plausibility\outputs\courtship_song_equal_pulse_v1\population_activity\intact_ipi_65.npz,99349,True
intact,75.0,E:\Workspace\CNS2FPGA\code\4_Verify whether this model has basic biological plausibility\outputs\courtship_song_equal_pulse_v1\population_activity\intact_ipi_75.npz,100857,True
intact,85.0,E:\Workspace\CNS2FPGA\code\4_Verify whether this model has basic biological plausibility\outputs\courtship_song_equal_pulse_v1\population_activity\intact_ipi_85.npz,124929,True
intact,95.0,E:\Workspace\CNS2FPGA\code\4_Verify whether this model has basic biological plausibility\outputs\courtship_song_equal_pulse_v1\population_activity\intact_ipi_95.npz,127106,True
silence_vPN1,15.0,E:\Workspace\CNS2FPGA\code\4_Verify whether this model has basic biological plausibility\outputs\courtship_song_equal_pulse_v1\population_activity\silence_vPN1_ipi_15.npz,39157,True
silence_vPN1,25.0,E:\Workspace\CNS2FPGA\code\4_Verify whether this model has basic biological plausibility\outputs\courtship_song_equal_pulse_v1\population_activity\silence_vPN1_ipi_25.npz,58500,True
silence_vPN1,35.0,E:\Workspace\CNS2FPGA\code\4_Verify whether this model has basic biological plausibility\outputs\courtship_song_equal_pulse_v1\population_activity\silence_vPN1_ipi_35.npz,76419,True
silence_vPN1,45.0,E:\Workspace\CNS2FPGA\code\4_Verify whether this model has basic biological plausibility\outputs\courtship_song_equal_pulse_v1\population_activity\silence_vPN1_ipi_45.npz,89357,True
silence_vPN1,55.0,E:\Workspace\CNS2FPGA\code\4_Verify whether this model has basic biological plausibility\outputs\courtship_song_equal_pulse_v1\population_activity\silence_vPN1_ipi_55.npz,92091,True
silence_vPN1,65.0,E:\Workspace\CNS2FPGA\code\4_Verify whether this model has basic biological plausibility\outputs\courtship_song_equal_pulse_v1\population_activity\silence_vPN1_ipi_65.npz,99499,True
silence_vPN1,75.0,E:\Workspace\CNS2FPGA\code\4_Verify whether this model has basic biological plausibility\outputs\courtship_song_equal_pulse_v1\population_activity\silence_vPN1_ipi_75.npz,100325,True
silence_vPN1,85.0,E:\Workspace\CNS2FPGA\code\4_Verify whether this model has basic biological plausibility\outputs\courtship_song_equal_pulse_v1\population_activity\silence_vPN1_ipi_85.npz,127280,True
silence_vPN1,95.0,E:\Workspace\CNS2FPGA\code\4_Verify whether this model has basic biological plausibility\outputs\courtship_song_equal_pulse_v1\population_activity\silence_vPN1_ipi_95.npz,141730,True
cut_vPN1_to_pC1,15.0,E:\Workspace\CNS2FPGA\code\4_Verify whether this model has basic biological plausibility\outputs\courtship_song_mechanism_v2\population_activity\cut_vPN1_to_pC1_ipi_15.npz,37805,True
cut_vPN1_to_pC1,25.0,E:\Workspace\CNS2FPGA\code\4_Verify whether this model has basic biological plausibility\outputs\courtship_song_mechanism_v2\population_activity\cut_vPN1_to_pC1_ipi_25.npz,56585,True
cut_vPN1_to_pC1,35.0,E:\Workspace\CNS2FPGA\code\4_Verify whether this model has basic biological plausibility\outputs\courtship_song_mechanism_v2\population_activity\cut_vPN1_to_pC1_ipi_35.npz,74654,True
cut_vPN1_to_pC1,45.0,E:\Workspace\CNS2FPGA\code\4_Verify whether this model has basic biological plausibility\outputs\courtship_song_mechanism_v2\population_activity\cut_vPN1_to_pC1_ipi_45.npz,89804,True
cut_vPN1_to_pC1,55.0,E:\Workspace\CNS2FPGA\code\4_Verify whether this model has basic biological plausibility\outputs\courtship_song_mechanism_v2\population_activity\cut_vPN1_to_pC1_ipi_55.npz,90677,True
cut_vPN1_to_pC1,65.0,E:\Workspace\CNS2FPGA\code\4_Verify whether this model has basic biological plausibility\outputs\courtship_song_mechanism_v2\population_activity\cut_vPN1_to_pC1_ipi_65.npz,97281,True
cut_vPN1_to_pC1,75.0,E:\Workspace\CNS2FPGA\code\4_Verify whether this model has basic biological plausibility\outputs\courtship_song_mechanism_v2\population_activity\cut_vPN1_to_pC1_ipi_75.npz,100262,True
cut_vPN1_to_pC1,85.0,E:\Workspace\CNS2FPGA\code\4_Verify whether this model has basic biological plausibility\outputs\courtship_song_mechanism_v2\population_activity\cut_vPN1_to_pC1_ipi_85.npz,129096,True
cut_vPN1_to_pC1,95.0,E:\Workspace\CNS2FPGA\code\4_Verify whether this model has basic biological plausibility\outputs\courtship_song_mechanism_v2\population_activity\cut_vPN1_to_pC1_ipi_95.npz,132775,True
cut_vPN1_to_other,15.0,E:\Workspace\CNS2FPGA\code\4_Verify whether this model has basic biological plausibility\outputs\courtship_song_mechanism_v2\population_activity\cut_vPN1_to_other_ipi_15.npz,37820,True
cut_vPN1_to_other,25.0,E:\Workspace\CNS2FPGA\code\4_Verify whether this model has basic biological plausibility\outputs\courtship_song_mechanism_v2\population_activity\cut_vPN1_to_other_ipi_25.npz,54917,True
cut_vPN1_to_other,35.0,E:\Workspace\CNS2FPGA\code\4_Verify whether this model has basic biological plausibility\outputs\courtship_song_mechanism_v2\population_activity\cut_vPN1_to_other_ipi_35.npz,76324,True
cut_vPN1_to_other,45.0,E:\Workspace\CNS2FPGA\code\4_Verify whether this model has basic biological plausibility\outputs\courtship_song_mechanism_v2\population_activity\cut_vPN1_to_other_ipi_45.npz,92088,True
cut_vPN1_to_other,55.0,E:\Workspace\CNS2FPGA\code\4_Verify whether this model has basic biological plausibility\outputs\courtship_song_mechanism_v2\population_activity\cut_vPN1_to_other_ipi_55.npz,103753,True
cut_vPN1_to_other,65.0,E:\Workspace\CNS2FPGA\code\4_Verify whether this model has basic biological plausibility\outputs\courtship_song_mechanism_v2\population_activity\cut_vPN1_to_other_ipi_65.npz,99812,True
cut_vPN1_to_other,75.0,E:\Workspace\CNS2FPGA\code\4_Verify whether this model has basic biological plausibility\outputs\courtship_song_mechanism_v2\population_activity\cut_vPN1_to_other_ipi_75.npz,116676,True
cut_vPN1_to_other,85.0,E:\Workspace\CNS2FPGA\code\4_Verify whether this model has basic biological plausibility\outputs\courtship_song_mechanism_v2\population_activity\cut_vPN1_to_other_ipi_85.npz,129189,True
cut_vPN1_to_other,95.0,E:\Workspace\CNS2FPGA\code\4_Verify whether this model has basic biological plausibility\outputs\courtship_song_mechanism_v2\population_activity\cut_vPN1_to_other_ipi_95.npz,134448,True
cut_vPN1_all_output,15.0,E:\Workspace\CNS2FPGA\code\4_Verify whether this model has basic biological plausibility\outputs\courtship_song_mechanism_v2\population_activity\cut_vPN1_all_output_ipi_15.npz,39195,True
cut_vPN1_all_output,25.0,E:\Workspace\CNS2FPGA\code\4_Verify whether this model has basic biological plausibility\outputs\courtship_song_mechanism_v2\population_activity\cut_vPN1_all_output_ipi_25.npz,58536,True
cut_vPN1_all_output,35.0,E:\Workspace\CNS2FPGA\code\4_Verify whether this model has basic biological plausibility\outputs\courtship_song_mechanism_v2\population_activity\cut_vPN1_all_output_ipi_35.npz,76638,True
cut_vPN1_all_output,45.0,E:\Workspace\CNS2FPGA\code\4_Verify whether this model has basic biological plausibility\outputs\courtship_song_mechanism_v2\population_activity\cut_vPN1_all_output_ipi_45.npz,89615,True
cut_vPN1_all_output,55.0,E:\Workspace\CNS2FPGA\code\4_Verify whether this model has basic biological plausibility\outputs\courtship_song_mechanism_v2\population_activity\cut_vPN1_all_output_ipi_55.npz,92334,True
cut_vPN1_all_output,65.0,E:\Workspace\CNS2FPGA\code\4_Verify whether this model has basic biological plausibility\outputs\courtship_song_mechanism_v2\population_activity\cut_vPN1_all_output_ipi_65.npz,99734,True
cut_vPN1_all_output,75.0,E:\Workspace\CNS2FPGA\code\4_Verify whether this model has basic biological plausibility\outputs\courtship_song_mechanism_v2\population_activity\cut_vPN1_all_output_ipi_75.npz,100566,True
cut_vPN1_all_output,85.0,E:\Workspace\CNS2FPGA\code\4_Verify whether this model has basic biological plausibility\outputs\courtship_song_mechanism_v2\population_activity\cut_vPN1_all_output_ipi_85.npz,127507,True
cut_vPN1_all_output,95.0,E:\Workspace\CNS2FPGA\code\4_Verify whether this model has basic biological plausibility\outputs\courtship_song_mechanism_v2\population_activity\cut_vPN1_all_output_ipi_95.npz,141963,True
silence_aPN1,15.0,E:\Workspace\CNS2FPGA\code\4_Verify whether this model has basic biological plausibility\outputs\courtship_song_mechanism_v2\population_activity\silence_aPN1_ipi_15.npz,39996,True
silence_aPN1,25.0,E:\Workspace\CNS2FPGA\code\4_Verify whether this model has basic biological plausibility\outputs\courtship_song_mechanism_v2\population_activity\silence_aPN1_ipi_25.npz,48772,True
silence_aPN1,35.0,E:\Workspace\CNS2FPGA\code\4_Verify whether this model has basic biological plausibility\outputs\courtship_song_mechanism_v2\population_activity\silence_aPN1_ipi_35.npz,69579,True
silence_aPN1,45.0,E:\Workspace\CNS2FPGA\code\4_Verify whether this model has basic biological plausibility\outputs\courtship_song_mechanism_v2\population_activity\silence_aPN1_ipi_45.npz,86275,True
silence_aPN1,55.0,E:\Workspace\CNS2FPGA\code\4_Verify whether this model has basic biological plausibility\outputs\courtship_song_mechanism_v2\population_activity\silence_aPN1_ipi_55.npz,93903,True
silence_aPN1,65.0,E:\Workspace\CNS2FPGA\code\4_Verify whether this model has basic biological plausibility\outputs\courtship_song_mechanism_v2\population_activity\silence_aPN1_ipi_65.npz,99110,True
silence_aPN1,75.0,E:\Workspace\CNS2FPGA\code\4_Verify whether this model has basic biological plausibility\outputs\courtship_song_mechanism_v2\population_activity\silence_aPN1_ipi_75.npz,97216,True
silence_aPN1,85.0,E:\Workspace\CNS2FPGA\code\4_Verify whether this model has basic biological plausibility\outputs\courtship_song_mechanism_v2\population_activity\silence_aPN1_ipi_85.npz,97973,True
silence_aPN1,95.0,E:\Workspace\CNS2FPGA\code\4_Verify whether this model has basic biological plausibility\outputs\courtship_song_mechanism_v2\population_activity\silence_aPN1_ipi_95.npz,100972,True
cut_vPN1_to_mAL_bridge,15.0,E:\Workspace\CNS2FPGA\code\4_Verify whether this model has basic biological plausibility\outputs\courtship_song_mal_v2b\population_activity\cut_vPN1_to_mAL_bridge_ipi_15.npz,40868,True
cut_vPN1_to_mAL_bridge,25.0,E:\Workspace\CNS2FPGA\code\4_Verify whether this model has basic biological plausibility\outputs\courtship_song_mal_v2b\population_activity\cut_vPN1_to_mAL_bridge_ipi_25.npz,54746,True
cut_vPN1_to_mAL_bridge,35.0,E:\Workspace\CNS2FPGA\code\4_Verify whether this model has basic biological plausibility\outputs\courtship_song_mal_v2b\population_activity\cut_vPN1_to_mAL_bridge_ipi_35.npz,74457,True
cut_vPN1_to_mAL_bridge,45.0,E:\Workspace\CNS2FPGA\code\4_Verify whether this model has basic biological plausibility\outputs\courtship_song_mal_v2b\population_activity\cut_vPN1_to_mAL_bridge_ipi_45.npz,87382,True
cut_vPN1_to_mAL_bridge,55.0,E:\Workspace\CNS2FPGA\code\4_Verify whether this model has basic biological plausibility\outputs\courtship_song_mal_v2b\population_activity\cut_vPN1_to_mAL_bridge_ipi_55.npz,92255,True
cut_vPN1_to_mAL_bridge,65.0,E:\Workspace\CNS2FPGA\code\4_Verify whether this model has basic biological plausibility\outputs\courtship_song_mal_v2b\population_activity\cut_vPN1_to_mAL_bridge_ipi_65.npz,99349,True
cut_vPN1_to_mAL_bridge,75.0,E:\Workspace\CNS2FPGA\code\4_Verify whether this model has basic biological plausibility\outputs\courtship_song_mal_v2b\population_activity\cut_vPN1_to_mAL_bridge_ipi_75.npz,100857,True
cut_vPN1_to_mAL_bridge,85.0,E:\Workspace\CNS2FPGA\code\4_Verify whether this model has basic biological plausibility\outputs\courtship_song_mal_v2b\population_activity\cut_vPN1_to_mAL_bridge_ipi_85.npz,124927,True
cut_vPN1_to_mAL_bridge,95.0,E:\Workspace\CNS2FPGA\code\4_Verify whether this model has basic biological plausibility\outputs\courtship_song_mal_v2b\population_activity\cut_vPN1_to_mAL_bridge_ipi_95.npz,134731,True
cut_mAL_bridge_to_pC1,15.0,E:\Workspace\CNS2FPGA\code\4_Verify whether this model has basic biological plausibility\outputs\courtship_song_mal_v2b\population_activity\cut_mAL_bridge_to_pC1_ipi_15.npz,40707,True
cut_mAL_bridge_to_pC1,25.0,E:\Workspace\CNS2FPGA\code\4_Verify whether this model has basic biological plausibility\outputs\courtship_song_mal_v2b\population_activity\cut_mAL_bridge_to_pC1_ipi_25.npz,54664,True
cut_mAL_bridge_to_pC1,35.0,E:\Workspace\CNS2FPGA\code\4_Verify whether this model has basic biological plausibility\outputs\courtship_song_mal_v2b\population_activity\cut_mAL_bridge_to_pC1_ipi_35.npz,73290,True
cut_mAL_bridge_to_pC1,45.0,E:\Workspace\CNS2FPGA\code\4_Verify whether this model has basic biological plausibility\outputs\courtship_song_mal_v2b\population_activity\cut_mAL_bridge_to_pC1_ipi_45.npz,94717,True
cut_mAL_bridge_to_pC1,55.0,E:\Workspace\CNS2FPGA\code\4_Verify whether this model has basic biological plausibility\outputs\courtship_song_mal_v2b\population_activity\cut_mAL_bridge_to_pC1_ipi_55.npz,92330,True
cut_mAL_bridge_to_pC1,65.0,E:\Workspace\CNS2FPGA\code\4_Verify whether this model has basic biological plausibility\outputs\courtship_song_mal_v2b\population_activity\cut_mAL_bridge_to_pC1_ipi_65.npz,101271,True
cut_mAL_bridge_to_pC1,75.0,E:\Workspace\CNS2FPGA\code\4_Verify whether this model has basic biological plausibility\outputs\courtship_song_mal_v2b\population_activity\cut_mAL_bridge_to_pC1_ipi_75.npz,104819,True
cut_mAL_bridge_to_pC1,85.0,E:\Workspace\CNS2FPGA\code\4_Verify whether this model has basic biological plausibility\outputs\courtship_song_mal_v2b\population_activity\cut_mAL_bridge_to_pC1_ipi_85.npz,125030,True
cut_mAL_bridge_to_pC1,95.0,E:\Workspace\CNS2FPGA\code\4_Verify whether this model has basic biological plausibility\outputs\courtship_song_mal_v2b\population_activity\cut_mAL_bridge_to_pC1_ipi_95.npz,137665,True
cut_both_bridge_segments,15.0,E:\Workspace\CNS2FPGA\code\4_Verify whether this model has basic biological plausibility\outputs\courtship_song_mal_v2b\population_activity\cut_both_bridge_segments_ipi_15.npz,40707,True
cut_both_bridge_segments,25.0,E:\Workspace\CNS2FPGA\code\4_Verify whether this model has basic biological plausibility\outputs\courtship_song_mal_v2b\population_activity\cut_both_bridge_segments_ipi_25.npz,53324,True
cut_both_bridge_segments,35.0,E:\Workspace\CNS2FPGA\code\4_Verify whether this model has basic biological plausibility\outputs\courtship_song_mal_v2b\population_activity\cut_both_bridge_segments_ipi_35.npz,73422,True
cut_both_bridge_segments,45.0,E:\Workspace\CNS2FPGA\code\4_Verify whether this model has basic biological plausibility\outputs\courtship_song_mal_v2b\population_activity\cut_both_bridge_segments_ipi_45.npz,87917,True
cut_both_bridge_segments,55.0,E:\Workspace\CNS2FPGA\code\4_Verify whether this model has basic biological plausibility\outputs\courtship_song_mal_v2b\population_activity\cut_both_bridge_segments_ipi_55.npz,92294,True
cut_both_bridge_segments,65.0,E:\Workspace\CNS2FPGA\code\4_Verify whether this model has basic biological plausibility\outputs\courtship_song_mal_v2b\population_activity\cut_both_bridge_segments_ipi_65.npz,101271,True
cut_both_bridge_segments,75.0,E:\Workspace\CNS2FPGA\code\4_Verify whether this model has basic biological plausibility\outputs\courtship_song_mal_v2b\population_activity\cut_both_bridge_segments_ipi_75.npz,104819,True
cut_both_bridge_segments,85.0,E:\Workspace\CNS2FPGA\code\4_Verify whether this model has basic biological plausibility\outputs\courtship_song_mal_v2b\population_activity\cut_both_bridge_segments_ipi_85.npz,125031,True
cut_both_bridge_segments,95.0,E:\Workspace\CNS2FPGA\code\4_Verify whether this model has basic biological plausibility\outputs\courtship_song_mal_v2b\population_activity\cut_both_bridge_segments_ipi_95.npz,134723,True
