candidate_id,metric,reference_ipi_ms,comparison_ipi_ms,reference_value,comparison_value,reference_greater,difference
pC1_fruDsx_coexpress,peak_rate_hz,35.0,15.0,8.615384615384615,9.692307692307692,False,-1.0769230769230766
pC1_fruDsx_coexpress,peak_rate_hz,35.0,25.0,8.615384615384615,10.307692307692308,False,-1.6923076923076934
pC1_fruDsx_coexpress,peak_rate_hz,35.0,85.0,8.615384615384615,8.307692307692308,True,0.3076923076923066
pC1_fruDsx_coexpress,peak_rate_hz,35.0,95.0,8.615384615384615,8.307692307692308,True,0.3076923076923066
pC1_fruDsx_coexpress,evoked_spikes_per_neuron_per_pulse,35.0,15.0,0.24576923076923077,0.11115384615384616,True,0.1346153846153846
pC1_fruDsx_coexpress,evoked_spikes_per_neuron_per_pulse,35.0,25.0,0.24576923076923077,0.16038461538461538,True,0.08538461538461539
pC1_fruDsx_coexpress,evoked_spikes_per_neuron_per_pulse,35.0,85.0,0.24576923076923077,0.34192307692307694,False,-0.09615384615384617
pC1_fruDsx_coexpress,evoked_spikes_per_neuron_per_pulse,35.0,95.0,0.24576923076923077,0.3696153846153846,False,-0.12384615384615386
pC1_fruDsx_nonmissing,peak_rate_hz,35.0,15.0,13.243243243243244,11.26126126126126,True,1.981981981981983
pC1_fruDsx_nonmissing,peak_rate_hz,35.0,25.0,13.243243243243244,13.153153153153154,True,0.09009009009009006
pC1_fruDsx_nonmissing,peak_rate_hz,35.0,85.0,13.243243243243244,11.711711711711713,True,1.531531531531531
pC1_fruDsx_nonmissing,peak_rate_hz,35.0,95.0,13.243243243243244,11.17117117117117,True,2.072072072072073
pC1_fruDsx_nonmissing,evoked_spikes_per_neuron_per_pulse,35.0,15.0,0.39076576576576577,0.13761261261261262,True,0.2531531531531531
pC1_fruDsx_nonmissing,evoked_spikes_per_neuron_per_pulse,35.0,25.0,0.39076576576576577,0.22972972972972974,True,0.16103603603603603
pC1_fruDsx_nonmissing,evoked_spikes_per_neuron_per_pulse,35.0,85.0,0.39076576576576577,0.49099099099099097,False,-0.1002252252252252
pC1_fruDsx_nonmissing,evoked_spikes_per_neuron_per_pulse,35.0,95.0,0.39076576576576577,0.504054054054054,False,-0.11328828828828824
pC1_neuronbridge_any_hit,peak_rate_hz,35.0,15.0,12.149532710280372,11.214953271028037,True,0.9345794392523352
pC1_neuronbridge_any_hit,peak_rate_hz,35.0,25.0,12.149532710280372,12.897196261682241,False,-0.7476635514018692
pC1_neuronbridge_any_hit,peak_rate_hz,35.0,85.0,12.149532710280372,10.560747663551401,True,1.5887850467289706
pC1_neuronbridge_any_hit,peak_rate_hz,35.0,95.0,12.149532710280372,10.373831775700934,True,1.7757009345794383
pC1_neuronbridge_any_hit,evoked_spikes_per_neuron_per_pulse,35.0,15.0,0.355607476635514,0.13434579439252337,True,0.22126168224299064
pC1_neuronbridge_any_hit,evoked_spikes_per_neuron_per_pulse,35.0,25.0,0.355607476635514,0.22266355140186916,True,0.13294392523364484
pC1_neuronbridge_any_hit,evoked_spikes_per_neuron_per_pulse,35.0,85.0,0.355607476635514,0.4523364485981308,False,-0.09672897196261682
pC1_neuronbridge_any_hit,evoked_spikes_per_neuron_per_pulse,35.0,95.0,0.355607476635514,0.47149532710280373,False,-0.11588785046728972
pC1_neuronbridge_best_rank_le_100,peak_rate_hz,35.0,15.0,11.333333333333334,12.666666666666666,False,-1.3333333333333321
pC1_neuronbridge_best_rank_le_100,peak_rate_hz,35.0,25.0,11.333333333333334,20.666666666666668,False,-9.333333333333334
pC1_neuronbridge_best_rank_le_100,peak_rate_hz,35.0,85.0,11.333333333333334,12.0,False,-0.6666666666666661
pC1_neuronbridge_best_rank_le_100,peak_rate_hz,35.0,95.0,11.333333333333334,10.0,True,1.333333333333334
pC1_neuronbridge_best_rank_le_100,evoked_spikes_per_neuron_per_pulse,35.0,15.0,0.3,0.12666666666666668,True,0.1733333333333333
pC1_neuronbridge_best_rank_le_100,evoked_spikes_per_neuron_per_pulse,35.0,25.0,0.3,0.31833333333333336,False,-0.018333333333333368
pC1_neuronbridge_best_rank_le_100,evoked_spikes_per_neuron_per_pulse,35.0,85.0,0.3,0.425,False,-0.125
pC1_neuronbridge_best_rank_le_100,evoked_spikes_per_neuron_per_pulse,35.0,95.0,0.3,0.45,False,-0.15000000000000002
pC1_pMP_alias,peak_rate_hz,35.0,15.0,8.88888888888889,10.0,False,-1.1111111111111107
pC1_pMP_alias,peak_rate_hz,35.0,25.0,8.88888888888889,10.634920634920634,False,-1.7460317460317452
pC1_pMP_alias,peak_rate_hz,35.0,85.0,8.88888888888889,8.571428571428571,True,0.3174603174603181
pC1_pMP_alias,peak_rate_hz,35.0,95.0,8.88888888888889,8.571428571428571,True,0.3174603174603181
pC1_pMP_alias,evoked_spikes_per_neuron_per_pulse,35.0,15.0,0.25357142857142856,0.11468253968253968,True,0.1388888888888889
pC1_pMP_alias,evoked_spikes_per_neuron_per_pulse,35.0,25.0,0.25357142857142856,0.16547619047619047,True,0.08809523809523809
pC1_pMP_alias,evoked_spikes_per_neuron_per_pulse,35.0,85.0,0.25357142857142856,0.3527777777777778,False,-0.09920634920634924
pC1_pMP_alias,evoked_spikes_per_neuron_per_pulse,35.0,95.0,0.25357142857142856,0.3813492063492063,False,-0.12777777777777777
pC1_type_all,peak_rate_hz,35.0,15.0,13.124999999999998,11.160714285714285,True,1.9642857142857135
pC1_type_all,peak_rate_hz,35.0,25.0,13.124999999999998,13.035714285714285,True,0.08928571428571352
pC1_type_all,peak_rate_hz,35.0,85.0,13.124999999999998,11.607142857142856,True,1.5178571428571423
pC1_type_all,peak_rate_hz,35.0,95.0,13.124999999999998,11.071428571428571,True,2.053571428571427
pC1_type_all,evoked_spikes_per_neuron_per_pulse,35.0,15.0,0.3872767857142857,0.13638392857142856,True,0.25089285714285714
pC1_type_all,evoked_spikes_per_neuron_per_pulse,35.0,25.0,0.3872767857142857,0.22767857142857142,True,0.15959821428571427
pC1_type_all,evoked_spikes_per_neuron_per_pulse,35.0,85.0,0.3872767857142857,0.48660714285714285,False,-0.09933035714285715
pC1_type_all,evoked_spikes_per_neuron_per_pulse,35.0,95.0,0.3872767857142857,0.49955357142857143,False,-0.11227678571428573
