format_name,condition_id,ipi_ms,fixed_spikes,float_spikes,exact_event_matches,event_precision,event_recall,event_f1,state_saturation_events,accumulator_saturation_events
safe_s34w36a41,intact,15.0,40868,40868,40868,1.0,1.0,1.0,0,0
safe_s34w36a41,intact,25.0,55691,55691,55691,1.0,1.0,1.0,0,0
safe_s34w36a41,intact,35.0,74765,74765,74765,1.0,1.0,1.0,0,0
safe_s34w36a41,intact,45.0,88858,88858,88858,1.0,1.0,1.0,0,0
safe_s34w36a41,intact,55.0,93856,93856,93856,1.0,1.0,1.0,0,0
safe_s34w36a41,intact,65.0,99349,99349,99349,1.0,1.0,1.0,0,0
safe_s34w36a41,intact,75.0,100857,100857,100857,1.0,1.0,1.0,0,0
safe_s34w36a41,intact,85.0,124929,124929,124929,1.0,1.0,1.0,0,0
safe_s34w36a41,intact,95.0,127106,127106,127106,1.0,1.0,1.0,0,0
safe_s34w36a41,silence_vPN1,35.0,76419,76419,76419,1.0,1.0,1.0,0,0
safe_s34w36a41,cut_vPN1_to_pC1,35.0,74654,74654,74654,1.0,1.0,1.0,0,0
safe_s34w36a41,cut_vPN1_to_other,35.0,76324,76324,76324,1.0,1.0,1.0,0,0
safe_s34w36a41,cut_vPN1_all_output,35.0,76638,76638,76638,1.0,1.0,1.0,0,0
safe_s34w36a41,silence_aPN1,35.0,69579,69579,69579,1.0,1.0,1.0,0,0
safe_s34w36a41,cut_vPN1_to_mAL_bridge,35.0,74457,74457,74457,1.0,1.0,1.0,0,0
safe_s34w36a41,cut_mAL_bridge_to_pC1,35.0,73290,73290,73290,1.0,1.0,1.0,0,0
safe_s34w36a41,cut_both_bridge_segments,35.0,73422,73422,73422,1.0,1.0,1.0,0,0
compact_s33w36a40,intact,15.0,40868,40868,40868,1.0,1.0,1.0,0,0
compact_s33w36a40,intact,25.0,55691,55691,55691,1.0,1.0,1.0,0,0
compact_s33w36a40,intact,35.0,74765,74765,74765,1.0,1.0,1.0,0,0
compact_s33w36a40,intact,45.0,88858,88858,88858,1.0,1.0,1.0,0,0
compact_s33w36a40,intact,55.0,93856,93856,93856,1.0,1.0,1.0,0,0
compact_s33w36a40,intact,65.0,99349,99349,99349,1.0,1.0,1.0,0,0
compact_s33w36a40,intact,75.0,100857,100857,100857,1.0,1.0,1.0,0,0
compact_s33w36a40,intact,85.0,124929,124929,124929,1.0,1.0,1.0,0,0
compact_s33w36a40,intact,95.0,127106,127106,127106,1.0,1.0,1.0,0,0
compact_s33w36a40,silence_vPN1,35.0,76419,76419,76419,1.0,1.0,1.0,0,0
compact_s33w36a40,cut_vPN1_to_pC1,35.0,74654,74654,74654,1.0,1.0,1.0,0,0
compact_s33w36a40,cut_vPN1_to_other,35.0,76324,76324,76324,1.0,1.0,1.0,0,0
compact_s33w36a40,cut_vPN1_all_output,35.0,76638,76638,76638,1.0,1.0,1.0,0,0
compact_s33w36a40,silence_aPN1,35.0,69579,69579,69579,1.0,1.0,1.0,0,0
compact_s33w36a40,cut_vPN1_to_mAL_bridge,35.0,74457,74457,74457,1.0,1.0,1.0,0,0
compact_s33w36a40,cut_mAL_bridge_to_pC1,35.0,73290,73290,73290,1.0,1.0,1.0,0,0
compact_s33w36a40,cut_both_bridge_segments,35.0,73422,73422,73422,1.0,1.0,1.0,0,0
state_boundary_s32w36a40,intact,15.0,40868,40868,40868,1.0,1.0,1.0,35,0
state_boundary_s32w36a40,intact,25.0,55691,55691,55691,1.0,1.0,1.0,98,0
state_boundary_s32w36a40,intact,35.0,74765,74765,74765,1.0,1.0,1.0,0,0
state_boundary_s32w36a40,intact,45.0,88858,88858,88858,1.0,1.0,1.0,4,0
state_boundary_s32w36a40,intact,55.0,93856,93856,93856,1.0,1.0,1.0,0,0
state_boundary_s32w36a40,intact,65.0,99349,99349,99349,1.0,1.0,1.0,0,0
state_boundary_s32w36a40,intact,75.0,100857,100857,100857,1.0,1.0,1.0,2,0
state_boundary_s32w36a40,intact,85.0,124929,124929,124929,1.0,1.0,1.0,175,0
state_boundary_s32w36a40,intact,95.0,127106,127106,127106,1.0,1.0,1.0,122,0
state_boundary_s32w36a40,silence_vPN1,35.0,76419,76419,76419,1.0,1.0,1.0,46,0
state_boundary_s32w36a40,cut_vPN1_to_pC1,35.0,74654,74654,74654,1.0,1.0,1.0,7,0
state_boundary_s32w36a40,cut_vPN1_to_other,35.0,76324,76324,76324,1.0,1.0,1.0,43,0
state_boundary_s32w36a40,cut_vPN1_all_output,35.0,76638,76638,76638,1.0,1.0,1.0,46,0
state_boundary_s32w36a40,silence_aPN1,35.0,69579,69579,69579,1.0,1.0,1.0,29,0
state_boundary_s32w36a40,cut_vPN1_to_mAL_bridge,35.0,74457,74457,74457,1.0,1.0,1.0,0,0
state_boundary_s32w36a40,cut_mAL_bridge_to_pC1,35.0,73290,73290,73290,1.0,1.0,1.0,17,0
state_boundary_s32w36a40,cut_both_bridge_segments,35.0,73422,73422,73422,1.0,1.0,1.0,49,0
precision_boundary_s33w35a39,intact,15.0,40868,40868,40868,1.0,1.0,1.0,0,0
precision_boundary_s33w35a39,intact,25.0,55691,55691,55691,1.0,1.0,1.0,0,0
precision_boundary_s33w35a39,intact,35.0,74765,74765,74765,1.0,1.0,1.0,0,0
precision_boundary_s33w35a39,intact,45.0,88858,88858,88858,1.0,1.0,1.0,0,0
precision_boundary_s33w35a39,intact,55.0,93856,93856,93856,1.0,1.0,1.0,0,0
precision_boundary_s33w35a39,intact,65.0,99349,99349,99349,1.0,1.0,1.0,0,0
precision_boundary_s33w35a39,intact,75.0,100857,100857,100857,1.0,1.0,1.0,0,0
precision_boundary_s33w35a39,intact,85.0,124929,124929,124929,1.0,1.0,1.0,0,0
precision_boundary_s33w35a39,intact,95.0,127106,127106,127106,1.0,1.0,1.0,0,0
precision_boundary_s33w35a39,silence_vPN1,35.0,76419,76419,76419,1.0,1.0,1.0,0,0
precision_boundary_s33w35a39,cut_vPN1_to_pC1,35.0,74654,74654,74654,1.0,1.0,1.0,0,0
precision_boundary_s33w35a39,cut_vPN1_to_other,35.0,76324,76324,76324,1.0,1.0,1.0,0,0
precision_boundary_s33w35a39,cut_vPN1_all_output,35.0,76638,76638,76638,1.0,1.0,1.0,0,0
precision_boundary_s33w35a39,silence_aPN1,35.0,69579,69579,69579,1.0,1.0,1.0,0,0
precision_boundary_s33w35a39,cut_vPN1_to_mAL_bridge,35.0,74457,74457,74457,1.0,1.0,1.0,0,0
precision_boundary_s33w35a39,cut_mAL_bridge_to_pC1,35.0,73290,73290,73290,1.0,1.0,1.0,0,0
precision_boundary_s33w35a39,cut_both_bridge_segments,35.0,73422,73422,73422,1.0,1.0,1.0,0,0
