format_name,metric,comparison_ipi_ms,fixed_direction,float_direction,direction_match
compact_s33w36a40,peak_rate_hz,15,True,True,True
compact_s33w36a40,peak_rate_hz,25,True,True,True
compact_s33w36a40,peak_rate_hz,85,True,True,True
compact_s33w36a40,peak_rate_hz,95,True,True,True
compact_s33w36a40,evoked_spikes_per_neuron_per_pulse,15,True,True,True
compact_s33w36a40,evoked_spikes_per_neuron_per_pulse,25,True,True,True
compact_s33w36a40,evoked_spikes_per_neuron_per_pulse,85,False,False,True
compact_s33w36a40,evoked_spikes_per_neuron_per_pulse,95,False,False,True
precision_boundary_s33w35a39,peak_rate_hz,15,True,True,True
precision_boundary_s33w35a39,peak_rate_hz,25,True,True,True
precision_boundary_s33w35a39,peak_rate_hz,85,True,True,True
precision_boundary_s33w35a39,peak_rate_hz,95,True,True,True
precision_boundary_s33w35a39,evoked_spikes_per_neuron_per_pulse,15,True,True,True
precision_boundary_s33w35a39,evoked_spikes_per_neuron_per_pulse,25,True,True,True
precision_boundary_s33w35a39,evoked_spikes_per_neuron_per_pulse,85,False,False,True
precision_boundary_s33w35a39,evoked_spikes_per_neuron_per_pulse,95,False,False,True
safe_s34w36a41,peak_rate_hz,15,True,True,True
safe_s34w36a41,peak_rate_hz,25,True,True,True
safe_s34w36a41,peak_rate_hz,85,True,True,True
safe_s34w36a41,peak_rate_hz,95,True,True,True
safe_s34w36a41,evoked_spikes_per_neuron_per_pulse,15,True,True,True
safe_s34w36a41,evoked_spikes_per_neuron_per_pulse,25,True,True,True
safe_s34w36a41,evoked_spikes_per_neuron_per_pulse,85,False,False,True
safe_s34w36a41,evoked_spikes_per_neuron_per_pulse,95,False,False,True
state_boundary_s32w36a40,peak_rate_hz,15,True,True,True
state_boundary_s32w36a40,peak_rate_hz,25,True,True,True
state_boundary_s32w36a40,peak_rate_hz,85,True,True,True
state_boundary_s32w36a40,peak_rate_hz,95,True,True,True
state_boundary_s32w36a40,evoked_spikes_per_neuron_per_pulse,15,True,True,True
state_boundary_s32w36a40,evoked_spikes_per_neuron_per_pulse,25,True,True,True
state_boundary_s32w36a40,evoked_spikes_per_neuron_per_pulse,85,False,False,True
state_boundary_s32w36a40,evoked_spikes_per_neuron_per_pulse,95,False,False,True
