condition_id,ipi_ms,group,neurons,peak_rate_hz,evoked_spikes_per_neuron_per_pulse,stimulus_rate_hz,response_rate_hz,post_tail_rate_hz,common_window_spikes_per_neuron,pre_rate_hz,total_spikes,response_spikes,silence_response_spikes
intact,15.0,auditory_input,93,70.0,1.0,68.02721088435374,36.76470588235294,0.0,40.0,0.0,3720,3720,0
intact,15.0,aPN1,15,6.0,0.065,4.421768707482993,2.389705882352941,0.0,2.6,0.0,39,39,0
intact,15.0,vPN1,11,10.0,0.056818181818181816,3.865182436611008,2.088903743315508,0.0,2.272727272727273,0.0,25,25,0
intact,15.0,pC1,112,11.160714285714285,0.13638392857142856,8.275631681243928,5.014115021008403,0.0,5.455357142857143,0.0,611,611,0
intact,15.0,pIP10,2,45.0,0.45,27.2108843537415,16.544117647058822,0.0,18.0,0.0,36,36,0
intact,15.0,pMP2,2,20.0,0.05,3.4013605442176873,1.838235294117647,0.0,2.0,0.0,4,4,0
intact,15.0,mAL_all,73,3.6986301369863015,0.024657534246575342,1.048364551299972,0.9065269943593876,0.0,0.9863013698630136,0.0,72,72,0
intact,15.0,mAL_bridge,13,11.538461538461538,0.038461538461538464,0.6541077969649398,1.414027149321267,0.0,1.5384615384615385,0.0,20,20,0
intact,25.0,auditory_input,93,41.397849462365585,1.0,40.89979550102249,27.06359945872801,0.0,40.0,0.0,3720,3720,0
intact,25.0,aPN1,15,8.666666666666666,0.13666666666666666,5.589638718473075,3.6986919260261613,0.0,5.466666666666667,0.0,82,82,0
intact,25.0,vPN1,11,12.727272727272727,0.1409090909090909,5.763153002416805,3.813507196457129,0.0,5.636363636363637,0.0,62,62,0
intact,25.0,pC1,112,13.035714285714285,0.22767857142857142,8.992477359041777,6.161801662478252,0.0,9.107142857142858,0.0,1020,1020,0
intact,25.0,pIP10,2,65.0,0.775,30.67484662576687,20.97428958051421,0.0,31.0,0.0,62,62,0
intact,25.0,pMP2,2,20.0,0.05,2.044989775051125,1.3531799729364005,0.0,2.0,0.0,4,4,0
intact,25.0,mAL_all,73,9.589041095890412,0.07465753424657534,3.0254643247331705,2.020501603425584,0.0,2.9863013698630136,0.0,218,218,0
intact,25.0,mAL_bridge,13,3.846153846153846,0.051923076923076926,2.1236432279377064,1.4052253565108777,0.0,2.076923076923077,0.0,27,27,0
intact,35.0,auditory_input,93,29.999999999999996,1.0,29.239766081871345,21.413276231263385,0.0,40.0,0.0,3720,3720,0
intact,35.0,aPN1,15,9.333333333333334,0.2733333333333333,7.992202729044834,5.8529621698786585,0.0,10.933333333333334,0.0,164,164,0
intact,35.0,vPN1,11,20.0,0.5045454545454545,14.752791068580542,10.803971189410161,0.0,20.181818181818183,0.0,222,222,0
intact,35.0,pC1,112,13.124999999999998,0.3872767857142857,11.154187552213868,8.292864790455797,0.0,15.491071428571429,0.0,1735,1735,0
intact,35.0,pIP10,2,55.0,1.3625,39.10818713450292,29.17558886509636,0.0,54.5,0.0,109,109,0
intact,35.0,pMP2,2,20.0,0.1125,3.289473684210526,2.4089935760171306,0.0,4.5,0.0,9,9,0
intact,35.0,mAL_all,73,10.684931506849315,0.31917808219178084,9.312665224705599,6.834648440937491,0.0,12.767123287671232,0.0,932,932,0
intact,35.0,mAL_bridge,13,7.692307692307692,0.14423076923076922,4.2172739541160595,3.088453302586065,0.0,5.769230769230769,0.0,75,75,0
intact,45.0,auditory_input,93,29.999999999999996,1.0,22.753128555176335,17.71479185119575,0.0,40.0,0.0,3720,3720,0
intact,45.0,aPN1,15,12.0,0.395,8.987485779294653,6.997342781222321,0.0,15.8,0.0,237,237,0
intact,45.0,vPN1,11,21.818181818181817,0.5795454545454546,12.824490640190298,10.266527095579354,0.0,23.181818181818183,0.0,255,255,0
intact,45.0,pC1,112,14.107142857142856,0.4263392857142857,9.48216317243621,7.552511704416044,0.0,17.053571428571427,0.0,1910,1910,0
intact,45.0,pIP10,2,65.0,1.5125,33.27645051194539,26.79362267493357,0.0,60.5,0.0,121,121,0
intact,45.0,pMP2,2,30.0,0.1375,3.128555176336746,2.4357838795394153,0.0,5.5,0.0,11,11,0
intact,45.0,mAL_all,73,11.643835616438356,0.34828767123287674,7.745414309536054,6.169843600228108,0.0,13.931506849315069,0.0,1017,1017,0
intact,45.0,mAL_bridge,13,7.692307692307692,0.175,3.938041480703597,3.100088573959256,0.0,7.0,0.0,91,91,0
intact,55.0,auditory_input,93,20.0,1.0,18.6219739292365,15.105740181268882,0.0,40.0,0.0,3720,3720,0
intact,55.0,aPN1,15,8.0,0.4,7.4487895716946,6.042296072507553,0.0,16.0,0.0,240,240,0
intact,55.0,vPN1,11,12.727272727272727,0.5363636363636364,9.818858980870154,8.102169733589673,0.0,21.454545454545453,0.0,236,236,0
intact,55.0,pC1,112,11.071428571428571,0.47433035714285715,8.63760308592711,7.165111135088476,0.0,18.973214285714285,0.0,2125,2125,0
intact,55.0,pIP10,2,40.0,1.1875,21.64804469273743,17.938066465256796,0.0,47.5,0.0,95,95,0
intact,55.0,pMP2,2,30.0,0.6375,11.638733705772811,9.629909365558913,0.0,25.5,0.0,51,51,0
intact,55.0,mAL_all,73,9.178082191780822,0.34863013698630135,6.332746613606796,5.266316268675247,0.0,13.945205479452055,0.0,1018,1018,0
intact,55.0,mAL_bridge,13,6.153846153846153,0.15,2.7574846010600202,2.2658610271903323,0.0,6.0,0.0,78,78,0
intact,65.0,auditory_input,93,20.0,1.0,15.760441292356187,13.166556945358789,0.0,40.0,0.0,3720,3720,0
intact,65.0,aPN1,15,8.0,0.4,6.304176516942475,5.266622778143516,0.0,16.0,0.0,240,240,0
intact,65.0,vPN1,11,12.727272727272727,0.5545454545454546,8.596604341285193,7.301454306062602,0.0,22.181818181818183,0.0,244,244,0
intact,65.0,pC1,112,12.142857142857142,0.5191964285714286,7.968169537318473,6.836029342612621,0.0,20.767857142857142,0.0,2326,2326,0
intact,65.0,pIP10,2,30.0,1.0375,15.957446808510637,13.660302830809743,0.0,41.5,0.0,83,83,0
intact,65.0,pMP2,2,30.0,0.7125,11.032308904649328,9.381171823568137,0.0,28.5,0.0,57,57,0
intact,65.0,mAL_all,73,8.219178082191782,0.3715753424657534,5.710461262778371,4.892367906066537,0.0,14.863013698630137,0.0,1085,1085,0
intact,65.0,mAL_bridge,13,5.384615384615384,0.19038461538461537,2.9399284718433654,2.5067098799817695,0.0,7.615384615384615,0.0,99,99,0
intact,75.0,auditory_input,93,20.0,1.0,13.661202185792348,11.668611435239205,0.0,40.0,0.0,3720,3720,0
intact,75.0,aPN1,15,8.0,0.4,5.46448087431694,4.667444574095683,0.0,16.0,0.0,240,240,0
intact,75.0,vPN1,11,12.727272727272727,0.5545454545454546,7.45156482861401,6.470775432269015,0.0,22.181818181818183,0.0,244,244,0
intact,75.0,pC1,112,11.517857142857142,0.5151785714285714,6.848897345823576,6.011418569761626,0.0,20.607142857142858,0.0,2308,2308,0
intact,75.0,pIP10,2,30.0,1.05,14.002732240437158,12.252042007001167,0.0,42.0,0.0,84,84,0
intact,75.0,pMP2,2,30.0,0.7875,10.587431693989071,9.189031505250876,0.0,31.5,0.0,63,63,0
intact,75.0,mAL_all,73,7.534246575342466,0.36164383561643837,4.81417022232203,4.21988139575774,0.0,14.465753424657533,0.0,1056,1056,0
intact,75.0,mAL_bridge,13,4.615384615384615,0.16153846153846155,2.1542664985287936,1.884929539538641,0.0,6.461538461538462,0.0,84,84,0
intact,85.0,auditory_input,93,20.0,1.0,12.055455093429776,10.476689366160294,0.0,40.0,0.0,3720,3720,0
intact,85.0,aPN1,15,8.0,0.395,4.761904761904762,4.138292299633315,0.0,15.8,0.0,237,237,0
intact,85.0,vPN1,11,12.727272727272727,0.5272727272727272,6.246917639322703,5.524072574884519,0.0,21.09090909090909,0.0,232,232,0
intact,85.0,pC1,112,11.607142857142856,0.48660714285714285,5.710195470593301,5.0980318790690715,0.0,19.464285714285715,0.0,2180,2180,0
intact,85.0,pIP10,2,35.0,1.2625,14.91862567811935,13.22682032477737,0.0,50.5,0.0,101,101,0
intact,85.0,pMP2,2,30.0,0.6625,7.685352622061482,6.940806705081195,0.0,26.5,0.0,53,53,0
intact,85.0,mAL_all,73,8.767123287671232,0.36575342465753424,4.293723731906496,3.831885014746299,0.0,14.63013698630137,0.0,1068,1068,0
intact,85.0,mAL_bridge,13,5.384615384615384,0.16923076923076924,1.9937868039133861,1.7729782004271266,0.0,6.769230769230769,0.0,88,88,0
intact,95.0,auditory_input,93,20.0,1.0,10.787486515641856,9.505703422053232,0.0,40.0,0.0,3720,3720,0
intact,95.0,aPN1,15,8.0,0.4,4.314994606256742,3.8022813688212924,0.0,16.0,0.0,240,240,0
intact,95.0,vPN1,11,12.727272727272727,0.5681818181818182,6.031185642836128,5.400967853439336,0.0,22.727272727272727,0.0,250,250,0
intact,95.0,pC1,112,11.071428571428571,0.49955357142857143,5.25167591308368,4.748608093427485,0.0,19.982142857142858,0.0,2238,2238,0
intact,95.0,pIP10,2,30.0,1.0625,11.192017259978424,10.099809885931558,0.0,42.5,0.0,85,85,0
intact,95.0,pMP2,2,35.0,0.8375,8.764832793959007,7.9610266159695815,0.0,33.5,0.0,67,67,0
intact,95.0,mAL_all,73,8.904109589041097,0.3941780821917808,4.148749094885549,3.7469399447887906,0.0,15.767123287671232,0.0,1151,1151,0
intact,95.0,mAL_bridge,13,4.615384615384615,0.20576923076923076,2.1782424695046054,1.9559812810763382,0.0,8.23076923076923,0.0,107,107,0
silence_vPN1,15.0,auditory_input,93,70.0,1.0,68.02721088435374,36.76470588235294,0.0,40.0,0.0,3720,3720,0
silence_vPN1,15.0,aPN1,15,6.666666666666667,0.07166666666666667,4.875283446712018,2.6348039215686274,0.0,2.8666666666666667,0.0,43,43,0
silence_vPN1,15.0,vPN1,11,0.0,0.0,0.0,0.0,0.0,0.0,0.0,0,0,0
silence_vPN1,15.0,pC1,112,12.94642857142857,0.11785714285714285,8.002308066083577,4.33298319327731,0.0,4.714285714285714,0.0,528,528,0
silence_vPN1,15.0,pIP10,2,70.0,0.625,40.816326530612244,22.977941176470587,0.0,25.0,0.0,50,50,0
silence_vPN1,15.0,pMP2,2,15.0,0.0375,2.5510204081632653,1.3786764705882353,0.0,1.5,0.0,3,3,0
silence_vPN1,15.0,mAL_all,73,4.383561643835616,0.014383561643835616,0.9784735812133073,0.5288074133763094,0.0,0.5753424657534246,0.0,42,42,0
silence_vPN1,15.0,mAL_bridge,13,3.0769230769230766,0.007692307692307693,0.5232862375719518,0.2828054298642534,0.0,0.3076923076923077,0.0,4,4,0
silence_vPN1,25.0,auditory_input,93,40.75268817204301,1.0,40.89979550102249,27.06359945872801,0.0,40.0,0.0,3720,3720,0
silence_vPN1,25.0,aPN1,15,10.0,0.16333333333333333,6.680299931833674,4.4203879115922415,0.0,6.533333333333333,0.0,98,98,0
silence_vPN1,25.0,vPN1,11,0.0,0.0,0.0,0.0,0.0,0.0,0.0,0,0,0
silence_vPN1,25.0,pC1,112,13.660714285714285,0.26941964285714287,10.754455156295647,7.291465300599265,0.0,10.776785714285714,0.0,1207,1207,0
silence_vPN1,25.0,pIP10,2,60.0,0.9625,38.34355828220859,26.048714479025712,0.0,38.5,0.0,77,77,0
silence_vPN1,25.0,pMP2,2,15.0,0.0375,1.5337423312883436,1.0148849797023005,0.0,1.5,0.0,3,3,0
silence_vPN1,25.0,mAL_all,73,7.26027397260274,0.0589041095890411,2.3671456985180828,1.5941572283908279,0.0,2.356164383561644,0.0,172,172,0
silence_vPN1,25.0,mAL_bridge,13,7.692307692307692,0.06538461538461539,2.6742173981437785,1.7695430415322162,0.0,2.6153846153846154,0.0,34,34,0
silence_vPN1,35.0,auditory_input,93,29.999999999999996,1.0,29.239766081871345,21.413276231263385,0.0,40.0,0.0,3720,3720,0
silence_vPN1,35.0,aPN1,15,10.0,0.29333333333333333,8.576998050682262,6.281227694503926,0.0,11.733333333333333,0.0,176,176,0
silence_vPN1,35.0,vPN1,11,0.0,0.0,0.0,0.0,0.0,0.0,0.0,0,0,0
silence_vPN1,35.0,pC1,112,15.178571428571427,0.37254464285714284,10.54720133667502,7.977401345977363,0.0,14.901785714285714,0.0,1669,1669,0
silence_vPN1,35.0,pIP10,2,60.0,1.2,33.62573099415204,25.69593147751606,0.0,48.0,0.0,96,96,0
silence_vPN1,35.0,pMP2,2,25.0,0.125,3.6549707602339176,2.6766595289079227,0.0,5.0,0.0,10,10,0
silence_vPN1,35.0,mAL_all,73,11.36986301369863,0.301027397260274,8.521589361531683,6.445982810712504,0.0,12.04109589041096,0.0,879,879,0
silence_vPN1,35.0,mAL_bridge,13,6.9230769230769225,0.14615384615384616,4.104813315339632,3.1296326799538794,0.0,5.846153846153846,0.0,76,76,0
silence_vPN1,45.0,auditory_input,93,29.999999999999996,1.0,22.753128555176335,17.71479185119575,0.0,40.0,0.0,3720,3720,0
silence_vPN1,45.0,aPN1,15,12.0,0.3983333333333333,9.06332954114524,7.0563920873929735,0.0,15.933333333333334,0.0,239,239,0
silence_vPN1,45.0,vPN1,11,0.0,0.0,0.0,0.0,0.0,0.0,0.0,0,0,0
silence_vPN1,45.0,pC1,112,16.517857142857142,0.49174107142857143,10.939785470502192,8.711090725041123,0.0,19.669642857142858,0.0,2203,2203,0
silence_vPN1,45.0,pIP10,2,70.0,1.675,36.973833902161545,29.672276350752878,0.0,67.0,0.0,134,134,0
silence_vPN1,45.0,pMP2,2,35.0,0.25,5.688282138794084,4.428697962798937,0.0,10.0,0.0,20,20,0
silence_vPN1,45.0,mAL_all,73,13.835616438356166,0.4243150684931507,9.412938114607197,7.516653117682031,0.0,16.972602739726028,0.0,1239,1239,0
silence_vPN1,45.0,mAL_bridge,13,17.692307692307693,0.40576923076923077,8.882471339809223,7.188117462696737,0.0,16.23076923076923,0.0,211,211,0
silence_vPN1,55.0,auditory_input,93,20.0,1.0,18.6219739292365,15.105740181268882,0.0,40.0,0.0,3720,3720,0
silence_vPN1,55.0,aPN1,15,8.0,0.3983333333333333,7.4177529484792055,6.017119838872105,0.0,15.933333333333334,0.0,239,239,0
silence_vPN1,55.0,vPN1,11,0.0,0.0,0.0,0.0,0.0,0.0,0.0,0,0,0
silence_vPN1,55.0,pC1,112,11.696428571428571,0.45267857142857143,8.22193402500665,6.8380448856279665,0.0,18.107142857142858,0.0,2028,2028,0
silence_vPN1,55.0,pIP10,2,35.0,1.1,20.018621973929235,16.61631419939577,0.0,44.0,0.0,88,88,0
silence_vPN1,55.0,pMP2,2,25.0,0.7375,13.50093109869646,11.1404833836858,0.0,29.5,0.0,59,59,0
silence_vPN1,55.0,mAL_all,73,10.273972602739727,0.3702054794520548,6.734522078518405,5.592227786284815,0.0,14.808219178082192,0.0,1081,1081,0
silence_vPN1,55.0,mAL_bridge,13,12.307692307692307,0.2826923076923077,5.192665807190947,4.2702765512433185,0.0,11.307692307692308,0.0,147,147,0
silence_vPN1,65.0,auditory_input,93,20.0,1.0,15.760441292356187,13.166556945358789,0.0,40.0,0.0,3720,3720,0
silence_vPN1,65.0,aPN1,15,8.0,0.4,6.304176516942475,5.266622778143516,0.0,16.0,0.0,240,240,0
silence_vPN1,65.0,vPN1,11,0.0,0.0,0.0,0.0,0.0,0.0,0.0,0,0,0
silence_vPN1,65.0,pC1,112,12.053571428571427,0.5125,7.866148823595632,6.747860434496379,0.0,20.5,0.0,2296,2296,0
silence_vPN1,65.0,pIP10,2,30.0,1.0625,16.351457840819542,13.989466754443711,0.0,42.5,0.0,85,85,0
silence_vPN1,65.0,pMP2,2,25.0,0.425,6.501182033096926,5.5957867017774845,0.0,17.0,0.0,34,34,0
silence_vPN1,65.0,mAL_all,73,10.136986301369863,0.42397260273972603,6.476893681790213,5.5822594172445825,0.0,16.958904109589042,0.0,1238,1238,0
silence_vPN1,65.0,mAL_bridge,13,13.076923076923077,0.3403846153846154,5.091834879068922,4.481693421785588,0.0,13.615384615384615,0.0,177,177,0
silence_vPN1,75.0,auditory_input,93,20.0,1.0,13.661202185792348,11.668611435239205,0.0,40.0,0.0,3720,3720,0
silence_vPN1,75.0,aPN1,15,8.0,0.4,5.46448087431694,4.667444574095683,0.0,16.0,0.0,240,240,0
silence_vPN1,75.0,vPN1,11,0.0,0.0,0.0,0.0,0.0,0.0,0.0,0,0,0
silence_vPN1,75.0,pC1,112,12.053571428571427,0.5339285714285714,7.123341139734583,6.230205034172362,0.0,21.357142857142858,0.0,2392,2392,0
silence_vPN1,75.0,pIP10,2,50.0,1.1875,15.881147540983607,13.856476079346558,0.0,47.5,0.0,95,95,0
silence_vPN1,75.0,pMP2,2,25.0,0.5375,7.172131147540984,6.271878646441074,0.0,21.5,0.0,43,43,0
silence_vPN1,75.0,mAL_all,73,9.589041095890412,0.4208904109589041,5.604835691294259,4.911206662297597,0.0,16.835616438356166,0.0,1229,1229,0
silence_vPN1,75.0,mAL_bridge,13,11.538461538461538,0.3096153846153846,4.098360655737705,3.612781617449062,0.0,12.384615384615385,0.0,161,161,0
silence_vPN1,85.0,auditory_input,93,20.0,1.0,12.055455093429776,10.476689366160294,0.0,40.0,0.0,3720,3720,0
silence_vPN1,85.0,aPN1,15,8.0,0.395,4.761904761904762,4.138292299633315,0.0,15.8,0.0,237,237,0
silence_vPN1,85.0,vPN1,11,0.0,0.0,0.0,0.0,0.0,0.0,0.0,0,0,0
silence_vPN1,85.0,pC1,112,11.428571428571427,0.48928571428571427,5.764014466546112,5.126094439871286,0.0,19.571428571428573,0.0,2192,2192,0
silence_vPN1,85.0,pIP10,2,30.0,1.025,12.055455093429776,10.7386066003143,0.0,41.0,0.0,82,82,0
silence_vPN1,85.0,pMP2,2,20.0,0.425,5.1235684147076554,4.452592980618125,0.0,17.0,0.0,34,34,0
silence_vPN1,85.0,mAL_all,73,9.04109589041096,0.398972602739726,4.706581783051352,4.179912024512583,0.0,15.95890410958904,0.0,1165,1165,0
silence_vPN1,85.0,mAL_bridge,13,6.9230769230769225,0.24423076923076922,2.8747623684332546,2.5587299028891484,0.0,9.76923076923077,0.0,127,127,0
silence_vPN1,95.0,auditory_input,93,20.0,1.0,10.787486515641856,9.505703422053232,0.0,40.0,0.0,3720,3720,0
silence_vPN1,95.0,aPN1,15,8.0,0.395,4.261057173678533,3.7547528517110265,0.0,15.8,0.0,237,237,0
silence_vPN1,95.0,vPN1,11,0.0,0.0,0.0,0.0,0.0,0.0,0.0,0,0,0
silence_vPN1,95.0,pC1,112,11.517857142857142,0.49910714285714286,5.239636307597473,4.7443644758283545,0.0,19.964285714285715,0.0,2236,2236,0
silence_vPN1,95.0,pIP10,2,30.0,0.9875,10.382955771305285,9.386882129277566,0.0,39.5,0.0,79,79,0
silence_vPN1,95.0,pMP2,2,25.0,0.3625,3.7756202804746493,3.4458174904942966,0.0,14.5,0.0,29,29,0
silence_vPN1,95.0,mAL_all,73,10.547945205479452,0.44075342465753425,4.632708250210578,4.189671337048805,0.0,17.63013698630137,0.0,1287,1287,0
silence_vPN1,95.0,mAL_bridge,13,11.538461538461538,0.275,2.904323292672807,2.6140684410646386,0.0,11.0,0.0,143,143,0
cut_vPN1_to_mAL_bridge,15.0,auditory_input,93,70.0,1.0,68.02721088435374,36.76470588235294,0.0,40.0,0.0,3720,3720,0
cut_vPN1_to_mAL_bridge,15.0,aPN1,15,6.0,0.065,4.421768707482993,2.389705882352941,0.0,2.6,0.0,39,39,0
cut_vPN1_to_mAL_bridge,15.0,vPN1,11,10.0,0.056818181818181816,3.865182436611008,2.088903743315508,0.0,2.272727272727273,0.0,25,25,0
cut_vPN1_to_mAL_bridge,15.0,pC1,112,11.160714285714285,0.13638392857142856,8.275631681243928,5.014115021008403,0.0,5.455357142857143,0.0,611,611,0
cut_vPN1_to_mAL_bridge,15.0,pIP10,2,45.0,0.45,27.2108843537415,16.544117647058822,0.0,18.0,0.0,36,36,0
cut_vPN1_to_mAL_bridge,15.0,pMP2,2,20.0,0.05,3.4013605442176873,1.838235294117647,0.0,2.0,0.0,4,4,0
cut_vPN1_to_mAL_bridge,15.0,mAL_all,73,3.6986301369863015,0.024657534246575342,1.048364551299972,0.9065269943593876,0.0,0.9863013698630136,0.0,72,72,0
cut_vPN1_to_mAL_bridge,15.0,mAL_bridge,13,11.538461538461538,0.038461538461538464,0.6541077969649398,1.414027149321267,0.0,1.5384615384615385,0.0,20,20,0
cut_vPN1_to_mAL_bridge,25.0,auditory_input,93,41.18279569892473,1.0,40.89979550102249,27.06359945872801,0.0,40.0,0.0,3720,3720,0
cut_vPN1_to_mAL_bridge,25.0,aPN1,15,8.666666666666666,0.14,5.725971370143149,3.788903924221921,0.0,5.6,0.0,84,84,0
cut_vPN1_to_mAL_bridge,25.0,vPN1,11,16.363636363636363,0.15,5.484290760364379,4.059539918809202,0.0,6.0,0.0,66,66,0
cut_vPN1_to_mAL_bridge,25.0,pC1,112,14.107142857142856,0.25357142857142856,10.142784107508033,6.862555577034603,0.0,10.142857142857142,0.0,1136,1136,0
cut_vPN1_to_mAL_bridge,25.0,pIP10,2,70.0,0.8125,33.23108384458078,21.989174560216508,0.0,32.5,0.0,65,65,0
cut_vPN1_to_mAL_bridge,25.0,pMP2,2,20.0,0.05,2.044989775051125,1.3531799729364005,0.0,2.0,0.0,4,4,0
cut_vPN1_to_mAL_bridge,25.0,mAL_all,73,10.0,0.08938356164383561,3.375633806762473,2.4190409105232913,0.0,3.5753424657534247,0.0,261,261,0
cut_vPN1_to_mAL_bridge,25.0,mAL_bridge,13,5.384615384615384,0.09230769230769231,3.5394053798961775,2.4981784115748935,0.0,3.6923076923076925,0.0,48,48,0
cut_vPN1_to_mAL_bridge,35.0,auditory_input,93,29.999999999999996,1.0,29.239766081871345,21.413276231263385,0.0,40.0,0.0,3720,3720,0
cut_vPN1_to_mAL_bridge,35.0,aPN1,15,9.333333333333334,0.275,8.04093567251462,5.8886509635974305,0.0,11.0,0.0,165,165,0
cut_vPN1_to_mAL_bridge,35.0,vPN1,11,20.0,0.5113636363636364,14.686337054758107,10.949970800077866,0.0,20.454545454545453,0.0,225,225,0
cut_vPN1_to_mAL_bridge,35.0,pC1,112,13.124999999999998,0.38125,10.984492481203008,8.163811563169164,0.0,15.25,0.0,1708,1708,0
cut_vPN1_to_mAL_bridge,35.0,pIP10,2,60.0,1.325,38.01169590643275,28.37259100642398,0.0,53.0,0.0,106,106,0
cut_vPN1_to_mAL_bridge,35.0,pMP2,2,20.0,0.1125,3.289473684210526,2.4089935760171306,0.0,4.5,0.0,9,9,0
cut_vPN1_to_mAL_bridge,35.0,mAL_all,73,10.684931506849315,0.32431506849315067,9.282624369142033,6.94464814760494,0.0,12.972602739726028,0.0,947,947,0
cut_vPN1_to_mAL_bridge,35.0,mAL_bridge,13,7.692307692307692,0.1519230769230769,4.385964912280702,3.2531708120573217,0.0,6.076923076923077,0.0,79,79,0
cut_vPN1_to_mAL_bridge,45.0,auditory_input,93,29.999999999999996,1.0,22.753128555176335,17.71479185119575,0.0,40.0,0.0,3720,3720,0
cut_vPN1_to_mAL_bridge,45.0,aPN1,15,12.0,0.3933333333333333,8.949563898369359,6.967818128136995,0.0,15.733333333333333,0.0,236,236,0
cut_vPN1_to_mAL_bridge,45.0,vPN1,11,20.909090909090907,0.5909090909090909,13.23818388664805,10.467831548433852,0.0,23.636363636363637,0.0,260,260,0
cut_vPN1_to_mAL_bridge,45.0,pC1,112,14.464285714285714,0.42299107142857145,9.360271412319193,7.4931987852714155,0.0,16.919642857142858,0.0,1895,1895,0
cut_vPN1_to_mAL_bridge,45.0,pIP10,2,55.0,1.325,29.57906712172924,23.472099202834368,0.0,53.0,0.0,106,106,0
cut_vPN1_to_mAL_bridge,45.0,pMP2,2,20.0,0.15,3.4129692832764507,2.657218777679362,0.0,6.0,0.0,12,12,0
cut_vPN1_to_mAL_bridge,45.0,mAL_all,73,11.917808219178083,0.35136986301369866,7.792167313416553,6.224443986070835,0.0,14.054794520547945,0.0,1026,1026,0
cut_vPN1_to_mAL_bridge,45.0,mAL_bridge,13,6.9230769230769225,0.18269230769230768,4.069309530060384,3.236356203583839,0.0,7.3076923076923075,0.0,95,95,0
cut_vPN1_to_mAL_bridge,55.0,auditory_input,93,20.0,1.0,18.6219739292365,15.105740181268882,0.0,40.0,0.0,3720,3720,0
cut_vPN1_to_mAL_bridge,55.0,aPN1,15,8.0,0.4,7.4487895716946,6.042296072507553,0.0,16.0,0.0,240,240,0
cut_vPN1_to_mAL_bridge,55.0,vPN1,11,12.727272727272727,0.5522727272727272,10.115117657017098,8.342488327382588,0.0,22.09090909090909,0.0,243,243,0
cut_vPN1_to_mAL_bridge,55.0,pC1,112,11.071428571428571,0.4694196428571429,8.541999201915404,7.090931160984031,0.0,18.776785714285715,0.0,2103,2103,0
cut_vPN1_to_mAL_bridge,55.0,pIP10,2,30.0,1.075,19.553072625698324,16.238670694864048,0.0,43.0,0.0,86,86,0
cut_vPN1_to_mAL_bridge,55.0,pMP2,2,30.0,0.6375,11.871508379888267,9.629909365558913,0.0,25.5,0.0,51,51,0
cut_vPN1_to_mAL_bridge,55.0,mAL_all,73,7.808219178082192,0.3393835616438356,6.179689293640468,5.126639903985432,0.0,13.575342465753424,0.0,991,991,0
cut_vPN1_to_mAL_bridge,55.0,mAL_bridge,13,3.846153846153846,0.15576923076923077,2.82910757771093,2.3530095282361145,0.0,6.230769230769231,0.0,81,81,0
cut_vPN1_to_mAL_bridge,65.0,auditory_input,93,20.0,1.0,15.760441292356187,13.166556945358789,0.0,40.0,0.0,3720,3720,0
cut_vPN1_to_mAL_bridge,65.0,aPN1,15,8.0,0.4,6.304176516942475,5.266622778143516,0.0,16.0,0.0,240,240,0
cut_vPN1_to_mAL_bridge,65.0,vPN1,11,12.727272727272727,0.5545454545454546,8.596604341285193,7.301454306062602,0.0,22.181818181818183,0.0,244,244,0
cut_vPN1_to_mAL_bridge,65.0,pC1,112,12.142857142857142,0.5191964285714286,7.968169537318473,6.836029342612621,0.0,20.767857142857142,0.0,2326,2326,0
cut_vPN1_to_mAL_bridge,65.0,pIP10,2,30.0,1.0375,15.957446808510637,13.660302830809743,0.0,41.5,0.0,83,83,0
cut_vPN1_to_mAL_bridge,65.0,pMP2,2,30.0,0.7125,11.032308904649328,9.381171823568137,0.0,28.5,0.0,57,57,0
cut_vPN1_to_mAL_bridge,65.0,mAL_all,73,8.219178082191782,0.3715753424657534,5.710461262778371,4.892367906066537,0.0,14.863013698630137,0.0,1085,1085,0
cut_vPN1_to_mAL_bridge,65.0,mAL_bridge,13,5.384615384615384,0.19038461538461537,2.9399284718433654,2.5067098799817695,0.0,7.615384615384615,0.0,99,99,0
cut_vPN1_to_mAL_bridge,75.0,auditory_input,93,20.0,1.0,13.661202185792348,11.668611435239205,0.0,40.0,0.0,3720,3720,0
cut_vPN1_to_mAL_bridge,75.0,aPN1,15,8.0,0.4,5.46448087431694,4.667444574095683,0.0,16.0,0.0,240,240,0
cut_vPN1_to_mAL_bridge,75.0,vPN1,11,12.727272727272727,0.5545454545454546,7.45156482861401,6.470775432269015,0.0,22.181818181818183,0.0,244,244,0
cut_vPN1_to_mAL_bridge,75.0,pC1,112,11.517857142857142,0.5151785714285714,6.848897345823576,6.011418569761626,0.0,20.607142857142858,0.0,2308,2308,0
cut_vPN1_to_mAL_bridge,75.0,pIP10,2,30.0,1.05,14.002732240437158,12.252042007001167,0.0,42.0,0.0,84,84,0
cut_vPN1_to_mAL_bridge,75.0,pMP2,2,30.0,0.7875,10.587431693989071,9.189031505250876,0.0,31.5,0.0,63,63,0
cut_vPN1_to_mAL_bridge,75.0,mAL_all,73,7.534246575342466,0.36164383561643837,4.81417022232203,4.21988139575774,0.0,14.465753424657533,0.0,1056,1056,0
cut_vPN1_to_mAL_bridge,75.0,mAL_bridge,13,4.615384615384615,0.16153846153846155,2.1542664985287936,1.884929539538641,0.0,6.461538461538462,0.0,84,84,0
cut_vPN1_to_mAL_bridge,85.0,auditory_input,93,20.0,1.0,12.055455093429776,10.476689366160294,0.0,40.0,0.0,3720,3720,0
cut_vPN1_to_mAL_bridge,85.0,aPN1,15,8.0,0.395,4.761904761904762,4.138292299633315,0.0,15.8,0.0,237,237,0
cut_vPN1_to_mAL_bridge,85.0,vPN1,11,12.727272727272727,0.5272727272727272,6.246917639322703,5.524072574884519,0.0,21.09090909090909,0.0,232,232,0
cut_vPN1_to_mAL_bridge,85.0,pC1,112,11.607142857142856,0.48660714285714285,5.710195470593301,5.0980318790690715,0.0,19.464285714285715,0.0,2180,2180,0
cut_vPN1_to_mAL_bridge,85.0,pIP10,2,35.0,1.2625,14.91862567811935,13.22682032477737,0.0,50.5,0.0,101,101,0
cut_vPN1_to_mAL_bridge,85.0,pMP2,2,30.0,0.675,7.836045810729355,7.071765322158198,0.0,27.0,0.0,54,54,0
cut_vPN1_to_mAL_bridge,85.0,mAL_all,73,8.767123287671232,0.3647260273972603,4.28133799037215,3.8211212927947646,0.0,14.58904109589041,0.0,1065,1065,0
cut_vPN1_to_mAL_bridge,85.0,mAL_bridge,13,5.384615384615384,0.16346153846153846,1.9242361014512912,1.7125357617762018,0.0,6.538461538461538,0.0,85,85,0
cut_vPN1_to_mAL_bridge,95.0,auditory_input,93,20.0,1.0,10.787486515641856,9.505703422053232,0.0,40.0,0.0,3720,3720,0
cut_vPN1_to_mAL_bridge,95.0,aPN1,15,8.0,0.4,4.314994606256742,3.8022813688212924,0.0,16.0,0.0,240,240,0
cut_vPN1_to_mAL_bridge,95.0,vPN1,11,12.727272727272727,0.5431818181818182,5.7614984799450815,5.1633252678880055,0.0,21.727272727272727,0.0,239,239,0
cut_vPN1_to_mAL_bridge,95.0,pC1,112,11.339285714285714,0.4758928571428571,4.989212513484358,4.523696360673547,0.0,19.035714285714285,0.0,2132,2132,0
cut_vPN1_to_mAL_bridge,95.0,pIP10,2,45.0,1.0875,11.46170442286947,10.337452471482889,0.0,43.5,0.0,87,87,0
cut_vPN1_to_mAL_bridge,95.0,pMP2,2,40.0,0.8375,8.629989212513484,7.9610266159695815,0.0,33.5,0.0,67,67,0
cut_vPN1_to_mAL_bridge,95.0,mAL_all,73,9.178082191780822,0.3934931506849315,4.130277371399861,3.740429189020261,0.0,15.73972602739726,0.0,1149,1149,0
cut_vPN1_to_mAL_bridge,95.0,mAL_bridge,13,5.384615384615384,0.20192307692307693,2.1160069703759024,1.9194208832992103,0.0,8.076923076923077,0.0,105,105,0
cut_mAL_bridge_to_pC1,15.0,auditory_input,93,70.0,1.0,68.02721088435374,36.76470588235294,0.0,40.0,0.0,3720,3720,0
cut_mAL_bridge_to_pC1,15.0,aPN1,15,6.0,0.07,4.761904761904762,2.5735294117647056,0.0,2.8,0.0,42,42,0
cut_mAL_bridge_to_pC1,15.0,vPN1,11,8.181818181818182,0.04772727272727273,3.2467532467532467,1.7546791443850267,0.0,1.9090909090909092,0.0,21,21,0
cut_mAL_bridge_to_pC1,15.0,pC1,112,10.803571428571427,0.1125,7.607507288629738,4.136029411764706,0.0,4.5,0.0,504,504,0
cut_mAL_bridge_to_pC1,15.0,pIP10,2,45.0,0.3625,24.659863945578234,13.32720588235294,0.0,14.5,0.0,29,29,0
cut_mAL_bridge_to_pC1,15.0,pMP2,2,20.0,0.05,3.4013605442176873,1.838235294117647,0.0,2.0,0.0,4,4,0
cut_mAL_bridge_to_pC1,15.0,mAL_all,73,3.5616438356164384,0.015068493150684932,1.0250675612710838,0.5539887187751813,0.0,0.6027397260273972,0.0,44,44,0
cut_mAL_bridge_to_pC1,15.0,mAL_bridge,13,1.5384615384615383,0.009615384615384616,0.6541077969649398,0.35350678733031676,0.0,0.38461538461538464,0.0,5,5,0
cut_mAL_bridge_to_pC1,25.0,auditory_input,93,41.397849462365585,1.0,40.89979550102249,27.06359945872801,0.0,40.0,0.0,3720,3720,0
cut_mAL_bridge_to_pC1,25.0,aPN1,15,8.666666666666666,0.13833333333333334,5.657805044308112,3.743797925124041,0.0,5.533333333333333,0.0,83,83,0
cut_mAL_bridge_to_pC1,25.0,vPN1,11,9.09090909090909,0.09090909090909091,3.439300985313255,2.4603272235207285,0.0,3.6363636363636362,0.0,40,40,0
cut_mAL_bridge_to_pC1,25.0,pC1,112,12.94642857142857,0.2707589285714286,10.690549225825299,7.32771119273149,0.0,10.830357142857142,0.0,1213,1213,0
cut_mAL_bridge_to_pC1,25.0,pIP10,2,75.0,1.0125,39.36605316973415,27.40189445196211,0.0,40.5,0.0,81,81,0
cut_mAL_bridge_to_pC1,25.0,pMP2,2,20.0,0.05,2.044989775051125,1.3531799729364005,0.0,2.0,0.0,4,4,0
cut_mAL_bridge_to_pC1,25.0,mAL_all,73,4.794520547945206,0.05547945205479452,2.1850575678628457,1.5014736686006636,0.0,2.219178082191781,0.0,162,162,0
cut_mAL_bridge_to_pC1,25.0,mAL_bridge,13,3.0769230769230766,0.04230769230769231,1.651722510618216,1.1449984386384928,0.0,1.6923076923076923,0.0,22,22,0
cut_mAL_bridge_to_pC1,35.0,auditory_input,93,29.999999999999996,1.0,29.239766081871345,21.413276231263385,0.0,40.0,0.0,3720,3720,0
cut_mAL_bridge_to_pC1,35.0,aPN1,15,9.333333333333334,0.28833333333333333,8.430799220272904,6.174161313347609,0.0,11.533333333333333,0.0,173,173,0
cut_mAL_bridge_to_pC1,35.0,vPN1,11,20.0,0.5068181818181818,14.486975013290802,10.852637726299395,0.0,20.272727272727273,0.0,223,223,0
cut_mAL_bridge_to_pC1,35.0,pC1,112,12.767857142857142,0.3455357142857143,9.848840852130325,7.399051697766901,0.0,13.821428571428571,0.0,1548,1548,0
cut_mAL_bridge_to_pC1,35.0,pIP10,2,55.0,1.05,29.970760233918128,22.48394004282655,0.0,42.0,0.0,84,84,0
cut_mAL_bridge_to_pC1,35.0,pMP2,2,20.0,0.075,2.1929824561403506,1.6059957173447537,0.0,3.0,0.0,6,6,0
cut_mAL_bridge_to_pC1,35.0,mAL_all,73,10.41095890410959,0.27636986301369865,7.890731394696787,5.91798421870875,0.0,11.054794520547945,0.0,807,807,0
cut_mAL_bridge_to_pC1,35.0,mAL_bridge,13,4.615384615384615,0.09230769230769231,2.699055330634278,1.9766101136550815,0.0,3.6923076923076925,0.0,48,48,0
cut_mAL_bridge_to_pC1,45.0,auditory_input,93,29.999999999999996,1.0,22.753128555176335,17.71479185119575,0.0,40.0,0.0,3720,3720,0
cut_mAL_bridge_to_pC1,45.0,aPN1,15,12.0,0.38666666666666666,8.797876374668183,6.84971951579569,0.0,15.466666666666667,0.0,232,232,0
cut_mAL_bridge_to_pC1,45.0,vPN1,11,21.818181818181817,0.5795454545454546,12.876202295997517,10.266527095579354,0.0,23.181818181818183,0.0,255,255,0
cut_mAL_bridge_to_pC1,45.0,pC1,112,15.44642857142857,0.4473214285714286,9.878311392816512,7.9242059977223835,0.0,17.892857142857142,0.0,2004,2004,0
cut_mAL_bridge_to_pC1,45.0,pIP10,2,75.0,1.5625,34.69852104664391,27.679362267493357,0.0,62.5,0.0,125,125,0
cut_mAL_bridge_to_pC1,45.0,pMP2,2,20.0,0.1375,2.844141069397042,2.4357838795394153,0.0,5.5,0.0,11,11,0
cut_mAL_bridge_to_pC1,45.0,mAL_all,73,13.287671232876713,0.35136986301369866,7.760998644162887,6.224443986070835,0.0,14.054794520547945,0.0,1026,1026,0
cut_mAL_bridge_to_pC1,45.0,mAL_bridge,13,12.307692307692307,0.19615384615384615,4.331845628773957,3.4748245554268586,0.0,7.846153846153846,0.0,102,102,0
cut_mAL_bridge_to_pC1,55.0,auditory_input,93,20.0,1.0,18.6219739292365,15.105740181268882,0.0,40.0,0.0,3720,3720,0
cut_mAL_bridge_to_pC1,55.0,aPN1,15,8.0,0.3983333333333333,7.4177529484792055,6.017119838872105,0.0,15.933333333333334,0.0,239,239,0
cut_mAL_bridge_to_pC1,55.0,vPN1,11,12.727272727272727,0.5409090909090909,9.903504316912137,8.170832188959077,0.0,21.636363636363637,0.0,238,238,0
cut_mAL_bridge_to_pC1,55.0,pC1,112,12.232142857142856,0.5095982142857143,9.261106677307795,7.697858221838584,0.0,20.383928571428573,0.0,2283,2283,0
cut_mAL_bridge_to_pC1,55.0,pIP10,2,45.0,1.15,20.94972067039106,17.371601208459214,0.0,46.0,0.0,92,92,0
cut_mAL_bridge_to_pC1,55.0,pMP2,2,30.0,0.7625,13.966480446927374,11.518126888217521,0.0,30.5,0.0,61,61,0
cut_mAL_bridge_to_pC1,55.0,mAL_all,73,9.315068493150685,0.3493150684931507,6.358256166934517,5.276662666059678,0.0,13.972602739726028,0.0,1020,1020,0
cut_mAL_bridge_to_pC1,55.0,mAL_bridge,13,8.461538461538462,0.14615384615384616,2.6858616244091107,2.2077620264931443,0.0,5.846153846153846,0.0,76,76,0
cut_mAL_bridge_to_pC1,65.0,auditory_input,93,20.0,1.0,15.760441292356187,13.166556945358789,0.0,40.0,0.0,3720,3720,0
cut_mAL_bridge_to_pC1,65.0,aPN1,15,8.0,0.4,6.304176516942475,5.266622778143516,0.0,16.0,0.0,240,240,0
cut_mAL_bridge_to_pC1,65.0,vPN1,11,12.727272727272727,0.5318181818181819,8.238412493731643,7.002214375486265,0.0,21.272727272727273,0.0,234,234,0
cut_mAL_bridge_to_pC1,65.0,pC1,112,12.053571428571427,0.5578125,8.562704041427445,7.344470046082948,0.0,22.3125,0.0,2499,2499,0
cut_mAL_bridge_to_pC1,65.0,pIP10,2,30.0,1.0875,16.548463356973993,14.318630678077682,0.0,43.5,0.0,87,87,0
cut_mAL_bridge_to_pC1,65.0,pMP2,2,30.0,0.8625,13.396375098502757,11.356155365371954,0.0,34.5,0.0,69,69,0
cut_mAL_bridge_to_pC1,65.0,mAL_all,73,8.493150684931507,0.39623287671232876,6.093677472284292,5.217022734856205,0.0,15.849315068493151,0.0,1157,1157,0
cut_mAL_bridge_to_pC1,65.0,mAL_bridge,13,5.384615384615384,0.20192307692307693,3.121779717524398,2.6586316908897554,0.0,8.076923076923077,0.0,105,105,0
cut_mAL_bridge_to_pC1,75.0,auditory_input,93,20.0,1.0,13.661202185792348,11.668611435239205,0.0,40.0,0.0,3720,3720,0
cut_mAL_bridge_to_pC1,75.0,aPN1,15,8.0,0.3933333333333333,5.373406193078324,4.589653831194088,0.0,15.733333333333333,0.0,236,236,0
cut_mAL_bridge_to_pC1,75.0,vPN1,11,12.727272727272727,0.5454545454545454,7.327372081470442,6.364697146494113,0.0,21.818181818181817,0.0,240,240,0
cut_mAL_bridge_to_pC1,75.0,pC1,112,13.57142857142857,0.5712053571428571,7.605142466822795,6.665173362227037,0.0,22.848214285714285,0.0,2559,2559,0
cut_mAL_bridge_to_pC1,75.0,pIP10,2,65.0,1.3,17.247267759562842,15.169194865810969,0.0,52.0,0.0,104,104,0
cut_mAL_bridge_to_pC1,75.0,pMP2,2,30.0,0.7875,10.075136612021858,9.189031505250876,0.0,31.5,0.0,63,63,0
cut_mAL_bridge_to_pC1,75.0,mAL_all,73,10.547945205479452,0.41335616438356165,5.501908825510892,4.823292466552645,0.0,16.534246575342465,0.0,1207,1207,0
cut_mAL_bridge_to_pC1,75.0,mAL_bridge,13,11.538461538461538,0.2153846153846154,2.889869693148382,2.5132393860515214,0.0,8.615384615384615,0.0,112,112,0
cut_mAL_bridge_to_pC1,85.0,auditory_input,93,20.0,1.0,12.055455093429776,10.476689366160294,0.0,40.0,0.0,3720,3720,0
cut_mAL_bridge_to_pC1,85.0,aPN1,15,8.0,0.4,4.822182037371911,4.190675746464117,0.0,16.0,0.0,240,240,0
cut_mAL_bridge_to_pC1,85.0,vPN1,11,12.727272727272727,0.5340909090909091,6.329113924050634,5.595504547835612,0.0,21.363636363636363,0.0,235,235,0
cut_mAL_bridge_to_pC1,85.0,pC1,112,14.999999999999998,0.5546875,6.504025660897271,5.811288632792038,0.0,22.1875,0.0,2485,2485,0
cut_mAL_bridge_to_pC1,85.0,pIP10,2,60.0,1.425,16.877637130801688,14.929282346778418,0.0,57.0,0.0,114,114,0
cut_mAL_bridge_to_pC1,85.0,pMP2,2,55.0,0.9375,11.151295961422543,9.821896280775276,0.0,37.5,0.0,75,75,0
cut_mAL_bridge_to_pC1,85.0,mAL_all,73,10.41095890410959,0.4023972602739726,4.735481846631491,4.215791097684365,0.0,16.095890410958905,0.0,1175,1175,0
cut_mAL_bridge_to_pC1,85.0,mAL_bridge,13,10.769230769230768,0.2,2.3647238837112257,2.0953378732320584,0.0,8.0,0.0,104,104,0
cut_mAL_bridge_to_pC1,95.0,auditory_input,93,20.0,1.0,10.787486515641856,9.505703422053232,0.0,40.0,0.0,3720,3720,0
cut_mAL_bridge_to_pC1,95.0,aPN1,15,8.0,0.395,4.261057173678533,3.7547528517110265,0.0,15.8,0.0,237,237,0
cut_mAL_bridge_to_pC1,95.0,vPN1,11,14.545454545454545,0.5613636363636364,5.957634598411297,5.336156239198064,0.0,22.454545454545453,0.0,247,247,0
cut_mAL_bridge_to_pC1,95.0,pC1,112,19.017857142857142,0.5698660714285714,5.998131453228541,5.416977865290603,0.0,22.794642857142858,0.0,2553,2553,0
cut_mAL_bridge_to_pC1,95.0,pIP10,2,50.0,1.1125,11.731391585760518,10.57509505703422,0.0,44.5,0.0,89,89,0
cut_mAL_bridge_to_pC1,95.0,pMP2,2,90.0,1.125,11.86623516720604,10.693916349809886,0.0,45.0,0.0,90,90,0
cut_mAL_bridge_to_pC1,95.0,mAL_all,73,14.246575342465754,0.42876712328767125,4.507100530507898,4.075733111099536,0.0,17.15068493150685,0.0,1252,1252,0
cut_mAL_bridge_to_pC1,95.0,mAL_bridge,13,16.923076923076923,0.2326923076923077,2.4479296323956516,2.211904065516233,0.0,9.307692307692308,0.0,121,121,0
cut_both_bridge_segments,15.0,auditory_input,93,70.0,1.0,68.02721088435374,36.76470588235294,0.0,40.0,0.0,3720,3720,0
cut_both_bridge_segments,15.0,aPN1,15,6.0,0.07,4.761904761904762,2.5735294117647056,0.0,2.8,0.0,42,42,0
cut_both_bridge_segments,15.0,vPN1,11,8.181818181818182,0.04772727272727273,3.2467532467532467,1.7546791443850267,0.0,1.9090909090909092,0.0,21,21,0
cut_both_bridge_segments,15.0,pC1,112,10.803571428571427,0.1125,7.607507288629738,4.136029411764706,0.0,4.5,0.0,504,504,0
cut_both_bridge_segments,15.0,pIP10,2,45.0,0.3625,24.659863945578234,13.32720588235294,0.0,14.5,0.0,29,29,0
cut_both_bridge_segments,15.0,pMP2,2,20.0,0.05,3.4013605442176873,1.838235294117647,0.0,2.0,0.0,4,4,0
cut_both_bridge_segments,15.0,mAL_all,73,3.5616438356164384,0.015068493150684932,1.0250675612710838,0.5539887187751813,0.0,0.6027397260273972,0.0,44,44,0
cut_both_bridge_segments,15.0,mAL_bridge,13,1.5384615384615383,0.009615384615384616,0.6541077969649398,0.35350678733031676,0.0,0.38461538461538464,0.0,5,5,0
cut_both_bridge_segments,25.0,auditory_input,93,40.86021505376344,1.0,40.89979550102249,27.06359945872801,0.0,40.0,0.0,3720,3720,0
cut_both_bridge_segments,25.0,aPN1,15,8.666666666666666,0.14,5.725971370143149,3.788903924221921,0.0,5.6,0.0,84,84,0
cut_both_bridge_segments,25.0,vPN1,11,9.09090909090909,0.07272727272727272,2.974530581892545,1.9682617788165828,0.0,2.909090909090909,0.0,32,32,0
cut_both_bridge_segments,25.0,pC1,112,12.94642857142857,0.25357142857142856,10.27972538708735,6.862555577034603,0.0,10.142857142857142,0.0,1136,1136,0
cut_both_bridge_segments,25.0,pIP10,2,60.0,0.95,38.854805725971374,25.71041948579161,0.0,38.0,0.0,76,76,0
cut_both_bridge_segments,25.0,pMP2,2,20.0,0.05,2.044989775051125,1.3531799729364005,0.0,2.0,0.0,4,4,0
cut_both_bridge_segments,25.0,mAL_all,73,4.794520547945206,0.05410958904109589,2.1850575678628457,1.4644002446845978,0.0,2.164383561643836,0.0,158,158,0
cut_both_bridge_segments,25.0,mAL_bridge,13,3.846153846153846,0.04038461538461539,1.651722510618216,1.0929530550640159,0.0,1.6153846153846154,0.0,21,21,0
cut_both_bridge_segments,35.0,auditory_input,93,29.999999999999996,1.0,29.239766081871345,21.413276231263385,0.0,40.0,0.0,3720,3720,0
cut_both_bridge_segments,35.0,aPN1,15,9.333333333333334,0.24166666666666667,7.0662768031189085,5.174875089221985,0.0,9.666666666666666,0.0,145,145,0
cut_both_bridge_segments,35.0,vPN1,11,21.818181818181817,0.5204545454545455,14.952153110047847,11.144636947634805,0.0,20.818181818181817,0.0,229,229,0
cut_both_bridge_segments,35.0,pC1,112,13.392857142857142,0.37455357142857143,10.69078947368421,8.020419088406241,0.0,14.982142857142858,0.0,1678,1678,0
cut_both_bridge_segments,35.0,pIP10,2,50.0,1.15,32.16374269005848,24.62526766595289,0.0,46.0,0.0,92,92,0
cut_both_bridge_segments,35.0,pMP2,2,20.0,0.05,1.461988304093567,1.070663811563169,0.0,2.0,0.0,4,4,0
cut_both_bridge_segments,35.0,mAL_all,73,10.684931506849315,0.28356164383561644,8.11103100216294,6.0719838080431785,0.0,11.342465753424657,0.0,828,828,0
cut_both_bridge_segments,35.0,mAL_bridge,13,6.9230769230769225,0.1346153846153846,3.879892037786775,2.882556415746994,0.0,5.384615384615385,0.0,70,70,0
cut_both_bridge_segments,45.0,auditory_input,93,29.999999999999996,1.0,22.753128555176335,17.71479185119575,0.0,40.0,0.0,3720,3720,0
cut_both_bridge_segments,45.0,aPN1,15,12.0,0.385,8.759954493742889,6.8201948627103635,0.0,15.4,0.0,231,231,0
cut_both_bridge_segments,45.0,vPN1,11,20.909090909090907,0.5386363636363637,12.048815803082014,9.541831065303164,0.0,21.545454545454547,0.0,237,237,0
cut_both_bridge_segments,45.0,pC1,112,14.82142857142857,0.42611607142857144,9.436453762392329,7.548557509806402,0.0,17.044642857142858,0.0,1909,1909,0
cut_both_bridge_segments,45.0,pIP10,2,60.0,1.375,30.716723549488055,24.357838795394155,0.0,55.0,0.0,110,110,0
cut_both_bridge_segments,45.0,pMP2,2,20.0,0.1625,3.697383390216155,2.8786536758193093,0.0,6.5,0.0,13,13,0
cut_both_bridge_segments,45.0,mAL_all,73,12.191780821917808,0.35034246575342465,7.753206476849471,6.206243857456593,0.0,14.013698630136986,0.0,1023,1023,0
cut_both_bridge_segments,45.0,mAL_bridge,13,6.9230769230769225,0.19807692307692307,4.375601645226219,3.508891462833004,0.0,7.923076923076923,0.0,103,103,0
cut_both_bridge_segments,55.0,auditory_input,93,20.0,1.0,18.6219739292365,15.105740181268882,0.0,40.0,0.0,3720,3720,0
cut_both_bridge_segments,55.0,aPN1,15,8.0,0.3983333333333333,7.4177529484792055,6.017119838872105,0.0,15.933333333333334,0.0,239,239,0
cut_both_bridge_segments,55.0,vPN1,11,12.727272727272727,0.5409090909090909,9.903504316912137,8.170832188959077,0.0,21.636363636363637,0.0,238,238,0
cut_both_bridge_segments,55.0,pC1,112,12.232142857142856,0.5091517857142858,9.261106677307795,7.691114587829089,0.0,20.366071428571427,0.0,2281,2281,0
cut_both_bridge_segments,55.0,pIP10,2,45.0,1.15,20.94972067039106,17.371601208459214,0.0,46.0,0.0,92,92,0
cut_both_bridge_segments,55.0,pMP2,2,30.0,0.775,13.966480446927374,11.706948640483382,0.0,31.0,0.0,62,62,0
cut_both_bridge_segments,55.0,mAL_all,73,9.315068493150685,0.3506849315068493,6.377388331930308,5.297355460828539,0.0,14.027397260273972,0.0,1024,1024,0
cut_both_bridge_segments,55.0,mAL_bridge,13,8.461538461538462,0.15384615384615385,2.793296089385475,2.3239600278875203,0.0,6.153846153846154,0.0,80,80,0
cut_both_bridge_segments,65.0,auditory_input,93,20.0,1.0,15.760441292356187,13.166556945358789,0.0,40.0,0.0,3720,3720,0
cut_both_bridge_segments,65.0,aPN1,15,8.0,0.4,6.304176516942475,5.266622778143516,0.0,16.0,0.0,240,240,0
cut_both_bridge_segments,65.0,vPN1,11,12.727272727272727,0.5318181818181819,8.238412493731643,7.002214375486265,0.0,21.272727272727273,0.0,234,234,0
cut_both_bridge_segments,65.0,pC1,112,12.053571428571427,0.5578125,8.562704041427445,7.344470046082948,0.0,22.3125,0.0,2499,2499,0
cut_both_bridge_segments,65.0,pIP10,2,30.0,1.0875,16.548463356973993,14.318630678077682,0.0,43.5,0.0,87,87,0
cut_both_bridge_segments,65.0,pMP2,2,30.0,0.8625,13.396375098502757,11.356155365371954,0.0,34.5,0.0,69,69,0
cut_both_bridge_segments,65.0,mAL_all,73,8.493150684931507,0.39623287671232876,6.093677472284292,5.217022734856205,0.0,15.849315068493151,0.0,1157,1157,0
cut_both_bridge_segments,65.0,mAL_bridge,13,5.384615384615384,0.20192307692307693,3.121779717524398,2.6586316908897554,0.0,8.076923076923077,0.0,105,105,0
cut_both_bridge_segments,75.0,auditory_input,93,20.0,1.0,13.661202185792348,11.668611435239205,0.0,40.0,0.0,3720,3720,0
cut_both_bridge_segments,75.0,aPN1,15,8.0,0.3933333333333333,5.373406193078324,4.589653831194088,0.0,15.733333333333333,0.0,236,236,0
cut_both_bridge_segments,75.0,vPN1,11,12.727272727272727,0.5454545454545454,7.327372081470442,6.364697146494113,0.0,21.818181818181817,0.0,240,240,0
cut_both_bridge_segments,75.0,pC1,112,13.57142857142857,0.5712053571428571,7.605142466822795,6.665173362227037,0.0,22.848214285714285,0.0,2559,2559,0
cut_both_bridge_segments,75.0,pIP10,2,65.0,1.3,17.247267759562842,15.169194865810969,0.0,52.0,0.0,104,104,0
cut_both_bridge_segments,75.0,pMP2,2,30.0,0.7875,10.075136612021858,9.189031505250876,0.0,31.5,0.0,63,63,0
cut_both_bridge_segments,75.0,mAL_all,73,10.547945205479452,0.41335616438356165,5.501908825510892,4.823292466552645,0.0,16.534246575342465,0.0,1207,1207,0
cut_both_bridge_segments,75.0,mAL_bridge,13,11.538461538461538,0.2153846153846154,2.889869693148382,2.5132393860515214,0.0,8.615384615384615,0.0,112,112,0
cut_both_bridge_segments,85.0,auditory_input,93,20.0,1.0,12.055455093429776,10.476689366160294,0.0,40.0,0.0,3720,3720,0
cut_both_bridge_segments,85.0,aPN1,15,8.0,0.4,4.822182037371911,4.190675746464117,0.0,16.0,0.0,240,240,0
cut_both_bridge_segments,85.0,vPN1,11,12.727272727272727,0.5340909090909091,6.329113924050634,5.595504547835612,0.0,21.363636363636363,0.0,235,235,0
cut_both_bridge_segments,85.0,pC1,112,14.999999999999998,0.5546875,6.504025660897271,5.811288632792038,0.0,22.1875,0.0,2485,2485,0
cut_both_bridge_segments,85.0,pIP10,2,60.0,1.425,16.877637130801688,14.929282346778418,0.0,57.0,0.0,114,114,0
cut_both_bridge_segments,85.0,pMP2,2,55.0,0.9375,11.151295961422543,9.821896280775276,0.0,37.5,0.0,75,75,0
cut_both_bridge_segments,85.0,mAL_all,73,10.41095890410959,0.40273972602739727,4.73961042714294,4.219379005001543,0.0,16.10958904109589,0.0,1176,1176,0
cut_both_bridge_segments,85.0,mAL_bridge,13,10.769230769230768,0.20192307692307693,2.3879074511985903,2.115485352782367,0.0,8.076923076923077,0.0,105,105,0
cut_both_bridge_segments,95.0,auditory_input,93,20.0,1.0,10.787486515641856,9.505703422053232,0.0,40.0,0.0,3720,3720,0
cut_both_bridge_segments,95.0,aPN1,15,8.0,0.39666666666666667,4.279036317871269,3.770595690747782,0.0,15.866666666666667,0.0,238,238,0
cut_both_bridge_segments,95.0,vPN1,11,12.727272727272727,0.5727272727272728,6.080219672452682,5.4441755962668505,0.0,22.90909090909091,0.0,252,252,0
cut_both_bridge_segments,95.0,pC1,112,11.696428571428571,0.5611607142857142,5.89940668824164,5.334227322107551,0.0,22.446428571428573,0.0,2514,2514,0
cut_both_bridge_segments,95.0,pIP10,2,40.0,1.1125,11.731391585760518,10.57509505703422,0.0,44.5,0.0,89,89,0
cut_both_bridge_segments,95.0,pMP2,2,35.0,0.925,9.573894282632146,8.792775665399239,0.0,37.0,0.0,74,74,0
cut_both_bridge_segments,95.0,mAL_all,73,9.452054794520548,0.4229452054794521,4.447991015353696,4.020391687067034,0.0,16.91780821917808,0.0,1235,1235,0
cut_both_bridge_segments,95.0,mAL_bridge,13,6.9230769230769225,0.2076923076923077,2.19898763588084,1.974261479964902,0.0,8.307692307692308,0.0,108,108,0
