timestep,cycles,synops,total,aPN1,vPN1,pC1,pIP10,pMP2,event_count,flags,event_start,state_saturation,accumulator_saturation,deadline_miss,event_overflow
0,43954,0,0,0,0,0,0,0,0,0,0,0,0,0,0
1,43954,0,0,0,0,0,0,0,0,0,0,0,0,0,0
2,43954,0,0,0,0,0,0,0,0,0,0,0,0,0,0
3,43954,0,0,0,0,0,0,0,0,0,0,0,0,0,0
4,43954,0,0,0,0,0,0,0,0,0,0,0,0,0,0
5,43954,0,0,0,0,0,0,0,0,0,0,0,0,0,0
6,43954,0,0,0,0,0,0,0,0,0,0,0,0,0,0
7,43954,0,0,0,0,0,0,0,0,0,0,0,0,0,0
8,43954,0,0,0,0,0,0,0,0,0,0,0,0,0,0
9,43954,0,0,0,0,0,0,0,0,0,0,0,0,0,0
10,43954,0,0,0,0,0,0,0,0,0,0,0,0,0,0
11,43954,0,0,0,0,0,0,0,0,0,0,0,0,0,0
12,43954,0,0,0,0,0,0,0,0,0,0,0,0,0,0
13,43954,0,0,0,0,0,0,0,0,0,0,0,0,0,0
14,43954,0,0,0,0,0,0,0,0,0,0,0,0,0,0
15,43954,0,0,0,0,0,0,0,0,0,0,0,0,0,0
16,43954,0,0,0,0,0,0,0,0,0,0,0,0,0,0
17,43954,0,0,0,0,0,0,0,0,0,0,0,0,0,0
18,43954,0,0,0,0,0,0,0,0,0,0,0,0,0,0
19,43954,0,0,0,0,0,0,0,0,0,0,0,0,0,0
20,43954,0,0,0,0,0,0,0,0,0,0,0,0,0,0
21,43954,0,0,0,0,0,0,0,0,0,0,0,0,0,0
22,43954,0,0,0,0,0,0,0,0,0,0,0,0,0,0
23,43954,0,0,0,0,0,0,0,0,0,0,0,0,0,0
24,43954,0,0,0,0,0,0,0,0,0,0,0,0,0,0
25,43954,0,0,0,0,0,0,0,0,0,0,0,0,0,0
26,43954,0,0,0,0,0,0,0,0,0,0,0,0,0,0
27,43954,0,0,0,0,0,0,0,0,0,0,0,0,0,0
28,43954,0,0,0,0,0,0,0,0,0,0,0,0,0,0
29,43954,0,0,0,0,0,0,0,0,0,0,0,0,0,0
30,43954,0,0,0,0,0,0,0,0,0,0,0,0,0,0
31,43954,0,0,0,0,0,0,0,0,0,0,0,0,0,0
32,43954,0,0,0,0,0,0,0,0,0,0,0,0,0,0
33,43954,0,0,0,0,0,0,0,0,0,0,0,0,0,0
34,43954,0,0,0,0,0,0,0,0,0,0,0,0,0,0
35,43954,0,0,0,0,0,0,0,0,0,0,0,0,0,0
36,43954,0,0,0,0,0,0,0,0,0,0,0,0,0,0
37,43954,0,0,0,0,0,0,0,0,0,0,0,0,0,0
38,43954,0,0,0,0,0,0,0,0,0,0,0,0,0,0
39,43954,0,0,0,0,0,0,0,0,0,0,0,0,0,0
40,43954,0,0,0,0,0,0,0,0,0,0,0,0,0,0
41,43954,0,0,0,0,0,0,0,0,0,0,0,0,0,0
42,43954,0,0,0,0,0,0,0,0,0,0,0,0,0,0
43,43954,0,0,0,0,0,0,0,0,0,0,0,0,0,0
44,43954,0,0,0,0,0,0,0,0,0,0,0,0,0,0
45,43954,0,0,0,0,0,0,0,0,0,0,0,0,0,0
46,43954,0,0,0,0,0,0,0,0,0,0,0,0,0,0
47,43954,0,0,0,0,0,0,0,0,0,0,0,0,0,0
48,43954,0,0,0,0,0,0,0,0,0,0,0,0,0,0
49,43954,0,0,0,0,0,0,0,0,0,0,0,0,0,0
50,43954,0,0,0,0,0,0,0,0,0,0,0,0,0,0
51,43954,0,0,0,0,0,0,0,0,0,0,0,0,0,0
52,43954,0,0,0,0,0,0,0,0,0,0,0,0,0,0
53,43954,0,0,0,0,0,0,0,0,0,0,0,0,0,0
54,43954,0,0,0,0,0,0,0,0,0,0,0,0,0,0
55,43954,0,0,0,0,0,0,0,0,0,0,0,0,0,0
56,43954,0,0,0,0,0,0,0,0,0,0,0,0,0,0
57,43954,0,0,0,0,0,0,0,0,0,0,0,0,0,0
58,43954,0,0,0,0,0,0,0,0,0,0,0,0,0,0
59,43954,0,0,0,0,0,0,0,0,0,0,0,0,0,0
60,43954,0,0,0,0,0,0,0,0,0,0,0,0,0,0
61,43954,0,0,0,0,0,0,0,0,0,0,0,0,0,0
62,43954,0,0,0,0,0,0,0,0,0,0,0,0,0,0
63,43954,0,0,0,0,0,0,0,0,0,0,0,0,0,0
64,43954,0,0,0,0,0,0,0,0,0,0,0,0,0,0
65,43954,0,0,0,0,0,0,0,0,0,0,0,0,0,0
66,43954,0,0,0,0,0,0,0,0,0,0,0,0,0,0
67,43954,0,0,0,0,0,0,0,0,0,0,0,0,0,0
68,43954,0,0,0,0,0,0,0,0,0,0,0,0,0,0
69,43954,0,0,0,0,0,0,0,0,0,0,0,0,0,0
70,43954,0,0,0,0,0,0,0,0,0,0,0,0,0,0
71,43954,0,0,0,0,0,0,0,0,0,0,0,0,0,0
72,43954,0,0,0,0,0,0,0,0,0,0,0,0,0,0
73,43954,0,0,0,0,0,0,0,0,0,0,0,0,0,0
74,43954,0,0,0,0,0,0,0,0,0,0,0,0,0,0
75,43954,0,0,0,0,0,0,0,0,0,0,0,0,0,0
76,43954,0,0,0,0,0,0,0,0,0,0,0,0,0,0
77,43954,0,0,0,0,0,0,0,0,0,0,0,0,0,0
78,43954,0,0,0,0,0,0,0,0,0,0,0,0,0,0
79,43954,0,0,0,0,0,0,0,0,0,0,0,0,0,0
80,43954,0,0,0,0,0,0,0,0,0,0,0,0,0,0
81,43954,0,0,0,0,0,0,0,0,0,0,0,0,0,0
82,43954,0,0,0,0,0,0,0,0,0,0,0,0,0,0
83,43954,0,0,0,0,0,0,0,0,0,0,0,0,0,0
84,43954,0,0,0,0,0,0,0,0,0,0,0,0,0,0
85,43954,0,0,0,0,0,0,0,0,0,0,0,0,0,0
86,43954,0,0,0,0,0,0,0,0,0,0,0,0,0,0
87,43954,0,0,0,0,0,0,0,0,0,0,0,0,0,0
88,43954,0,0,0,0,0,0,0,0,0,0,0,0,0,0
89,43954,0,0,0,0,0,0,0,0,0,0,0,0,0,0
90,43954,0,0,0,0,0,0,0,0,0,0,0,0,0,0
91,43954,0,0,0,0,0,0,0,0,0,0,0,0,0,0
92,43954,0,0,0,0,0,0,0,0,0,0,0,0,0,0
93,43954,0,0,0,0,0,0,0,0,0,0,0,0,0,0
94,43954,0,0,0,0,0,0,0,0,0,0,0,0,0,0
95,43954,0,0,0,0,0,0,0,0,0,0,0,0,0,0
96,43954,0,0,0,0,0,0,0,0,0,0,0,0,0,0
97,43954,0,0,0,0,0,0,0,0,0,0,0,0,0,0
98,43954,0,0,0,0,0,0,0,0,0,0,0,0,0,0
99,43954,0,0,0,0,0,0,0,0,0,0,0,0,0,0
100,51013,2260,93,0,0,0,0,0,93,0,0,0,0,0,0
101,78166,11266,138,6,0,0,0,0,138,0,93,0,0,0,0
102,124591,26557,322,0,2,0,0,0,322,0,231,0,0,0,0
103,199063,51067,636,0,4,14,0,0,636,0,553,0,0,0,0
104,166432,40210,616,0,1,29,2,0,616,0,1189,0,0,0,0
105,105691,20233,346,0,1,9,0,2,346,0,1805,0,0,0,0
106,96541,17302,227,0,0,2,0,0,227,0,2151,0,0,0,0
107,65470,7075,97,0,0,2,0,0,97,0,2378,0,0,0,0
108,56749,4207,58,0,0,2,0,1,58,0,2475,0,0,0,0
109,58240,4693,69,0,0,1,0,1,69,0,2533,0,0,0,0
110,53404,3098,52,0,0,0,0,0,52,0,2602,0,0,0,0
111,49219,1729,26,0,0,0,0,0,26,0,2654,0,0,0,0
112,45868,626,12,0,0,0,0,0,12,0,2680,0,0,0,0
113,45247,424,7,0,0,0,0,0,7,0,2692,0,0,0,0
114,49423,1799,24,0,0,0,0,0,24,0,2699,0,0,0,0
115,45478,497,11,0,0,0,0,0,11,0,2723,0,0,0,0
116,45751,589,10,0,0,0,0,0,10,0,2734,0,0,0,0
117,44155,65,2,0,0,0,0,0,2,0,2744,0,0,0,0
118,45226,418,6,0,0,0,0,0,6,0,2746,0,0,0,0
119,43954,0,0,0,0,0,0,0,0,0,2752,0,0,0,0
120,43954,0,0,0,0,0,0,0,0,0,2752,0,0,0,0
121,43954,0,0,0,0,0,0,0,0,0,2752,0,0,0,0
122,43954,0,0,0,0,0,0,0,0,0,2752,0,0,0,0
123,43954,0,0,0,0,0,0,0,0,0,2752,0,0,0,0
124,43954,0,0,0,0,0,0,0,0,0,2752,0,0,0,0
125,43954,0,0,0,0,0,0,0,0,0,2752,0,0,0,0
126,43954,0,0,0,0,0,0,0,0,0,2752,0,0,0,0
127,43954,0,0,0,0,0,0,0,0,0,2752,0,0,0,0
128,43954,0,0,0,0,0,0,0,0,0,2752,0,0,0,0
129,43954,0,0,0,0,0,0,0,0,0,2752,0,0,0,0
130,43954,0,0,0,0,0,0,0,0,0,2752,0,0,0,0
131,43954,0,0,0,0,0,0,0,0,0,2752,0,0,0,0
132,43954,0,0,0,0,0,0,0,0,0,2752,0,0,0,0
133,43954,0,0,0,0,0,0,0,0,0,2752,0,0,0,0
134,43954,0,0,0,0,0,0,0,0,0,2752,0,0,0,0
135,50305,2033,84,0,0,0,0,0,84,0,2752,0,0,0,0
136,70264,8658,112,4,0,0,0,0,112,0,2836,0,0,0,0
137,94726,16718,206,0,0,0,0,0,206,0,2948,0,0,0,0
138,103429,19633,192,0,4,2,0,0,192,0,3154,0,0,0,0
139,109147,21467,264,0,1,23,0,0,264,0,3346,0,0,0,0
140,105082,20075,301,0,0,12,2,0,301,0,3610,0,0,0,0
141,82552,12658,208,0,0,1,0,0,208,0,3911,0,0,0,0
142,77434,11003,157,0,0,1,0,0,157,0,4119,0,0,0,0
143,60910,5577,75,0,0,0,0,0,75,0,4276,0,0,0,0
144,50359,2094,41,0,0,0,0,0,41,0,4351,0,0,0,0
145,52798,2924,24,0,0,0,0,0,24,0,4392,0,0,0,0
146,48115,1376,11,0,0,0,0,0,11,0,4416,0,0,0,0
147,45499,505,10,0,0,0,0,0,10,0,4427,0,0,0,0
148,45820,609,13,0,0,0,0,0,13,0,4437,0,0,0,0
149,46780,928,14,0,0,0,0,0,14,0,4450,0,0,0,0
150,49540,1845,17,0,0,0,0,0,17,0,4464,0,0,0,0
151,46111,710,9,0,0,0,0,0,9,0,4481,0,0,0,0
152,44347,128,3,0,0,0,0,0,3,0,4490,0,0,0,0
153,46366,793,11,0,0,0,0,0,11,0,4493,0,0,0,0
154,45964,663,7,0,0,0,0,0,7,0,4504,0,0,0,0
155,48559,1524,11,0,0,0,0,0,11,0,4511,0,0,0,0
156,49672,1885,21,0,0,0,0,0,21,0,4522,0,0,0,0
157,48085,1358,19,0,0,0,0,0,19,0,4543,0,0,0,0
158,46609,875,10,0,0,0,0,0,10,0,4562,0,0,0,0
159,45895,645,2,0,0,0,0,0,2,0,4572,0,0,0,0
160,43954,0,0,0,0,0,0,0,0,0,4574,0,0,0,0
161,43954,0,0,0,0,0,0,0,0,0,4574,0,0,0,0
162,43954,0,0,0,0,0,0,0,0,0,4574,0,0,0,0
163,43954,0,0,0,0,0,0,0,0,0,4574,0,0,0,0
164,43954,0,0,0,0,0,0,0,0,0,4574,0,0,0,0
165,43954,0,0,0,0,0,0,0,0,0,4574,0,0,0,0
166,43954,0,0,0,0,0,0,0,0,0,4574,0,0,0,0
167,43954,0,0,0,0,0,0,0,0,0,4574,0,0,0,0
168,43954,0,0,0,0,0,0,0,0,0,4574,0,0,0,0
169,43954,0,0,0,0,0,0,0,0,0,4574,0,0,0,0
170,50812,2196,90,0,0,0,0,0,90,0,4574,0,0,0,0
171,71191,8964,115,4,0,0,0,0,115,0,4664,0,0,0,0
172,86650,14040,192,0,1,0,0,0,192,0,4779,0,0,0,0
173,99898,18461,187,0,3,4,0,0,187,0,4971,0,0,0,0
174,102193,19182,231,0,0,17,0,0,231,0,5158,0,0,0,0
175,83002,12835,181,0,0,8,0,0,181,0,5389,0,0,0,0
176,70291,8643,136,0,0,4,2,0,136,0,5570,0,0,0,0
177,79765,11787,150,0,0,0,0,0,150,0,5706,0,0,0,0
178,61522,5766,90,0,0,1,0,0,90,0,5856,0,0,0,0
179,50884,2269,41,0,0,0,0,0,41,0,5946,0,0,0,0
180,47680,1225,17,0,0,0,0,0,17,0,5987,0,0,0,0
181,44632,221,5,0,0,0,0,0,5,0,6004,0,0,0,0
182,46813,942,11,0,0,0,0,0,11,0,6009,0,0,0,0
183,49927,1971,20,0,0,0,0,0,20,0,6020,0,0,0,0
184,47944,1320,10,0,0,0,0,0,10,0,6040,0,0,0,0
185,44824,286,4,0,0,0,0,0,4,0,6050,0,0,0,0
186,43954,0,0,0,0,0,0,0,0,0,6054,0,0,0,0
187,43954,0,0,0,0,0,0,0,0,0,6054,0,0,0,0
188,43954,0,0,0,0,0,0,0,0,0,6054,0,0,0,0
189,43954,0,0,0,0,0,0,0,0,0,6054,0,0,0,0
190,43954,0,0,0,0,0,0,0,0,0,6054,0,0,0,0
191,43954,0,0,0,0,0,0,0,0,0,6054,0,0,0,0
192,43954,0,0,0,0,0,0,0,0,0,6054,0,0,0,0
193,43954,0,0,0,0,0,0,0,0,0,6054,0,0,0,0
194,43954,0,0,0,0,0,0,0,0,0,6054,0,0,0,0
195,43954,0,0,0,0,0,0,0,0,0,6054,0,0,0,0
196,43954,0,0,0,0,0,0,0,0,0,6054,0,0,0,0
197,43954,0,0,0,0,0,0,0,0,0,6054,0,0,0,0
198,43954,0,0,0,0,0,0,0,0,0,6054,0,0,0,0
199,43954,0,0,0,0,0,0,0,0,0,6054,0,0,0,0
200,43954,0,0,0,0,0,0,0,0,0,6054,0,0,0,0
201,43954,0,0,0,0,0,0,0,0,0,6054,0,0,0,0
202,43954,0,0,0,0,0,0,0,0,0,6054,0,0,0,0
203,43954,0,0,0,0,0,0,0,0,0,6054,0,0,0,0
204,43954,0,0,0,0,0,0,0,0,0,6054,0,0,0,0
205,50539,2108,87,0,0,0,0,0,87,0,6054,0,0,0,0
206,71863,9185,118,4,0,0,0,0,118,0,6141,0,0,0,0
207,92992,16142,204,0,0,0,0,0,204,0,6259,0,0,0,0
208,104689,20006,239,0,5,1,0,0,239,0,6463,0,0,0,0
209,117949,24371,294,0,0,26,0,0,294,0,6702,0,0,0,0
210,112201,22448,301,0,0,16,1,0,301,0,6996,0,0,0,0
211,85132,13521,205,0,0,3,1,0,205,0,7297,0,0,0,0
212,79225,11601,156,0,0,0,0,0,156,0,7502,0,0,0,0
213,56527,4122,69,0,0,1,0,0,69,0,7658,0,0,0,0
214,53020,2985,37,0,0,0,0,0,37,0,7727,0,0,0,0
215,49036,1671,23,0,0,0,0,0,23,0,7764,0,0,0,0
216,49159,1708,27,0,0,0,0,0,27,0,7787,0,0,0,0
217,52855,2931,36,0,0,0,0,0,36,0,7814,0,0,0,0
218,52021,2661,28,0,0,0,0,0,28,0,7850,0,0,0,0
219,45418,483,5,0,0,0,0,0,5,0,7878,0,0,0,0
220,43954,0,0,0,0,0,0,0,0,0,7883,0,0,0,0
221,43954,0,0,0,0,0,0,0,0,0,7883,0,0,0,0
222,43954,0,0,0,0,0,0,0,0,0,7883,0,0,0,0
223,43954,0,0,0,0,0,0,0,0,0,7883,0,0,0,0
224,43954,0,0,0,0,0,0,0,0,0,7883,0,0,0,0
225,43954,0,0,0,0,0,0,0,0,0,7883,0,0,0,0
226,43954,0,0,0,0,0,0,0,0,0,7883,0,0,0,0
227,43954,0,0,0,0,0,0,0,0,0,7883,0,0,0,0
228,43954,0,0,0,0,0,0,0,0,0,7883,0,0,0,0
229,43954,0,0,0,0,0,0,0,0,0,7883,0,0,0,0
230,43954,0,0,0,0,0,0,0,0,0,7883,0,0,0,0
231,43954,0,0,0,0,0,0,0,0,0,7883,0,0,0,0
232,43954,0,0,0,0,0,0,0,0,0,7883,0,0,0,0
233,43954,0,0,0,0,0,0,0,0,0,7883,0,0,0,0
234,43954,0,0,0,0,0,0,0,0,0,7883,0,0,0,0
235,43954,0,0,0,0,0,0,0,0,0,7883,0,0,0,0
236,43954,0,0,0,0,0,0,0,0,0,7883,0,0,0,0
237,43954,0,0,0,0,0,0,0,0,0,7883,0,0,0,0
238,43954,0,0,0,0,0,0,0,0,0,7883,0,0,0,0
239,43954,0,0,0,0,0,0,0,0,0,7883,0,0,0,0
240,50872,2215,91,0,0,0,0,0,91,0,7883,0,0,0,0
241,71686,9128,116,4,0,0,0,0,116,0,7974,0,0,0,0
242,90319,15253,202,0,1,0,0,0,202,0,8090,0,0,0,0
243,120340,25186,276,0,5,11,0,0,276,0,8292,0,0,0,0
244,124144,26383,347,0,0,20,0,0,347,0,8568,0,0,0,0
245,100996,18739,275,0,0,10,2,0,275,0,8915,0,0,0,0
246,89050,14818,214,0,0,4,0,0,214,0,9190,0,0,0,0
247,71944,9199,131,0,0,1,0,0,131,0,9404,0,0,0,0
248,63592,6464,82,0,0,0,0,0,82,0,9535,0,0,0,0
249,53155,3025,42,0,0,0,0,0,42,0,9617,0,0,0,0
250,59818,5226,62,0,0,0,0,0,62,0,9659,0,0,0,0
251,58159,4681,54,0,0,0,0,0,54,0,9721,0,0,0,0
252,53188,3038,40,0,0,0,0,0,40,0,9775,0,0,0,0
253,52789,2913,32,0,0,0,0,0,32,0,9815,0,0,0,0
254,49708,1901,17,0,0,0,0,0,17,0,9847,0,0,0,0
255,46903,971,12,0,0,0,0,0,12,0,9864,0,0,0,0
256,46426,813,11,0,0,0,0,0,11,0,9876,0,0,0,0
257,45634,550,10,0,0,0,0,0,10,0,9887,0,0,0,0
258,47338,1113,15,0,0,0,0,0,15,0,9897,0,0,0,0
259,47419,1144,11,0,0,0,0,0,11,0,9912,0,0,0,0
260,46333,779,14,0,0,0,0,0,14,0,9923,0,0,0,0
261,48349,1455,10,0,0,0,0,0,10,0,9937,0,0,0,0
262,43954,0,0,0,0,0,0,0,0,0,9947,0,0,0,0
263,43954,0,0,0,0,0,0,0,0,0,9947,0,0,0,0
264,43954,0,0,0,0,0,0,0,0,0,9947,0,0,0,0
265,43954,0,0,0,0,0,0,0,0,0,9947,0,0,0,0
266,43954,0,0,0,0,0,0,0,0,0,9947,0,0,0,0
267,43954,0,0,0,0,0,0,0,0,0,9947,0,0,0,0
268,43954,0,0,0,0,0,0,0,0,0,9947,0,0,0,0
269,43954,0,0,0,0,0,0,0,0,0,9947,0,0,0,0
270,43954,0,0,0,0,0,0,0,0,0,9947,0,0,0,0
271,43954,0,0,0,0,0,0,0,0,0,9947,0,0,0,0
272,43954,0,0,0,0,0,0,0,0,0,9947,0,0,0,0
273,43954,0,0,0,0,0,0,0,0,0,9947,0,0,0,0
274,43954,0,0,0,0,0,0,0,0,0,9947,0,0,0,0
275,50596,2127,87,0,0,0,0,0,87,0,9947,0,0,0,0
276,70549,8750,115,3,0,0,0,0,115,0,10034,0,0,0,0
277,88411,14626,193,0,0,0,0,0,193,0,10149,0,0,0,0
278,99598,18345,203,0,5,1,0,0,203,0,10342,0,0,0,0
279,108691,21327,252,0,0,19,0,0,252,0,10545,0,0,0,0
280,78664,11408,162,0,0,10,0,0,162,0,10797,0,0,0,0
281,68164,7923,147,0,0,4,2,0,147,0,10959,0,0,0,0
282,81217,12266,155,0,0,1,0,0,155,0,11106,0,0,0,0
283,59737,5175,86,0,0,2,0,0,86,0,11261,0,0,0,0
284,55720,3852,70,0,0,0,0,0,70,0,11347,0,0,0,0
285,50650,2201,31,0,0,0,0,0,31,0,11417,0,0,0,0
286,44953,325,8,0,0,0,0,0,8,0,11448,0,0,0,0
287,45103,375,8,0,0,0,0,0,8,0,11456,0,0,0,0
288,45709,577,8,0,0,0,0,0,8,0,11464,0,0,0,0
289,45877,634,7,0,0,0,0,0,7,0,11472,0,0,0,0
290,46018,682,6,0,0,0,0,0,6,0,11479,0,0,0,0
291,43954,0,0,0,0,0,0,0,0,0,11485,0,0,0,0
292,43954,0,0,0,0,0,0,0,0,0,11485,0,0,0,0
293,43954,0,0,0,0,0,0,0,0,0,11485,0,0,0,0
294,43954,0,0,0,0,0,0,0,0,0,11485,0,0,0,0
295,43954,0,0,0,0,0,0,0,0,0,11485,0,0,0,0
296,43954,0,0,0,0,0,0,0,0,0,11485,0,0,0,0
297,43954,0,0,0,0,0,0,0,0,0,11485,0,0,0,0
298,43954,0,0,0,0,0,0,0,0,0,11485,0,0,0,0
299,43954,0,0,0,0,0,0,0,0,0,11485,0,0,0,0
300,43954,0,0,0,0,0,0,0,0,0,11485,0,0,0,0
301,43954,0,0,0,0,0,0,0,0,0,11485,0,0,0,0
302,43954,0,0,0,0,0,0,0,0,0,11485,0,0,0,0
303,43954,0,0,0,0,0,0,0,0,0,11485,0,0,0,0
304,43954,0,0,0,0,0,0,0,0,0,11485,0,0,0,0
305,43954,0,0,0,0,0,0,0,0,0,11485,0,0,0,0
306,43954,0,0,0,0,0,0,0,0,0,11485,0,0,0,0
307,43954,0,0,0,0,0,0,0,0,0,11485,0,0,0,0
308,43954,0,0,0,0,0,0,0,0,0,11485,0,0,0,0
309,43954,0,0,0,0,0,0,0,0,0,11485,0,0,0,0
310,50929,2233,92,0,0,0,0,0,92,0,11485,0,0,0,0
311,71881,9193,116,4,0,0,0,0,116,0,11577,0,0,0,0
312,99796,18380,234,0,1,0,0,0,234,0,11693,0,0,0,0
313,121177,25451,290,0,4,5,0,0,290,0,11927,0,0,0,0
314,137107,30663,388,0,1,27,0,0,388,0,12217,0,0,0,0
315,103420,19504,318,0,0,11,2,0,318,0,12605,0,0,0,0
316,92293,15881,232,0,1,2,0,0,232,0,12923,0,0,0,0
317,76210,10598,154,0,0,0,0,0,154,0,13155,0,0,0,0
318,59458,5094,74,0,0,0,0,0,74,0,13309,0,0,0,0
319,64942,6901,95,0,0,0,0,0,95,0,13383,0,0,0,0
320,53893,3261,52,0,0,0,0,0,52,0,13478,0,0,0,0
321,50368,2105,33,0,0,0,0,0,33,0,13530,0,0,0,0
322,46834,940,20,0,0,0,0,0,20,0,13563,0,0,0,0
323,46696,895,19,0,0,0,0,0,19,0,13583,0,0,0,0
324,48871,1618,21,0,0,0,0,0,21,0,13602,0,0,0,0
325,49639,1877,18,0,0,0,0,0,18,0,13623,0,0,0,0
326,50371,2114,25,0,0,0,0,0,25,0,13641,0,0,0,0
327,45769,598,7,0,0,0,0,0,7,0,13666,0,0,0,0
328,44146,62,2,0,0,0,0,0,2,0,13673,0,0,0,0
329,43954,0,0,0,0,0,0,0,0,0,13675,0,0,0,0
330,43954,0,0,0,0,0,0,0,0,0,13675,0,0,0,0
331,43954,0,0,0,0,0,0,0,0,0,13675,0,0,0,0
332,43954,0,0,0,0,0,0,0,0,0,13675,0,0,0,0
333,43954,0,0,0,0,0,0,0,0,0,13675,0,0,0,0
334,43954,0,0,0,0,0,0,0,0,0,13675,0,0,0,0
335,43954,0,0,0,0,0,0,0,0,0,13675,0,0,0,0
336,43954,0,0,0,0,0,0,0,0,0,13675,0,0,0,0
337,43954,0,0,0,0,0,0,0,0,0,13675,0,0,0,0
338,43954,0,0,0,0,0,0,0,0,0,13675,0,0,0,0
339,43954,0,0,0,0,0,0,0,0,0,13675,0,0,0,0
340,43954,0,0,0,0,0,0,0,0,0,13675,0,0,0,0
341,43954,0,0,0,0,0,0,0,0,0,13675,0,0,0,0
342,43954,0,0,0,0,0,0,0,0,0,13675,0,0,0,0
343,43954,0,0,0,0,0,0,0,0,0,13675,0,0,0,0
344,43954,0,0,0,0,0,0,0,0,0,13675,0,0,0,0
345,50398,2063,85,0,0,0,0,0,85,0,13675,0,0,0,0
346,70345,8685,112,4,0,0,0,0,112,0,13760,0,0,0,0
347,87961,14474,195,0,0,0,0,0,195,0,13872,0,0,0,0
348,105595,20338,209,0,5,3,0,0,209,0,14067,0,0,0,0
349,119008,24705,313,0,1,23,0,0,313,0,14276,0,0,0,0
